{"type":"FeatureCollection","features":[{"type":"Feature","properties":{"county_code":"09007","county_name":"連江縣","county_id":"Z","county_eng":"Lienchiang County"},"geometry":{"type":"MultiPolygon","coordinates":[[[[119.96445,25.94552],[119.96455,25.94567],[119.96421,25.94564],[119.96445,25.94552]]],[[[119.96469,25.94687],[119.96434,25.9469],[119.96424,25.94677],[119.96469,25.94687]]],[[[119.96432,25.94638],[119.96346,25.94699],[119.96204,25.94547],[119.96298,25.94516],[119.96092,25.94238],[119.96141,25.94101],[119.96357,25.94323],[119.96415,25.94265],[119.96432,25.94638]]],[[[119.9848,25.9643],[119.98485,25.96442],[119.98477,25.96435],[119.9848,25.9643]]],[[[119.98536,25.96461],[119.98585,25.96473],[119.98537,25.96484],[119.98536,25.96461]]],[[[119.98939,25.97038],[119.98897,25.97083],[119.98801,25.96996],[119.99008,25.97003],[119.98939,25.97038]]],[[[119.98484,25.97059],[119.98409,25.97077],[119.98377,25.96964],[119.98198,25.96902],[119.98304,25.96725],[119.98183,25.96647],[119.9785,25.96719],[119.97832,25.96851],[119.97427,25.96839],[119.97151,25.96706],[119.97148,25.96409],[119.96954,25.96046],[119.96624,25.95841],[119.96437,25.95884],[119.96374,25.95804],[119.96219,25.95811],[119.965,25.95824],[119.96559,25.95627],[119.96408,25.95506],[119.96216,25.95013],[119.96045,25.95018],[119.96211,25.94996],[119.96301,25.9487],[119.96494,25.94921],[119.96529,25.95099],[119.96742,25.95127],[119.97147,25.95663],[119.97293,25.95373],[119.97393,25.95333],[119.97498,25.95393],[119.97468,25.95527],[119.9762,25.95513],[119.97715,25.95642],[119.97895,25.9562],[119.97856,25.95966],[119.98042,25.95978],[119.98493,25.96251],[119.98463,25.96379],[119.98367,25.96421],[119.98454,25.96418],[119.98678,25.966],[119.98719,25.96674],[119.9866,25.96719],[119.98859,25.96813],[119.98866,25.9688],[119.98735,25.96886],[119.98797,25.97037],[119.98674,25.96981],[119.98618,25.97063],[119.98484,25.97059]]],[[[119.97622,25.9724],[119.97621,25.97235],[119.97628,25.97238],[119.97622,25.9724]]],[[[119.96448,25.97237],[119.96468,25.97264],[119.96424,25.97246],[119.96448,25.97237]]],[[[119.97661,25.97304],[119.97657,25.97302],[119.97659,25.97302],[119.97661,25.97304]]],[[[119.97416,25.97307],[119.9742,25.97315],[119.9741,25.97312],[119.97416,25.97307]]],[[[119.97739,25.974],[119.97743,25.97409],[119.97735,25.97404],[119.97739,25.974]]],[[[119.97751,25.97421],[119.97755,25.97418],[119.97756,25.97421],[119.97751,25.97421]]],[[[119.96746,25.97424],[119.96748,25.97442],[119.96731,25.97427],[119.96746,25.97424]]],[[[119.96499,25.97425],[119.96516,25.97446],[119.96484,25.97444],[119.96499,25.97425]]],[[[119.9653,25.97459],[119.96521,25.97469],[119.96534,25.97439],[119.9653,25.97459]]],[[[119.96627,25.97487],[119.96621,25.97496],[119.96617,25.97489],[119.96627,25.97487]]],[[[119.96642,25.97492],[119.96641,25.97502],[119.96631,25.97493],[119.96642,25.97492]]],[[[119.96667,25.97468],[119.96596,25.97505],[119.96494,25.97413],[119.9653,25.97287],[119.96438,25.97115],[119.96595,25.97215],[119.9672,25.97169],[119.96726,25.9743],[119.96667,25.97468]]],[[[119.97648,25.9752],[119.97642,25.97524],[119.97642,25.97521],[119.97648,25.9752]]],[[[119.96638,25.97522],[119.96642,25.9753],[119.96634,25.97528],[119.96638,25.97522]]],[[[119.97657,25.9753],[119.97655,25.97522],[119.97661,25.97524],[119.97657,25.9753]]],[[[119.96615,25.97504],[119.966,25.97531],[119.96593,25.97511],[119.96615,25.97504]]],[[[119.97503,25.97528],[119.97501,25.97536],[119.97497,25.97533],[119.97503,25.97528]]],[[[119.96641,25.97532],[119.9665,25.9754],[119.96639,25.97533],[119.96641,25.97532]]],[[[119.96588,25.97526],[119.96582,25.97541],[119.96577,25.97528],[119.96588,25.97526]]],[[[119.97694,25.97538],[119.97675,25.97533],[119.97688,25.97523],[119.97694,25.97538]]],[[[119.96673,25.97503],[119.96695,25.97543],[119.9667,25.97527],[119.96673,25.97503]]],[[[119.97506,25.97549],[119.97505,25.9756],[119.97499,25.97555],[119.97506,25.97549]]],[[[119.91955,25.97467],[119.91992,25.97566],[119.91932,25.97496],[119.91955,25.97467]]],[[[119.96591,25.97559],[119.96585,25.97572],[119.9658,25.97563],[119.96591,25.97559]]],[[[119.97532,25.97578],[119.97517,25.97566],[119.97524,25.97562],[119.97532,25.97578]]],[[[119.96637,25.97585],[119.96597,25.97559],[119.96636,25.97544],[119.96637,25.97585]]],[[[119.97578,25.97592],[119.97444,25.9748],[119.97398,25.97026],[119.97728,25.9741],[119.97648,25.97409],[119.97741,25.97487],[119.97647,25.97479],[119.97578,25.97592]]],[[[119.97599,25.97608],[119.97577,25.97598],[119.97593,25.97591],[119.97599,25.97608]]],[[[119.96578,25.97616],[119.96572,25.97605],[119.96614,25.97618],[119.96578,25.97616]]],[[[119.9757,25.97661],[119.97567,25.97659],[119.97565,25.97652],[119.9757,25.97661]]],[[[119.97611,25.97662],[119.97596,25.97611],[119.97676,25.97645],[119.97611,25.97662]]],[[[119.922,25.97626],[119.92186,25.97706],[119.92164,25.97671],[119.922,25.97626]]],[[[119.94696,25.97679],[119.94712,25.97713],[119.94682,25.97707],[119.94696,25.97679]]],[[[119.92184,25.97721],[119.92187,25.97747],[119.92171,25.97741],[119.92184,25.97721]]],[[[119.94691,25.97727],[119.947,25.97749],[119.9469,25.97738],[119.94691,25.97727]]],[[[119.94719,25.97759],[119.94711,25.97774],[119.94704,25.97766],[119.94719,25.97759]]],[[[119.92228,25.97791],[119.92221,25.97834],[119.92186,25.97805],[119.92228,25.97791]]],[[[119.99178,25.98059],[119.99201,25.98071],[119.99174,25.98075],[119.99178,25.98059]]],[[[119.94814,25.98118],[119.94848,25.98136],[119.94829,25.98134],[119.94814,25.98118]]],[[[119.94812,25.98135],[119.94821,25.98143],[119.94812,25.98142],[119.94812,25.98135]]],[[[119.99246,25.9812],[119.99229,25.98155],[119.99191,25.98137],[119.99246,25.9812]]],[[[119.94819,25.98162],[119.9482,25.98166],[119.94816,25.98165],[119.94819,25.98162]]],[[[119.99262,25.98176],[119.99248,25.98197],[119.99235,25.98181],[119.99262,25.98176]]],[[[119.94617,25.98194],[119.94609,25.98206],[119.946,25.98199],[119.94617,25.98194]]],[[[119.94057,25.98211],[119.94082,25.98229],[119.94064,25.9823],[119.94057,25.98211]]],[[[119.94489,25.98229],[119.9449,25.98238],[119.94481,25.98235],[119.94489,25.98229]]],[[[119.94622,25.98229],[119.94634,25.9824],[119.94621,25.98238],[119.94622,25.98229]]],[[[119.94667,25.98232],[119.94655,25.98232],[119.94627,25.98208],[119.94667,25.98232]]],[[[119.94459,25.9821],[119.94424,25.98274],[119.94183,25.98151],[119.94001,25.982],[119.93886,25.98069],[119.93728,25.98176],[119.9334,25.97997],[119.93163,25.98163],[119.92836,25.98112],[119.9269,25.98165],[119.92524,25.98093],[119.924,25.97924],[119.92885,25.97254],[119.92882,25.97097],[119.93052,25.97188],[119.9333,25.97],[119.93329,25.96861],[119.93249,25.96916],[119.93155,25.96747],[119.93393,25.96748],[119.93831,25.97068],[119.9372,25.97178],[119.93848,25.97339],[119.93968,25.97399],[119.94193,25.97293],[119.94654,25.97694],[119.94641,25.97806],[119.94771,25.97817],[119.94849,25.9811],[119.94743,25.98139],[119.948,25.98172],[119.94507,25.98068],[119.94392,25.98185],[119.94459,25.9821]]],[[[119.94491,25.9827],[119.94471,25.9827],[119.94479,25.98245],[119.94491,25.9827]]],[[[119.99263,25.98208],[119.99285,25.98288],[119.99198,25.9824],[119.99263,25.98208]]],[[[119.94368,25.98255],[119.94375,25.98281],[119.94355,25.98279],[119.94368,25.98255]]],[[[119.94484,25.98284],[119.94482,25.98312],[119.94444,25.98306],[119.94484,25.98284]]],[[[119.95788,26.08099],[119.95795,26.08113],[119.95774,26.08111],[119.95788,26.08099]]],[[[119.96428,26.08557],[119.96439,26.08575],[119.96425,26.0857],[119.96428,26.08557]]],[[[119.9639,26.08581],[119.96355,26.08535],[119.96414,26.0855],[119.9639,26.08581]]],[[[119.96137,26.08609],[119.96135,26.08613],[119.96132,26.08611],[119.96137,26.08609]]],[[[119.96196,26.08623],[119.9618,26.08618],[119.96188,26.08616],[119.96196,26.08623]]],[[[119.96274,26.08628],[119.96137,26.08602],[119.96154,26.085],[119.96274,26.08517],[119.96274,26.08628]]],[[[119.96173,26.08628],[119.9617,26.08632],[119.9617,26.08628],[119.96173,26.08628]]],[[[119.96297,26.0863],[119.96293,26.08633],[119.96294,26.08629],[119.96297,26.0863]]],[[[119.96225,26.08628],[119.96213,26.08629],[119.96204,26.08626],[119.96225,26.08628]]],[[[119.96172,26.08659],[119.96168,26.08666],[119.96162,26.0866],[119.96172,26.08659]]],[[[119.96147,26.08677],[119.96138,26.08678],[119.96141,26.08675],[119.96147,26.08677]]],[[[119.96145,26.08702],[119.96127,26.087],[119.96136,26.08689],[119.96145,26.08702]]],[[[119.96148,26.0872],[119.96123,26.08731],[119.96126,26.08708],[119.96148,26.0872]]],[[[119.96201,26.0874],[119.96197,26.08736],[119.96207,26.08739],[119.96201,26.0874]]],[[[119.96157,26.08747],[119.96129,26.08737],[119.96169,26.0872],[119.96157,26.08747]]],[[[119.96541,26.09123],[119.9653,26.09128],[119.96529,26.09118],[119.96541,26.09123]]],[[[119.9655,26.0913],[119.9655,26.0914],[119.96546,26.09135],[119.9655,26.0913]]],[[[119.96531,26.09178],[119.96522,26.09172],[119.96541,26.09166],[119.96531,26.09178]]],[[[119.96562,26.09207],[119.96529,26.09181],[119.96584,26.09166],[119.96562,26.09207]]],[[[119.97402,26.11598],[119.97399,26.11547],[119.97433,26.11562],[119.97402,26.11598]]],[[[119.9729,26.11683],[119.97275,26.11659],[119.97305,26.11647],[119.9729,26.11683]]],[[[119.96445,26.14421],[119.96444,26.14401],[119.96471,26.1441],[119.96445,26.14421]]],[[[119.96525,26.1447],[119.96533,26.14477],[119.96527,26.14478],[119.96525,26.1447]]],[[[119.96485,26.1449],[119.9646,26.14426],[119.96528,26.1444],[119.96485,26.1449]]],[[[119.96517,26.14507],[119.96505,26.14503],[119.96511,26.1449],[119.96517,26.14507]]],[[[119.95605,26.15071],[119.95592,26.15091],[119.95555,26.15077],[119.95605,26.15071]]],[[[120.40323,26.15904],[120.40213,26.1579],[120.40289,26.15649],[120.40647,26.15547],[120.40608,26.15672],[120.40516,26.15646],[120.40475,26.15805],[120.40382,26.15742],[120.40312,26.15787],[120.40323,26.15904]]],[[[119.97109,26.16111],[119.97113,26.16122],[119.97103,26.16117],[119.97109,26.16111]]],[[[119.97087,26.16115],[119.97094,26.16126],[119.97084,26.16122],[119.97087,26.16115]]],[[[119.97115,26.16129],[119.97117,26.16138],[119.9711,26.16134],[119.97115,26.16129]]],[[[119.97036,26.16157],[119.97045,26.16167],[119.97032,26.16164],[119.97036,26.16157]]],[[[119.97075,26.16164],[119.97063,26.16169],[119.97057,26.16156],[119.97075,26.16164]]],[[[119.97033,26.1626],[119.97029,26.16269],[119.97019,26.16265],[119.97033,26.1626]]],[[[119.97339,26.16378],[119.97319,26.16371],[119.97348,26.16365],[119.97339,26.16378]]],[[[119.97278,26.16379],[119.97281,26.16387],[119.97268,26.16388],[119.97278,26.16379]]],[[[119.96388,26.16393],[119.96363,26.16384],[119.96395,26.16369],[119.96388,26.16393]]],[[[119.97314,26.16485],[119.97327,26.16498],[119.97307,26.16495],[119.97314,26.16485]]],[[[119.97374,26.16592],[119.97375,26.166],[119.97364,26.16596],[119.97374,26.16592]]],[[[119.9714,26.16827],[119.97144,26.16856],[119.9713,26.16854],[119.9714,26.16827]]],[[[119.96687,26.16749],[119.96786,26.16787],[119.96788,26.16874],[119.96503,26.167],[119.96578,26.1665],[119.96687,26.16749]]],[[[119.97283,26.16842],[119.97072,26.16722],[119.97048,26.16175],[119.97268,26.16418],[119.97242,26.165],[119.97355,26.1654],[119.97271,26.16588],[119.97391,26.16621],[119.97232,26.16583],[119.97308,26.16682],[119.97228,26.16778],[119.97283,26.16842]]],[[[119.97217,26.16872],[119.97228,26.16894],[119.97199,26.16877],[119.97217,26.16872]]],[[[119.9737,26.16894],[119.9737,26.16908],[119.97362,26.16901],[119.9737,26.16894]]],[[[119.92912,26.17205],[119.92896,26.17167],[119.92924,26.17183],[119.92912,26.17205]]],[[[119.91703,26.17518],[119.91631,26.17513],[119.91563,26.17262],[119.9169,26.17146],[119.91515,26.16944],[119.91701,26.16782],[119.9185,26.16797],[119.91916,26.1672],[119.91846,26.16552],[119.9177,26.16543],[119.91758,26.16269],[119.91501,26.16287],[119.9125,26.15959],[119.91538,26.16011],[119.91722,26.15921],[119.91766,26.1579],[119.91607,26.15577],[119.91398,26.15468],[119.91515,26.15326],[119.91074,26.14974],[119.91046,26.14767],[119.9089,26.14535],[119.91013,26.14415],[119.91303,26.14526],[119.91261,26.14257],[119.91374,26.14274],[119.91683,26.14109],[119.92071,26.14217],[119.92063,26.14134],[119.92127,26.14213],[119.92347,26.142],[119.92436,26.14095],[119.92318,26.13956],[119.92332,26.13821],[119.92442,26.13778],[119.9277,26.13987],[119.9304,26.13979],[119.93072,26.14035],[119.92907,26.14068],[119.92881,26.14159],[119.93085,26.14265],[119.93199,26.14455],[119.93358,26.14395],[119.93443,26.14569],[119.93513,26.14514],[119.93612,26.14607],[119.93724,26.14579],[119.93802,26.14289],[119.94199,26.14326],[119.94405,26.14578],[119.94651,26.14673],[119.94626,26.1484],[119.94876,26.14856],[119.94906,26.15015],[119.9484,26.15088],[119.94913,26.15141],[119.94844,26.15207],[119.94996,26.15355],[119.95235,26.15338],[119.95327,26.15234],[119.95157,26.15146],[119.95401,26.15212],[119.95423,26.15078],[119.9553,26.15074],[119.95592,26.15191],[119.9573,26.15225],[119.95942,26.15756],[119.96218,26.15842],[119.9625,26.16147],[119.96368,26.16208],[119.96289,26.16375],[119.96355,26.16492],[119.96478,26.16519],[119.96519,26.16649],[119.96042,26.16776],[119.96066,26.1683],[119.95662,26.16796],[119.9536,26.16421],[119.95266,26.1656],[119.95307,26.16744],[119.95115,26.16821],[119.95061,26.16718],[119.94902,26.16747],[119.9444,26.16497],[119.93962,26.16584],[119.94011,26.16214],[119.94186,26.15891],[119.93915,26.15707],[119.93729,26.1543],[119.93582,26.15423],[119.93584,26.15829],[119.93497,26.15953],[119.93114,26.15815],[119.92987,26.15941],[119.93027,26.16061],[119.93146,26.15999],[119.93047,26.16207],[119.92794,26.16019],[119.92392,26.16206],[119.92387,26.16462],[119.92623,26.16795],[119.92582,26.17009],[119.92839,26.16979],[119.92774,26.17095],[119.92828,26.17199],[119.92218,26.17178],[119.92029,26.17285],[119.91995,26.17505],[119.91835,26.17437],[119.91703,26.17518]]],[[[119.9183,26.17532],[119.91812,26.17558],[119.91797,26.17552],[119.9183,26.17532]]],[[[119.98074,26.18671],[119.98009,26.18734],[119.98011,26.18677],[119.98074,26.18671]]],[[[119.94834,26.19433],[119.94905,26.19558],[119.94723,26.195],[119.94744,26.19422],[119.94834,26.19433]]],[[[120.01291,26.20968],[120.0147,26.21116],[120.01259,26.21166],[120.0109,26.21043],[120.01149,26.20952],[120.01291,26.20968]]],[[[120.01577,26.2133],[120.01605,26.21387],[120.01524,26.21334],[120.01577,26.2133]]],[[[120.01556,26.21393],[120.01595,26.21425],[120.01564,26.21421],[120.01556,26.21393]]],[[[120.01242,26.21411],[120.01159,26.21376],[120.01207,26.21258],[120.01499,26.21325],[120.01242,26.21411]]],[[[120.01552,26.21425],[120.01579,26.21446],[120.0155,26.21432],[120.01552,26.21425]]],[[[120.01189,26.21562],[120.01199,26.21577],[120.01187,26.21573],[120.01189,26.21562]]],[[[120.04823,26.22582],[120.04843,26.2263],[120.04804,26.22597],[120.04823,26.22582]]],[[[119.98307,26.22636],[119.98317,26.22695],[119.98259,26.22657],[119.98307,26.22636]]],[[[120.06262,26.23331],[120.063,26.23405],[120.06226,26.23363],[120.06262,26.23331]]],[[[120.06233,26.23807],[120.06078,26.23781],[120.06068,26.23691],[120.06131,26.23664],[120.06233,26.23807]]],[[[119.99641,26.23809],[119.99527,26.2382],[119.99316,26.23647],[119.99324,26.23397],[119.9919,26.23375],[119.99151,26.23245],[119.98841,26.23079],[119.98325,26.22498],[119.98052,26.22493],[119.97975,26.22606],[119.97873,26.22601],[119.97595,26.2236],[119.97491,26.2242],[119.97413,26.22264],[119.97155,26.22092],[119.97003,26.2213],[119.96856,26.22063],[119.96743,26.22125],[119.96739,26.2191],[119.96908,26.21821],[119.96859,26.2154],[119.97106,26.21243],[119.96828,26.20931],[119.96757,26.20711],[119.96635,26.20679],[119.9656,26.20489],[119.9667,26.20345],[119.96553,26.20255],[119.96675,26.19825],[119.96646,26.19402],[119.96743,26.1937],[119.97127,26.19524],[119.9732,26.19451],[119.97353,26.19231],[119.97599,26.19325],[119.97554,26.19482],[119.97288,26.19482],[119.97357,26.1976],[119.97137,26.19938],[119.97289,26.20145],[119.97263,26.20618],[119.97146,26.20751],[119.97287,26.20926],[119.97254,26.21187],[119.97584,26.2152],[119.97767,26.21483],[119.98278,26.21736],[119.98385,26.21866],[119.98706,26.21868],[119.98936,26.21772],[119.98903,26.21506],[119.99022,26.21444],[119.99306,26.21863],[119.99463,26.21782],[119.9969,26.21815],[119.99834,26.22263],[120.00064,26.22196],[119.99903,26.21954],[120.00022,26.21872],[120.00334,26.22293],[120.007,26.22227],[120.00753,26.21942],[120.00922,26.21851],[120.00963,26.21476],[120.01163,26.21438],[120.01158,26.2173],[120.01267,26.21785],[120.01039,26.21825],[120.0098,26.21967],[120.01056,26.22121],[120.01448,26.22349],[120.01458,26.2241],[120.01364,26.22377],[120.01324,26.22453],[120.01539,26.22684],[120.01538,26.22779],[120.01049,26.22846],[120.00656,26.22651],[120.00652,26.22432],[120.00574,26.22331],[120.00364,26.22365],[120.00535,26.22715],[120.00647,26.22786],[120.00652,26.22935],[120.00529,26.23025],[120.00637,26.23406],[120.004,26.2348],[120.0019,26.23361],[120.00005,26.23799],[119.99641,26.23809]]],[[[120.01708,26.23927],[120.01421,26.23862],[120.01615,26.23781],[120.01708,26.23927]]],[[[120.01276,26.24053],[120.01087,26.23812],[120.01131,26.23563],[120.01223,26.23579],[120.01204,26.23802],[120.0141,26.23899],[120.01418,26.24],[120.01276,26.24053]]],[[[120.20239,26.24936],[120.20205,26.24906],[120.20224,26.24889],[120.20239,26.24936]]],[[[120.00449,26.25066],[120.00351,26.2512],[120.00087,26.24849],[119.99843,26.24972],[119.99623,26.24481],[119.99555,26.24463],[119.99583,26.24205],[119.99814,26.24211],[120.00119,26.24522],[120.00328,26.24521],[120.00358,26.24736],[120.00503,26.24708],[120.00648,26.25075],[120.00449,26.25066]]],[[[120.00685,26.25083],[120.00685,26.2516],[120.00659,26.25147],[120.00685,26.25083]]],[[[120.20246,26.25175],[120.20242,26.25165],[120.20254,26.25165],[120.20246,26.25175]]],[[[120.00703,26.2516],[120.00708,26.2518],[120.00702,26.25181],[120.00703,26.2516]]],[[[120.00724,26.25185],[120.00724,26.25194],[120.00718,26.25188],[120.00724,26.25185]]],[[[120.00989,26.25515],[120.00896,26.25498],[120.00867,26.25299],[120.00751,26.25194],[120.01364,26.25247],[120.01504,26.25411],[120.01381,26.25477],[120.01108,26.25396],[120.01115,26.25473],[120.00989,26.25515]]],[[[120.00961,26.25558],[120.00958,26.25579],[120.00951,26.25558],[120.00961,26.25558]]],[[[119.99273,26.25585],[119.99286,26.25627],[119.99245,26.25609],[119.99273,26.25585]]],[[[119.99322,26.25618],[119.99324,26.25648],[119.99304,26.25624],[119.99322,26.25618]]],[[[119.99334,26.25675],[119.99347,26.25688],[119.99327,26.25686],[119.99334,26.25675]]],[[[119.99313,26.25688],[119.99325,26.25703],[119.99305,26.257],[119.99313,26.25688]]],[[[119.99301,26.25713],[119.99319,26.25753],[119.99277,26.25739],[119.99301,26.25713]]],[[[119.99282,26.25851],[119.99132,26.25835],[119.99245,26.2577],[119.99282,26.25851]]],[[[119.97704,26.27234],[119.97676,26.27342],[119.97559,26.27225],[119.97704,26.27234]]],[[[119.99197,26.27929],[119.99201,26.27953],[119.99169,26.27947],[119.99197,26.27929]]],[[[119.99889,26.28046],[119.99957,26.28131],[119.99872,26.28116],[119.99889,26.28046]]],[[[119.99796,26.28147],[119.99891,26.28184],[119.99813,26.28176],[119.99796,26.28147]]],[[[119.99863,26.28224],[119.99963,26.28301],[119.99801,26.28251],[119.99863,26.28224]]],[[[119.99133,26.28229],[119.99184,26.2828],[119.99205,26.28339],[119.99133,26.28229]]],[[[119.99089,26.28234],[119.99091,26.28349],[119.98989,26.28211],[119.99089,26.28234]]],[[[119.98961,26.28187],[119.98882,26.28371],[119.98682,26.28301],[119.98617,26.28234],[119.98677,26.28009],[119.98468,26.27954],[119.98435,26.28038],[119.98319,26.28047],[119.98388,26.27938],[119.98158,26.27832],[119.98413,26.277],[119.98405,26.27483],[119.98274,26.27335],[119.97839,26.27206],[119.97995,26.27146],[119.97881,26.26963],[119.98077,26.26851],[119.98123,26.26655],[119.98791,26.26715],[119.98781,26.26817],[119.99035,26.2697],[119.99023,26.27068],[119.98873,26.27106],[119.98922,26.27196],[119.98865,26.27294],[119.99205,26.27474],[119.9923,26.27569],[119.99135,26.27701],[119.98927,26.27694],[119.99144,26.27871],[119.98879,26.27816],[119.98864,26.27985],[119.99057,26.2819],[119.98961,26.28187]]],[[[119.98668,26.28331],[119.98678,26.28382],[119.98652,26.28378],[119.98668,26.28331]]],[[[119.99035,26.28345],[119.99065,26.2843],[119.98987,26.28403],[119.99035,26.28345]]],[[[119.98635,26.28445],[119.98691,26.28519],[119.98619,26.28484],[119.98635,26.28445]]],[[[120.00857,26.29857],[120.00805,26.29808],[120.00831,26.29787],[120.00857,26.29857]]],[[[120.2137,26.33487],[120.21367,26.33521],[120.21321,26.33508],[120.2137,26.33487]]],[[[120.21618,26.33451],[120.21617,26.33523],[120.21591,26.33515],[120.21618,26.33451]]],[[[120.21402,26.33476],[120.2147,26.33524],[120.21423,26.3355],[120.21402,26.33476]]],[[[120.21726,26.33586],[120.21661,26.33606],[120.21694,26.33572],[120.21726,26.33586]]],[[[120.22414,26.33923],[120.22405,26.33948],[120.22391,26.33943],[120.22414,26.33923]]],[[[120.22739,26.34325],[120.2272,26.34376],[120.22709,26.34345],[120.22739,26.34325]]],[[[120.22761,26.34376],[120.22732,26.34449],[120.22714,26.34396],[120.22761,26.34376]]],[[[120.22893,26.34502],[120.22983,26.34547],[120.2289,26.34737],[120.2242,26.34433],[120.22208,26.34125],[120.22033,26.34183],[120.21941,26.33859],[120.21811,26.3376],[120.21806,26.33571],[120.22042,26.33633],[120.22067,26.33843],[120.22156,26.33837],[120.22151,26.33893],[120.22311,26.33853],[120.22292,26.33918],[120.22358,26.3391],[120.22574,26.34243],[120.22669,26.3426],[120.22638,26.34363],[120.22744,26.34483],[120.22822,26.34429],[120.22893,26.34502]]],[[[120.48204,26.35253],[120.48387,26.3548],[120.48214,26.35319],[120.48204,26.35253]]],[[[120.48596,26.35548],[120.48554,26.35599],[120.48521,26.35541],[120.48596,26.35548]]],[[[120.4863,26.35575],[120.48587,26.35629],[120.4858,26.35605],[120.4863,26.35575]]],[[[120.49391,26.35641],[120.49434,26.35709],[120.49374,26.35682],[120.49391,26.35641]]],[[[120.49495,26.35822],[120.49493,26.35839],[120.4948,26.35835],[120.49495,26.35822]]],[[[120.49523,26.35908],[120.49541,26.35939],[120.49523,26.35942],[120.49523,26.35908]]],[[[120.51152,26.36455],[120.51168,26.36484],[120.51119,26.3648],[120.51152,26.36455]]],[[[120.50056,26.37603],[120.50063,26.37641],[120.50047,26.37619],[120.50056,26.37603]]],[[[120.50101,26.37747],[120.50105,26.37765],[120.50089,26.37758],[120.50101,26.37747]]],[[[120.50083,26.37788],[120.50098,26.37816],[120.50064,26.37812],[120.50083,26.37788]]],[[[120.48383,26.37842],[120.48421,26.37894],[120.48364,26.37875],[120.48383,26.37842]]],[[[120.48306,26.37901],[120.48309,26.37911],[120.48299,26.37907],[120.48306,26.37901]]],[[[120.48328,26.37921],[120.48331,26.37931],[120.48321,26.37929],[120.48328,26.37921]]],[[[120.48384,26.37921],[120.48426,26.37963],[120.48374,26.37946],[120.48384,26.37921]]],[[[120.48081,26.3815],[120.48083,26.3816],[120.48073,26.38156],[120.48081,26.3815]]],[[[120.48138,26.38162],[120.48143,26.38176],[120.4813,26.38171],[120.48138,26.38162]]],[[[120.48055,26.38189],[120.48067,26.38206],[120.48057,26.382],[120.48055,26.38189]]],[[[120.48045,26.38201],[120.48047,26.3821],[120.48039,26.38209],[120.48045,26.38201]]],[[[120.48147,26.38201],[120.48163,26.38232],[120.48136,26.3822],[120.48147,26.38201]]],[[[120.48049,26.3822],[120.48053,26.38233],[120.48042,26.38228],[120.48049,26.3822]]],[[[120.08287,26.3825],[120.08261,26.38253],[120.08276,26.38228],[120.08287,26.3825]]],[[[120.08234,26.38298],[120.08218,26.38235],[120.08243,26.38217],[120.08234,26.38298]]],[[[120.47436,26.38353],[120.4744,26.38367],[120.4743,26.38363],[120.47436,26.38353]]],[[[120.48061,26.38367],[120.4807,26.38384],[120.4805,26.38377],[120.48061,26.38367]]],[[[120.47391,26.3835],[120.47414,26.38388],[120.47378,26.3836],[120.47391,26.3835]]],[[[120.47959,26.383],[120.48001,26.38394],[120.47757,26.3818],[120.47679,26.38348],[120.47404,26.38338],[120.47468,26.37965],[120.47307,26.37845],[120.47064,26.37837],[120.46925,26.37712],[120.47056,26.37446],[120.46925,26.37246],[120.46934,26.37123],[120.47001,26.37188],[120.47035,26.37108],[120.47102,26.37239],[120.47167,26.37227],[120.47397,26.37698],[120.47535,26.37701],[120.47692,26.37909],[120.47748,26.37791],[120.47669,26.37496],[120.47778,26.37393],[120.47771,26.36756],[120.48102,26.37079],[120.48535,26.36893],[120.4854,26.36547],[120.48304,26.36447],[120.48205,26.36499],[120.48379,26.36325],[120.48321,26.36056],[120.48169,26.35947],[120.48156,26.35843],[120.48401,26.35719],[120.48422,26.3558],[120.48558,26.35658],[120.48509,26.35847],[120.48606,26.35853],[120.48615,26.35979],[120.48837,26.35936],[120.48856,26.35736],[120.49298,26.35932],[120.49348,26.35689],[120.49615,26.36116],[120.4986,26.3619],[120.4988,26.36308],[120.50055,26.36444],[120.50133,26.36869],[120.50294,26.36881],[120.50456,26.36612],[120.50419,26.36557],[120.50646,26.36705],[120.50892,26.36479],[120.5113,26.36522],[120.5111,26.36831],[120.50826,26.36944],[120.50663,26.37296],[120.50588,26.37306],[120.50569,26.37183],[120.50392,26.37173],[120.50355,26.3708],[120.50256,26.37105],[120.50128,26.37317],[120.49866,26.37265],[120.49852,26.37361],[120.50048,26.37664],[120.49969,26.37844],[120.49858,26.37794],[120.49588,26.37863],[120.4942,26.37779],[120.49228,26.37503],[120.49199,26.37065],[120.49034,26.37131],[120.48894,26.37063],[120.48781,26.37183],[120.48551,26.36975],[120.48436,26.37105],[120.4835,26.37052],[120.48151,26.37123],[120.48193,26.37428],[120.48345,26.37719],[120.48228,26.38073],[120.48044,26.38084],[120.47959,26.383]]],[[[120.08615,26.38516],[120.0829,26.38433],[120.08529,26.38409],[120.08618,26.38435],[120.08615,26.38516]]],[[[120.086,26.38518],[120.08591,26.38526],[120.08592,26.38521],[120.086,26.38518]]]]}},{"type":"Feature","properties":{"county_code":"10002","county_name":"宜蘭縣","county_id":"G","county_eng":"Yilan County"},"geometry":{"type":"MultiPolygon","coordinates":[[[[121.95971,24.84494],[121.95983,24.84696],[121.95718,24.85026],[121.94947,24.85177],[121.94753,24.85125],[121.94333,24.84461],[121.94173,24.8443],[121.93518,24.84716],[121.93425,24.84557],[121.9383,24.84235],[121.941,24.83781],[121.94572,24.83552],[121.94801,24.83534],[121.95706,24.83682],[121.96147,24.83528],[121.96293,24.83593],[121.96509,24.83899],[121.96494,24.84049],[121.96066,24.84265],[121.95971,24.84494]]],[[[121.96059,24.98822],[121.95808,24.98729],[121.95525,24.98834],[121.95038,24.98833],[121.94789,24.98667],[121.94463,24.98818],[121.94041,24.98445],[121.93871,24.98488],[121.93748,24.98303],[121.93445,24.98315],[121.93349,24.9809],[121.93061,24.98104],[121.92849,24.97965],[121.92677,24.98017],[121.92274,24.9786],[121.92081,24.97972],[121.91898,24.97865],[121.91481,24.97933],[121.91096,24.97693],[121.91032,24.97478],[121.90826,24.97587],[121.90653,24.97535],[121.90542,24.97342],[121.90411,24.97467],[121.90282,24.97438],[121.8972,24.96707],[121.88957,24.96476],[121.88856,24.96318],[121.88586,24.96421],[121.88252,24.96417],[121.87605,24.96146],[121.87313,24.96154],[121.87154,24.96072],[121.86362,24.96214],[121.8609,24.96366],[121.85437,24.9616],[121.85401,24.96],[121.85256,24.95961],[121.85035,24.96118],[121.84875,24.96],[121.84685,24.96027],[121.8456,24.95932],[121.84518,24.95775],[121.84347,24.9569],[121.84296,24.95513],[121.8414,24.95427],[121.84175,24.95113],[121.84067,24.94787],[121.83924,24.94643],[121.83904,24.94464],[121.84004,24.9418],[121.84243,24.93936],[121.84673,24.93772],[121.84914,24.93033],[121.85386,24.92788],[121.8537,24.92522],[121.84559,24.91937],[121.84373,24.91573],[121.84227,24.91515],[121.83639,24.90835],[121.83328,24.90665],[121.83181,24.90491],[121.82809,24.90537],[121.827,24.90455],[121.82551,24.90527],[121.81837,24.90271],[121.81163,24.90652],[121.81045,24.9052],[121.81047,24.90363],[121.80614,24.90255],[121.80462,24.90119],[121.80336,24.90181],[121.8022,24.901],[121.79888,24.90087],[121.79716,24.90162],[121.79518,24.89976],[121.79191,24.89981],[121.79293,24.89616],[121.79,24.89346],[121.78578,24.8925],[121.78557,24.89059],[121.78298,24.89038],[121.78168,24.88947],[121.78223,24.87919],[121.78427,24.87758],[121.7852,24.87419],[121.78429,24.87363],[121.78321,24.87422],[121.77732,24.87077],[121.77518,24.86673],[121.77542,24.86509],[121.77114,24.86487],[121.76848,24.86579],[121.76739,24.86496],[121.76783,24.86366],[121.76609,24.86252],[121.76437,24.85989],[121.7633,24.86005],[121.76278,24.86126],[121.76156,24.86016],[121.7621,24.85878],[121.76098,24.8567],[121.75428,24.85641],[121.75346,24.85499],[121.75062,24.85448],[121.74796,24.85495],[121.74577,24.85286],[121.74198,24.85246],[121.73842,24.85524],[121.73659,24.8557],[121.73041,24.85525],[121.72716,24.85315],[121.7252,24.85079],[121.72191,24.84985],[121.7206,24.84875],[121.71973,24.84559],[121.71558,24.84435],[121.71426,24.84179],[121.70891,24.84055],[121.70836,24.83907],[121.70186,24.8344],[121.69916,24.83558],[121.69815,24.83421],[121.6964,24.83462],[121.69616,24.8299],[121.68764,24.82491],[121.69011,24.8215],[121.68894,24.81933],[121.68927,24.81717],[121.6883,24.81613],[121.68728,24.8162],[121.68619,24.81753],[121.68306,24.81691],[121.68123,24.81762],[121.67715,24.81409],[121.67531,24.8147],[121.67427,24.81413],[121.66904,24.81801],[121.66862,24.81679],[121.66105,24.81194],[121.66068,24.81083],[121.65311,24.81127],[121.65051,24.81297],[121.64866,24.81266],[121.64737,24.81395],[121.6462,24.81032],[121.64503,24.80929],[121.63879,24.81073],[121.63722,24.80944],[121.6304,24.80902],[121.62866,24.80796],[121.62582,24.80878],[121.62641,24.80528],[121.62594,24.80285],[121.62481,24.80161],[121.626,24.79667],[121.62546,24.79506],[121.62095,24.79251],[121.6168,24.79389],[121.61333,24.7932],[121.60963,24.79377],[121.60564,24.78913],[121.60292,24.78944],[121.59888,24.7877],[121.59197,24.78766],[121.59337,24.78503],[121.59325,24.78211],[121.59432,24.78105],[121.59439,24.77899],[121.59758,24.77217],[121.59558,24.7693],[121.59627,24.76694],[121.59343,24.76482],[121.59077,24.76135],[121.59081,24.75878],[121.58939,24.75721],[121.58897,24.75515],[121.59032,24.75125],[121.59458,24.75019],[121.59612,24.7483],[121.59466,24.74643],[121.59166,24.74492],[121.59192,24.74333],[121.59492,24.74084],[121.5953,24.73963],[121.59416,24.735],[121.595,24.73249],[121.59376,24.72954],[121.59792,24.7288],[121.59678,24.72704],[121.59056,24.72357],[121.58737,24.72019],[121.58381,24.72046],[121.57931,24.72243],[121.57805,24.72217],[121.57727,24.71488],[121.57481,24.71011],[121.57215,24.71059],[121.57037,24.71397],[121.56777,24.71157],[121.56253,24.71284],[121.55823,24.71093],[121.55637,24.71122],[121.55443,24.70837],[121.55061,24.70574],[121.54727,24.70628],[121.5434,24.70574],[121.53786,24.69985],[121.53888,24.69478],[121.53755,24.69402],[121.53777,24.69133],[121.53686,24.6885],[121.52949,24.68758],[121.52787,24.68897],[121.52713,24.68853],[121.52695,24.68526],[121.52379,24.6833],[121.5148,24.68324],[121.51368,24.68431],[121.51173,24.68436],[121.5073,24.68234],[121.50499,24.67949],[121.49902,24.67795],[121.49347,24.67338],[121.48734,24.67521],[121.48473,24.67383],[121.48181,24.67434],[121.47644,24.67376],[121.4692,24.67183],[121.45949,24.67316],[121.4553,24.66832],[121.45382,24.66432],[121.44924,24.66165],[121.44761,24.65617],[121.44899,24.65298],[121.45125,24.65168],[121.45133,24.65092],[121.44876,24.64602],[121.44507,24.64318],[121.44484,24.64105],[121.44563,24.63942],[121.44501,24.6373],[121.44054,24.6351],[121.43608,24.6274],[121.43483,24.62446],[121.43565,24.62133],[121.43476,24.61939],[121.43351,24.61879],[121.43258,24.61564],[121.43061,24.61451],[121.42768,24.60585],[121.4244,24.60301],[121.41828,24.60104],[121.41277,24.60365],[121.41228,24.60094],[121.40846,24.59898],[121.40308,24.59187],[121.40455,24.58776],[121.41021,24.57939],[121.41232,24.5735],[121.40766,24.57003],[121.40358,24.56871],[121.4013,24.56469],[121.40125,24.56201],[121.39836,24.56046],[121.39475,24.55591],[121.39543,24.55303],[121.39876,24.5482],[121.39674,24.53982],[121.39845,24.53626],[121.39885,24.53255],[121.4015,24.53022],[121.40149,24.52899],[121.39771,24.52481],[121.39286,24.52446],[121.39061,24.52303],[121.38853,24.5178],[121.38511,24.51682],[121.38539,24.5138],[121.38356,24.51022],[121.37928,24.50953],[121.37335,24.5099],[121.37251,24.50212],[121.37125,24.49836],[121.36384,24.49496],[121.36189,24.49079],[121.35774,24.48661],[121.35073,24.48434],[121.34631,24.48466],[121.34283,24.48226],[121.34007,24.47485],[121.33563,24.47204],[121.33599,24.46737],[121.33087,24.46521],[121.32949,24.46255],[121.32645,24.46043],[121.32379,24.45672],[121.31766,24.44149],[121.32167,24.44037],[121.32825,24.43345],[121.32766,24.43044],[121.32871,24.42701],[121.32737,24.42125],[121.32743,24.41302],[121.32499,24.40691],[121.32597,24.40104],[121.32759,24.39846],[121.33233,24.39794],[121.33359,24.395],[121.33913,24.3896],[121.34005,24.3911],[121.34296,24.39284],[121.35239,24.39224],[121.35469,24.39327],[121.35938,24.39045],[121.36488,24.38908],[121.3684,24.38544],[121.3698,24.38259],[121.36809,24.38111],[121.3671,24.37893],[121.36925,24.37459],[121.36943,24.37226],[121.37373,24.36805],[121.37701,24.36844],[121.38076,24.36691],[121.38762,24.36969],[121.38996,24.37515],[121.39304,24.37521],[121.39546,24.37785],[121.39811,24.37776],[121.40088,24.37968],[121.4044,24.37772],[121.4079,24.37755],[121.41276,24.37974],[121.41909,24.37905],[121.42153,24.38071],[121.42936,24.38306],[121.43778,24.38288],[121.44255,24.37313],[121.44797,24.37483],[121.44825,24.37257],[121.45201,24.36468],[121.46539,24.35531],[121.47526,24.35127],[121.47887,24.35188],[121.48137,24.34893],[121.48536,24.34846],[121.49223,24.34209],[121.4954,24.34029],[121.49939,24.33937],[121.50387,24.34278],[121.5073,24.34326],[121.50967,24.3412],[121.51356,24.34082],[121.51543,24.34182],[121.51799,24.34101],[121.52215,24.34302],[121.52514,24.34248],[121.52775,24.33915],[121.53054,24.33876],[121.53326,24.33706],[121.53571,24.33737],[121.54053,24.33591],[121.54498,24.33777],[121.54842,24.33635],[121.55607,24.33116],[121.55948,24.32316],[121.56332,24.32224],[121.56637,24.31919],[121.56989,24.31794],[121.57585,24.31967],[121.57883,24.31804],[121.58235,24.31781],[121.58751,24.31607],[121.58948,24.31381],[121.59375,24.31642],[121.59718,24.3163],[121.60191,24.31415],[121.60574,24.30943],[121.60701,24.31264],[121.60514,24.31541],[121.60522,24.31729],[121.60109,24.32058],[121.60132,24.32329],[121.59656,24.32814],[121.59574,24.33163],[121.59697,24.33347],[121.59922,24.33353],[121.60071,24.33087],[121.60446,24.32901],[121.60645,24.33006],[121.60654,24.33273],[121.60791,24.33542],[121.6122,24.33589],[121.61522,24.33331],[121.61753,24.33365],[121.61865,24.33575],[121.61631,24.33704],[121.61613,24.33814],[121.61784,24.34423],[121.61921,24.34549],[121.62062,24.34488],[121.62278,24.33948],[121.62747,24.34112],[121.62808,24.33871],[121.62668,24.33563],[121.62863,24.3337],[121.6328,24.33475],[121.63297,24.3399],[121.63136,24.34399],[121.63529,24.34482],[121.63592,24.34611],[121.63551,24.34762],[121.63323,24.34917],[121.63046,24.34822],[121.62944,24.34945],[121.62684,24.34953],[121.62676,24.35433],[121.62228,24.35668],[121.62119,24.35812],[121.62151,24.35991],[121.62356,24.36234],[121.62075,24.36255],[121.62037,24.36321],[121.62187,24.36676],[121.62588,24.36912],[121.63094,24.37055],[121.63186,24.36977],[121.63061,24.36642],[121.63499,24.36634],[121.63502,24.36372],[121.63833,24.36232],[121.63866,24.36092],[121.64036,24.3594],[121.64047,24.35717],[121.64875,24.34951],[121.65029,24.34951],[121.65071,24.35093],[121.65002,24.35488],[121.64809,24.35653],[121.64784,24.35773],[121.64945,24.35966],[121.65067,24.35986],[121.65364,24.35611],[121.65351,24.35219],[121.65664,24.35326],[121.65866,24.35129],[121.66,24.35116],[121.66123,24.3518],[121.66137,24.35302],[121.66312,24.35289],[121.66389,24.34918],[121.66673,24.34725],[121.6691,24.3431],[121.67397,24.3434],[121.67348,24.33998],[121.67483,24.33778],[121.67701,24.33758],[121.68384,24.34074],[121.68557,24.34074],[121.68697,24.33875],[121.68735,24.33465],[121.68846,24.33362],[121.69571,24.33471],[121.70529,24.32957],[121.71353,24.32689],[121.72345,24.32548],[121.72778,24.32599],[121.73517,24.32308],[121.74005,24.32356],[121.74473,24.32286],[121.75939,24.31411],[121.77013,24.31312],[121.77272,24.31364],[121.77406,24.31528],[121.77395,24.31961],[121.77088,24.33259],[121.77163,24.33757],[121.77357,24.34372],[121.77798,24.35234],[121.77871,24.35621],[121.78227,24.36162],[121.78371,24.36651],[121.78702,24.3725],[121.78877,24.39616],[121.79114,24.40824],[121.79866,24.42797],[121.80185,24.43434],[121.805,24.43758],[121.81217,24.44269],[121.81559,24.4479],[121.81654,24.44675],[121.81716,24.45022],[121.8218,24.45565],[121.81993,24.45949],[121.82119,24.46236],[121.82466,24.46462],[121.83265,24.46743],[121.83423,24.46963],[121.8383,24.47227],[121.84122,24.47559],[121.84391,24.47687],[121.84611,24.47694],[121.84857,24.47901],[121.85544,24.48059],[121.85968,24.47856],[121.86212,24.4804],[121.86194,24.482],[121.86021,24.48365],[121.85253,24.48366],[121.85092,24.48458],[121.84964,24.49221],[121.85079,24.49339],[121.85072,24.49535],[121.8502,24.49473],[121.84804,24.49582],[121.84766,24.49742],[121.84643,24.49659],[121.84129,24.49758],[121.8397,24.49864],[121.83857,24.50077],[121.83833,24.50349],[121.83877,24.51162],[121.83992,24.51653],[121.84253,24.52081],[121.85625,24.52394],[121.86092,24.52718],[121.86856,24.52766],[121.86982,24.52826],[121.87011,24.53001],[121.87256,24.5311],[121.87247,24.53282],[121.87374,24.53439],[121.8723,24.54149],[121.8741,24.5455],[121.8712,24.55238],[121.87069,24.56031],[121.8712,24.56344],[121.87029,24.56924],[121.86921,24.57128],[121.86948,24.5745],[121.86982,24.57609],[121.87207,24.57819],[121.87337,24.57724],[121.87552,24.57717],[121.87569,24.57901],[121.87677,24.57886],[121.87697,24.57809],[121.87895,24.57862],[121.87978,24.57967],[121.87727,24.57977],[121.8766,24.58126],[121.87525,24.58139],[121.87568,24.58283],[121.87416,24.58327],[121.87399,24.58457],[121.87287,24.5837],[121.87224,24.58406],[121.87264,24.58526],[121.87447,24.58527],[121.8762,24.5865],[121.87923,24.59104],[121.87345,24.59662],[121.87922,24.59913],[121.88183,24.59864],[121.88603,24.59982],[121.88365,24.60139],[121.88513,24.60372],[121.88216,24.60352],[121.8802,24.60575],[121.87807,24.60514],[121.87531,24.60565],[121.87339,24.60874],[121.86951,24.60867],[121.86612,24.60993],[121.85875,24.6167],[121.85124,24.62991],[121.84381,24.64822],[121.84056,24.65988],[121.83818,24.67224],[121.83845,24.68169],[121.83728,24.6898],[121.83769,24.6952],[121.83636,24.70467],[121.83659,24.7107],[121.8395,24.71586],[121.83828,24.71807],[121.83501,24.71852],[121.83277,24.7199],[121.82587,24.73301],[121.82098,24.7477],[121.81841,24.76492],[121.81799,24.77934],[121.81901,24.79749],[121.8231,24.82345],[121.82741,24.83967],[121.82713,24.84236],[121.82794,24.84216],[121.83061,24.85045],[121.84268,24.87616],[121.84832,24.88454],[121.85083,24.88646],[121.85135,24.89012],[121.86047,24.89446],[121.86737,24.90299],[121.87056,24.90351],[121.87035,24.90408],[121.87187,24.90497],[121.87178,24.90365],[121.8725,24.90619],[121.87478,24.9073],[121.87623,24.9098],[121.87836,24.91102],[121.87802,24.91153],[121.87954,24.91357],[121.88248,24.91454],[121.88503,24.91793],[121.88542,24.92324],[121.88753,24.92674],[121.88687,24.92916],[121.88788,24.93509],[121.8891,24.93695],[121.89528,24.94073],[121.89804,24.94088],[121.89896,24.94003],[121.90091,24.93994],[121.90336,24.9406],[121.90466,24.93982],[121.90426,24.94143],[121.90512,24.94242],[121.90412,24.94365],[121.90535,24.9466],[121.90712,24.94698],[121.9096,24.9495],[121.91033,24.94904],[121.91022,24.94988],[121.91135,24.95073],[121.91691,24.95218],[121.92019,24.9552],[121.92014,24.95907],[121.92131,24.95961],[121.92218,24.96227],[121.92304,24.96183],[121.92238,24.96322],[121.92558,24.96856],[121.93622,24.97386],[121.93637,24.9733],[121.94097,24.9739],[121.9409,24.97329],[121.94182,24.97339],[121.94226,24.97505],[121.94367,24.975],[121.94427,24.97683],[121.94855,24.97885],[121.95155,24.9789],[121.95166,24.97968],[121.9545,24.98001],[121.9583,24.98263],[121.96223,24.98176],[121.96599,24.98303],[121.9629,24.98771],[121.96059,24.98822]]],[[[123.55587,25.72108],[123.55585,25.72134],[123.55575,25.72112],[123.55587,25.72108]]],[[[123.55651,25.72097],[123.55671,25.72147],[123.55646,25.72135],[123.55651,25.72097]]],[[[123.55665,25.72171],[123.55663,25.72188],[123.55653,25.72171],[123.55665,25.72171]]],[[[123.55654,25.72208],[123.55632,25.72221],[123.55639,25.72195],[123.55654,25.72208]]],[[[123.55636,25.72233],[123.55636,25.72246],[123.55632,25.72239],[123.55636,25.72233]]],[[[123.5434,25.72252],[123.54333,25.72255],[123.54336,25.72251],[123.5434,25.72252]]],[[[123.54336,25.72266],[123.5433,25.72268],[123.54332,25.72263],[123.54336,25.72266]]],[[[123.54301,25.72278],[123.54299,25.72289],[123.54289,25.72281],[123.54301,25.72278]]],[[[123.54317,25.72304],[123.54326,25.72277],[123.5434,25.72289],[123.54317,25.72304]]],[[[123.54469,25.72312],[123.54467,25.72316],[123.54465,25.72312],[123.54469,25.72312]]],[[[123.54473,25.72404],[123.54476,25.72411],[123.54468,25.72407],[123.54473,25.72404]]],[[[123.54433,25.72422],[123.54401,25.72396],[123.54444,25.72408],[123.54433,25.72422]]],[[[123.54454,25.72435],[123.54456,25.72446],[123.54444,25.72439],[123.54454,25.72435]]],[[[123.55019,25.72581],[123.54531,25.7246],[123.5446,25.72359],[123.54496,25.72236],[123.55307,25.72026],[123.55566,25.72087],[123.5544,25.72387],[123.55019,25.72581]]],[[[123.54512,25.72781],[123.54528,25.72798],[123.54497,25.72792],[123.54512,25.72781]]],[[[123.54494,25.7292],[123.545,25.72943],[123.54484,25.72929],[123.54494,25.7292]]],[[[123.54134,25.73439],[123.54113,25.73489],[123.53987,25.7329],[123.53761,25.73181],[123.53879,25.73167],[123.54092,25.72878],[123.54148,25.72583],[123.54237,25.72606],[123.54241,25.72526],[123.54462,25.72615],[123.54474,25.7279],[123.54562,25.72873],[123.54365,25.72952],[123.54134,25.73439]]],[[[123.5062,25.73568],[123.50623,25.73556],[123.50644,25.73554],[123.5062,25.73568]]],[[[123.5072,25.73583],[123.50714,25.73597],[123.5071,25.73585],[123.5072,25.73583]]],[[[123.47165,25.73828],[123.47161,25.73832],[123.47159,25.73827],[123.47165,25.73828]]],[[[123.45809,25.73887],[123.45809,25.73897],[123.45804,25.73889],[123.45809,25.73887]]],[[[123.47488,25.73939],[123.47489,25.73945],[123.47483,25.73943],[123.47488,25.73939]]],[[[123.458,25.73943],[123.45796,25.7395],[123.45788,25.73942],[123.458,25.73943]]],[[[123.47575,25.74],[123.47571,25.74003],[123.4757,25.74],[123.47575,25.74]]],[[[123.47549,25.74004],[123.47552,25.74012],[123.47543,25.7401],[123.47549,25.74004]]],[[[123.47631,25.74015],[123.47622,25.7402],[123.47621,25.74012],[123.47631,25.74015]]],[[[123.47634,25.74022],[123.47631,25.7403],[123.47627,25.74024],[123.47634,25.74022]]],[[[123.4764,25.74021],[123.47645,25.74038],[123.47635,25.74031],[123.4764,25.74021]]],[[[123.48275,25.74032],[123.48276,25.74039],[123.48269,25.74034],[123.48275,25.74032]]],[[[123.49066,25.74053],[123.49045,25.74036],[123.49074,25.74036],[123.49066,25.74053]]],[[[123.4812,25.74051],[123.48117,25.74057],[123.48114,25.74052],[123.4812,25.74051]]],[[[123.4909,25.74056],[123.49096,25.74071],[123.49087,25.74065],[123.4909,25.74056]]],[[[123.49035,25.74049],[123.49051,25.7408],[123.49029,25.74074],[123.49035,25.74049]]],[[[123.49095,25.74083],[123.4906,25.74083],[123.49055,25.74054],[123.49095,25.74083]]],[[[123.49081,25.74083],[123.49081,25.74089],[123.49076,25.74087],[123.49081,25.74083]]],[[[123.49292,25.74179],[123.49292,25.74183],[123.49289,25.74182],[123.49292,25.74179]]],[[[123.46645,25.74904],[123.46641,25.7491],[123.46637,25.74903],[123.46645,25.74904]]],[[[123.48446,25.7498],[123.4844,25.74983],[123.48441,25.74979],[123.48446,25.7498]]],[[[123.4877,25.7501],[123.48766,25.74993],[123.48781,25.75002],[123.4877,25.7501]]],[[[123.48756,25.75011],[123.48747,25.75024],[123.4875,25.75018],[123.48756,25.75011]]],[[[123.47981,25.75078],[123.4798,25.75087],[123.47972,25.75084],[123.47981,25.75078]]],[[[123.47669,25.75182],[123.4669,25.74916],[123.4603,25.74472],[123.45778,25.74032],[123.4594,25.73565],[123.46151,25.73482],[123.46445,25.73491],[123.46568,25.73599],[123.47015,25.73715],[123.47227,25.73894],[123.47399,25.73813],[123.4745,25.73988],[123.47532,25.73921],[123.47519,25.74011],[123.47721,25.74127],[123.48862,25.74019],[123.49392,25.74224],[123.4932,25.74487],[123.48736,25.74949],[123.48061,25.7501],[123.47669,25.75182]]],[[[123.56768,25.75565],[123.56666,25.7553],[123.56648,25.75505],[123.56768,25.75565]]],[[[123.54163,25.7794],[123.54062,25.77929],[123.54131,25.77903],[123.54163,25.7794]]],[[[123.53893,25.77938],[123.53903,25.77944],[123.53895,25.77946],[123.53893,25.77938]]],[[[123.54002,25.77965],[123.5396,25.77922],[123.54046,25.77887],[123.54002,25.77965]]],[[[123.54313,25.77989],[123.54302,25.77999],[123.54293,25.77986],[123.54313,25.77989]]],[[[123.54366,25.78197],[123.54338,25.78009],[123.54473,25.78091],[123.54366,25.78197]]],[[[123.68322,25.91909],[123.68327,25.91917],[123.68323,25.91917],[123.68322,25.91909]]],[[[123.68254,25.91911],[123.68253,25.91923],[123.68245,25.91914],[123.68254,25.91911]]],[[[123.68603,25.91962],[123.68605,25.91967],[123.686,25.91967],[123.68603,25.91962]]],[[[123.68615,25.9197],[123.68616,25.91977],[123.68606,25.91975],[123.68615,25.9197]]],[[[123.67909,25.91996],[123.67908,25.91993],[123.67912,25.91993],[123.67909,25.91996]]],[[[123.68762,25.91987],[123.68759,25.91999],[123.68754,25.91994],[123.68762,25.91987]]],[[[123.67868,25.92031],[123.67858,25.92033],[123.67871,25.92024],[123.67868,25.92031]]],[[[123.67839,25.92046],[123.67842,25.92054],[123.67832,25.9205],[123.67839,25.92046]]],[[[123.68783,25.92077],[123.6879,25.9208],[123.68784,25.92084],[123.68783,25.92077]]],[[[124.55591,25.9214],[124.5559,25.92146],[124.55586,25.92145],[124.55591,25.9214]]],[[[124.55612,25.92158],[124.55607,25.92161],[124.55603,25.92156],[124.55612,25.92158]]],[[[124.55598,25.92161],[124.55604,25.92167],[124.55596,25.92167],[124.55598,25.92161]]],[[[123.68828,25.9217],[123.68827,25.9218],[123.68821,25.92176],[123.68828,25.9217]]],[[[124.55645,25.92156],[124.55629,25.9218],[124.55615,25.92165],[124.55645,25.92156]]],[[[123.68925,25.92176],[123.68918,25.92189],[123.68905,25.92184],[123.68925,25.92176]]],[[[124.55671,25.92208],[124.55674,25.92215],[124.55669,25.92213],[124.55671,25.92208]]],[[[123.67732,25.92222],[123.67735,25.92231],[123.67731,25.92229],[123.67732,25.92222]]],[[[124.55666,25.92215],[124.55606,25.92214],[124.55624,25.92189],[124.55666,25.92215]]],[[[124.55674,25.9223],[124.55674,25.92234],[124.55671,25.92234],[124.55674,25.9223]]],[[[123.67674,25.92257],[123.67677,25.92261],[123.67672,25.92259],[123.67674,25.92257]]],[[[123.6768,25.92268],[123.6768,25.92272],[123.67676,25.92269],[123.6768,25.92268]]],[[[123.67639,25.92279],[123.67646,25.92286],[123.67639,25.92285],[123.67639,25.92279]]],[[[123.67645,25.92288],[123.67645,25.92294],[123.67639,25.9229],[123.67645,25.92288]]],[[[123.67598,25.92306],[123.67605,25.92312],[123.67591,25.92312],[123.67598,25.92306]]],[[[124.55912,25.92337],[124.55768,25.9231],[124.55656,25.92154],[124.56115,25.9223],[124.55912,25.92337]]],[[[124.56005,25.92356],[124.55945,25.92354],[124.55939,25.92338],[124.56005,25.92356]]],[[[124.55935,25.92375],[124.55888,25.92372],[124.55913,25.92357],[124.55935,25.92375]]],[[[124.56017,25.92405],[124.5597,25.92406],[124.55974,25.92391],[124.56017,25.92405]]],[[[123.68775,25.92407],[123.68765,25.92417],[123.68755,25.92415],[123.68775,25.92407]]],[[[123.6762,25.92417],[123.67623,25.92436],[123.6761,25.92428],[123.6762,25.92417]]],[[[124.55939,25.9244],[124.5591,25.92432],[124.55905,25.92407],[124.55939,25.9244]]],[[[123.67619,25.92441],[123.67617,25.92447],[123.67608,25.92446],[123.67619,25.92441]]],[[[123.68729,25.92481],[123.68728,25.92485],[123.68727,25.92482],[123.68729,25.92481]]],[[[123.68742,25.92483],[123.6874,25.92487],[123.68739,25.92484],[123.68742,25.92483]]],[[[123.68724,25.92491],[123.68725,25.92499],[123.68722,25.92495],[123.68724,25.92491]]],[[[123.68813,25.92497],[123.68784,25.92505],[123.6879,25.92496],[123.68813,25.92497]]],[[[123.68807,25.92515],[123.68811,25.92523],[123.68805,25.92522],[123.68807,25.92515]]],[[[123.68649,25.92542],[123.68649,25.92538],[123.68653,25.92539],[123.68649,25.92542]]],[[[123.67692,25.92555],[123.67705,25.92563],[123.67692,25.92562],[123.67692,25.92555]]],[[[123.68601,25.92624],[123.68601,25.9263],[123.68595,25.92626],[123.68601,25.92624]]],[[[123.67797,25.92706],[123.67796,25.92715],[123.67792,25.92711],[123.67797,25.92706]]],[[[123.67873,25.92731],[123.67874,25.92735],[123.6787,25.92735],[123.67873,25.92731]]],[[[123.68494,25.92731],[123.68498,25.92738],[123.68491,25.92738],[123.68494,25.92731]]],[[[123.68533,25.92739],[123.68535,25.92744],[123.68526,25.92743],[123.68533,25.92739]]],[[[123.67876,25.92748],[123.67877,25.92752],[123.67874,25.92751],[123.67876,25.92748]]],[[[123.6796,25.92801],[123.6796,25.92807],[123.67956,25.92806],[123.6796,25.92801]]],[[[123.67896,25.92819],[123.67897,25.92795],[123.67914,25.92783],[123.67896,25.92819]]],[[[123.68381,25.92851],[123.68382,25.92856],[123.68375,25.92851],[123.68381,25.92851]]],[[[123.68079,25.92844],[123.6807,25.92857],[123.68068,25.92852],[123.68079,25.92844]]],[[[123.68135,25.92871],[123.68131,25.92877],[123.68132,25.92871],[123.68135,25.92871]]],[[[123.68244,25.92888],[123.67976,25.92861],[123.67671,25.92505],[123.67608,25.92313],[123.68004,25.91958],[123.68154,25.91909],[123.68601,25.91971],[123.68787,25.92094],[123.6887,25.92355],[123.68783,25.92333],[123.6872,25.92513],[123.68244,25.92888]]],[[[123.6827,25.92908],[123.68275,25.92913],[123.68267,25.9291],[123.6827,25.92908]]]]}},{"type":"Feature","properties":{"county_code":"10007","county_name":"彰化縣","county_id":"N","county_eng":"Changhua County"},"geometry":{"type":"MultiPolygon","coordinates":[[[[120.45655,24.20719],[120.44395,24.18894],[120.44235,24.18849],[120.43916,24.18573],[120.4327,24.18665],[120.42973,24.18452],[120.42471,24.1833],[120.42438,24.18186],[120.42615,24.17969],[120.42575,24.17866],[120.42337,24.17614],[120.42116,24.17563],[120.41832,24.17367],[120.41639,24.17048],[120.41499,24.15756],[120.40913,24.1563],[120.40805,24.15495],[120.40888,24.15389],[120.41172,24.15331],[120.41279,24.15224],[120.41024,24.1476],[120.40901,24.14266],[120.40711,24.13956],[120.40263,24.13868],[120.40083,24.13692],[120.3997,24.13306],[120.40114,24.12897],[120.39767,24.12221],[120.39683,24.1175],[120.38952,24.10768],[120.38898,24.10795],[120.38941,24.10752],[120.38842,24.10619],[120.38789,24.10645],[120.38827,24.10601],[120.37954,24.09429],[120.38031,24.09274],[120.38002,24.09449],[120.38181,24.09686],[120.38634,24.09705],[120.38416,24.08767],[120.37545,24.08302],[120.36336,24.08085],[120.36116,24.07629],[120.35919,24.07428],[120.35131,24.07187],[120.34777,24.06962],[120.34525,24.06678],[120.34208,24.06013],[120.33973,24.05973],[120.34241,24.05472],[120.34141,24.03962],[120.34036,24.03512],[120.3378,24.03129],[120.33529,24.01575],[120.33414,24.01394],[120.32993,24.01147],[120.32002,24.00334],[120.31645,23.99923],[120.31186,23.98978],[120.30874,23.98711],[120.30838,23.97526],[120.30691,23.97223],[120.29462,23.96322],[120.29026,23.95823],[120.28614,23.95711],[120.28283,23.95451],[120.28033,23.9484],[120.28162,23.94345],[120.2788,23.9336],[120.26914,23.93059],[120.26375,23.92183],[120.26105,23.91973],[120.26088,23.91504],[120.25623,23.9079],[120.25561,23.90338],[120.25774,23.89933],[120.25522,23.89419],[120.24714,23.88845],[120.23954,23.88769],[120.23532,23.88526],[120.22614,23.87688],[120.22549,23.87251],[120.22363,23.86935],[120.22036,23.86622],[120.22945,23.85498],[120.23784,23.84636],[120.24623,23.83955],[120.25501,23.83425],[120.30812,23.8203],[120.31639,23.82006],[120.33314,23.82229],[120.35813,23.82282],[120.37032,23.82856],[120.38289,23.82856],[120.41033,23.82638],[120.41843,23.82701],[120.42525,23.83025],[120.4331,23.83015],[120.43952,23.82687],[120.44335,23.82266],[120.45208,23.81722],[120.45812,23.81613],[120.47526,23.80904],[120.48316,23.80657],[120.4984,23.80361],[120.50873,23.80045],[120.52781,23.79906],[120.53546,23.8013],[120.55122,23.80113],[120.55818,23.79944],[120.56028,23.79815],[120.57802,23.79528],[120.58696,23.79191],[120.59278,23.79103],[120.615,23.79136],[120.62832,23.79001],[120.63313,23.78889],[120.63501,23.78677],[120.64154,23.78562],[120.65813,23.79104],[120.66416,23.79229],[120.67453,23.79951],[120.67837,23.80113],[120.68389,23.80135],[120.68341,23.80542],[120.68246,23.80608],[120.67898,23.80595],[120.67797,23.81408],[120.67881,23.8163],[120.67635,23.81929],[120.67439,23.82006],[120.67188,23.81941],[120.66758,23.8166],[120.66473,23.81631],[120.66504,23.81504],[120.66244,23.81538],[120.65865,23.81453],[120.6556,23.81281],[120.65091,23.81251],[120.64797,23.81664],[120.64458,23.81755],[120.63993,23.82033],[120.64047,23.8214],[120.6396,23.82209],[120.63776,23.82178],[120.63873,23.82263],[120.63782,23.8237],[120.63919,23.82457],[120.63386,23.82584],[120.64,23.82511],[120.63991,23.82575],[120.63772,23.82638],[120.63945,23.82742],[120.63604,23.82792],[120.63601,23.82849],[120.63677,23.82804],[120.63818,23.82892],[120.63678,23.83],[120.63719,23.83056],[120.63435,23.83112],[120.63844,23.83141],[120.63705,23.83279],[120.63339,23.83296],[120.63041,23.8312],[120.63051,23.83243],[120.62359,23.82949],[120.62295,23.83037],[120.62424,23.83175],[120.62843,23.83205],[120.63364,23.83409],[120.6291,23.8344],[120.63105,23.83565],[120.62827,23.83582],[120.62997,23.83735],[120.62492,23.8366],[120.62556,23.83766],[120.62822,23.83785],[120.62905,23.83868],[120.62811,23.83846],[120.6265,23.83989],[120.62612,23.84192],[120.62224,23.83866],[120.623,23.83997],[120.62093,23.83937],[120.62093,23.84021],[120.62213,23.84085],[120.62084,23.84166],[120.61845,23.84038],[120.61859,23.83948],[120.61717,23.83763],[120.61743,23.83876],[120.61633,23.83942],[120.61676,23.84015],[120.61549,23.84048],[120.61978,23.84243],[120.61828,23.84259],[120.61964,23.84352],[120.61837,23.84462],[120.62108,23.84441],[120.6216,23.84658],[120.62359,23.84707],[120.62334,23.84812],[120.61966,23.84864],[120.62067,23.84909],[120.61943,23.84962],[120.62179,23.84959],[120.6227,23.84871],[120.62295,23.84986],[120.62344,23.8489],[120.62375,23.8503],[120.62486,23.85098],[120.62449,23.85226],[120.62595,23.85208],[120.62627,23.85412],[120.62524,23.85518],[120.62626,23.85475],[120.6263,23.85622],[120.62781,23.8574],[120.62667,23.8575],[120.62651,23.8586],[120.62544,23.85771],[120.62603,23.85847],[120.62486,23.85847],[120.62445,23.85977],[120.62223,23.86012],[120.62354,23.86197],[120.62208,23.8635],[120.6206,23.86372],[120.62005,23.86551],[120.62062,23.86785],[120.6199,23.86837],[120.62124,23.8686],[120.62154,23.86984],[120.62395,23.86893],[120.62378,23.87148],[120.62465,23.87163],[120.6258,23.87347],[120.62482,23.87711],[120.62671,23.8795],[120.62745,23.88351],[120.62958,23.88463],[120.62895,23.88587],[120.62942,23.8891],[120.6273,23.88951],[120.63265,23.88969],[120.63222,23.89037],[120.6341,23.89188],[120.63222,23.89236],[120.6344,23.89355],[120.63375,23.89409],[120.63423,23.89514],[120.6328,23.89645],[120.63436,23.89675],[120.63404,23.8977],[120.63506,23.8986],[120.63371,23.90038],[120.63492,23.90146],[120.63136,23.90343],[120.63303,23.90421],[120.63219,23.90436],[120.63212,23.90675],[120.63328,23.90618],[120.63328,23.90724],[120.63422,23.90767],[120.63066,23.90822],[120.633,23.9096],[120.6294,23.91082],[120.63259,23.91088],[120.63336,23.91176],[120.63253,23.91251],[120.63356,23.91243],[120.63305,23.9142],[120.63471,23.91312],[120.63333,23.91518],[120.63404,23.91558],[120.63326,23.916],[120.63415,23.9162],[120.63389,23.91781],[120.63509,23.9179],[120.63353,23.91958],[120.63477,23.91925],[120.63496,23.9201],[120.63645,23.91937],[120.63532,23.92166],[120.63718,23.92181],[120.6374,23.92409],[120.63549,23.92625],[120.63313,23.9266],[120.63376,23.92722],[120.63274,23.9284],[120.62914,23.92971],[120.62782,23.93108],[120.62972,23.93117],[120.6304,23.93259],[120.63098,23.93216],[120.63213,23.93288],[120.63277,23.93565],[120.63548,23.93745],[120.63764,23.93559],[120.63638,23.93772],[120.63016,23.94296],[120.63082,23.9448],[120.63336,23.94288],[120.63465,23.94371],[120.62759,23.95177],[120.62801,23.95266],[120.62938,23.95213],[120.63156,23.95349],[120.63407,23.95226],[120.63384,23.95337],[120.63227,23.9546],[120.6294,23.95456],[120.6298,23.95521],[120.62698,23.9556],[120.62698,23.95644],[120.63112,23.9563],[120.63434,23.954],[120.6354,23.95225],[120.63775,23.95349],[120.64265,23.95827],[120.64422,23.96208],[120.64686,23.96342],[120.64696,23.97153],[120.64631,23.97324],[120.65017,23.9837],[120.64985,23.9853],[120.64532,23.98962],[120.63682,23.99451],[120.63611,23.99841],[120.63819,24.00376],[120.63809,24.00741],[120.64034,24.00573],[120.64247,24.00896],[120.64338,24.00831],[120.64619,24.00915],[120.64941,24.00808],[120.66358,24.0081],[120.67258,24.00585],[120.67369,24.00809],[120.67008,24.00996],[120.67064,24.01063],[120.67599,24.01071],[120.67864,24.01403],[120.66478,24.02329],[120.66349,24.02497],[120.66091,24.02589],[120.65578,24.03067],[120.65175,24.02854],[120.6464,24.03403],[120.64516,24.0343],[120.64461,24.03344],[120.64625,24.0269],[120.64464,24.02588],[120.63753,24.02853],[120.63614,24.03105],[120.62865,24.02962],[120.62547,24.03002],[120.62446,24.03099],[120.62422,24.03337],[120.62811,24.03835],[120.62762,24.04039],[120.62601,24.04162],[120.62579,24.04681],[120.62449,24.04824],[120.62342,24.05212],[120.62569,24.05703],[120.62538,24.06874],[120.62371,24.0717],[120.61966,24.07305],[120.617,24.07942],[120.61494,24.08504],[120.61489,24.08999],[120.61248,24.09919],[120.61249,24.10257],[120.60903,24.10208],[120.60803,24.10272],[120.60289,24.10289],[120.59995,24.10519],[120.59508,24.10488],[120.58836,24.10623],[120.58352,24.10955],[120.57691,24.10963],[120.57261,24.10832],[120.56559,24.10982],[120.55802,24.11254],[120.54968,24.11388],[120.54538,24.11647],[120.54092,24.12366],[120.53268,24.12643],[120.52355,24.13968],[120.52328,24.14095],[120.52566,24.14604],[120.52547,24.1499],[120.5173,24.1658],[120.5081,24.18717],[120.50438,24.19115],[120.45655,24.20719]]]]}},{"type":"Feature","properties":{"county_code":"10008","county_name":"南投縣","county_id":"M","county_eng":"Nantou County"},"geometry":{"type":"MultiPolygon","coordinates":[[[[121.27086,24.23661],[121.26891,24.23792],[121.26849,24.23995],[121.26591,24.2411],[121.26639,24.24239],[121.26541,24.24567],[121.25879,24.24512],[121.25507,24.24322],[121.25195,24.23919],[121.24416,24.22249],[121.24074,24.22171],[121.23795,24.21971],[121.23041,24.22353],[121.23077,24.22605],[121.22834,24.22593],[121.22834,24.22471],[121.21942,24.2292],[121.21581,24.22535],[121.20823,24.2217],[121.20156,24.22164],[121.19634,24.223],[121.19231,24.21904],[121.19155,24.21659],[121.18851,24.21491],[121.18519,24.21445],[121.18171,24.21205],[121.17888,24.21361],[121.17349,24.22033],[121.16764,24.22539],[121.16437,24.22179],[121.16407,24.21985],[121.16098,24.21518],[121.15652,24.21474],[121.15143,24.21288],[121.14789,24.21291],[121.14615,24.20892],[121.1432,24.20585],[121.14269,24.202],[121.14136,24.19965],[121.13635,24.19634],[121.13227,24.1969],[121.12926,24.19605],[121.12721,24.19677],[121.12295,24.19603],[121.11875,24.19721],[121.11341,24.19685],[121.10842,24.19801],[121.1042,24.19596],[121.10169,24.19563],[121.09441,24.19015],[121.09398,24.18789],[121.09106,24.18482],[121.09135,24.18273],[121.08488,24.17592],[121.08096,24.17542],[121.07525,24.1702],[121.07242,24.16987],[121.06633,24.16552],[121.0646,24.16302],[121.0594,24.16278],[121.05795,24.15923],[121.05266,24.1548],[121.05055,24.15835],[121.04758,24.16002],[121.03804,24.15818],[121.03577,24.15307],[121.03569,24.15091],[121.03333,24.14858],[121.031,24.14934],[121.03122,24.15353],[121.03008,24.15506],[121.02976,24.15735],[121.02776,24.15956],[121.02736,24.15874],[121.0249,24.15797],[121.01954,24.15871],[121.01551,24.15601],[121.01336,24.15352],[121.01225,24.15333],[121.00971,24.14831],[121.00817,24.14704],[121.00707,24.14479],[121.00755,24.14378],[121.0068,24.14094],[121.00461,24.13769],[121.00325,24.13353],[121.00036,24.13228],[120.99955,24.12776],[120.99826,24.12671],[120.99202,24.12525],[120.99202,24.12106],[120.98908,24.11877],[120.98543,24.12022],[120.97569,24.11687],[120.97414,24.11922],[120.97116,24.12024],[120.96121,24.12015],[120.95634,24.12468],[120.95011,24.12786],[120.94838,24.12494],[120.94395,24.12244],[120.93255,24.11258],[120.92714,24.11173],[120.92212,24.10943],[120.91988,24.10744],[120.91455,24.10757],[120.91354,24.10893],[120.90956,24.10923],[120.9072,24.1106],[120.9067,24.11265],[120.90488,24.11449],[120.89616,24.11645],[120.89153,24.11591],[120.89054,24.11517],[120.89024,24.11355],[120.89166,24.11176],[120.89417,24.11074],[120.89368,24.10866],[120.89425,24.10685],[120.89109,24.10203],[120.89132,24.0978],[120.88954,24.09642],[120.88587,24.09541],[120.882,24.08833],[120.88031,24.08858],[120.87914,24.08565],[120.87801,24.08503],[120.87686,24.09119],[120.87819,24.0935],[120.87909,24.09825],[120.8815,24.10058],[120.88045,24.10317],[120.88089,24.10394],[120.8793,24.10594],[120.87914,24.1093],[120.87752,24.10987],[120.87413,24.11353],[120.87402,24.11502],[120.87245,24.11684],[120.86886,24.1176],[120.86443,24.11537],[120.8586,24.11621],[120.85721,24.1173],[120.85618,24.12153],[120.85387,24.12451],[120.84838,24.1238],[120.84485,24.12453],[120.84258,24.12257],[120.84212,24.12068],[120.83865,24.11907],[120.83627,24.11695],[120.83447,24.11301],[120.8345,24.10761],[120.83031,24.10259],[120.83248,24.09875],[120.83163,24.09689],[120.82837,24.09395],[120.82808,24.0869],[120.82891,24.08356],[120.82826,24.07817],[120.8293,24.07151],[120.8207,24.0698],[120.81924,24.06847],[120.81635,24.06846],[120.81445,24.0699],[120.81186,24.06607],[120.80918,24.06626],[120.80799,24.06537],[120.80688,24.064],[120.80666,24.06108],[120.80329,24.05626],[120.80342,24.05236],[120.80088,24.05138],[120.80141,24.0505],[120.80065,24.04865],[120.7967,24.04306],[120.79736,24.0411],[120.79169,24.03526],[120.79152,24.03354],[120.79292,24.03248],[120.79174,24.03178],[120.79154,24.03067],[120.78947,24.03123],[120.7862,24.02936],[120.78546,24.02863],[120.78587,24.02794],[120.7847,24.02747],[120.78464,24.02408],[120.78312,24.02478],[120.78257,24.02327],[120.77977,24.02115],[120.7797,24.02019],[120.7752,24.01855],[120.77125,24.0142],[120.77056,24.00907],[120.76777,24.00915],[120.76267,24.00626],[120.75797,24.0061],[120.75589,24.00353],[120.75324,24.00234],[120.75103,24.00283],[120.7476,23.99915],[120.74603,23.99856],[120.74365,24.00217],[120.73173,24.00901],[120.71924,24.00966],[120.70638,24.00519],[120.69488,24.00712],[120.68599,24.01047],[120.67876,24.01422],[120.67599,24.01071],[120.67064,24.01063],[120.67008,24.00996],[120.67369,24.00809],[120.67258,24.00585],[120.66358,24.0081],[120.64941,24.00808],[120.64619,24.00915],[120.64338,24.00831],[120.64247,24.00896],[120.64034,24.00573],[120.63809,24.00741],[120.63819,24.00376],[120.63611,23.99841],[120.63682,23.99451],[120.64532,23.98962],[120.64985,23.9853],[120.65017,23.9837],[120.64631,23.97324],[120.64696,23.97153],[120.64686,23.96342],[120.64422,23.96208],[120.64265,23.95827],[120.63775,23.95349],[120.6354,23.95225],[120.63434,23.954],[120.63112,23.9563],[120.62698,23.95644],[120.62698,23.9556],[120.6298,23.95521],[120.6294,23.95456],[120.63227,23.9546],[120.63384,23.95337],[120.63407,23.95226],[120.63156,23.95349],[120.62938,23.95213],[120.62801,23.95266],[120.62759,23.95177],[120.63465,23.94371],[120.63336,23.94288],[120.63082,23.9448],[120.63016,23.94296],[120.63638,23.93772],[120.63764,23.93559],[120.63548,23.93745],[120.63277,23.93565],[120.63213,23.93288],[120.63098,23.93216],[120.6304,23.93259],[120.62972,23.93117],[120.62782,23.93108],[120.62914,23.92971],[120.63274,23.9284],[120.63376,23.92722],[120.63313,23.9266],[120.63549,23.92625],[120.6374,23.92409],[120.63718,23.92181],[120.63532,23.92166],[120.63645,23.91937],[120.63496,23.9201],[120.63477,23.91925],[120.63353,23.91958],[120.63509,23.9179],[120.63389,23.91781],[120.63415,23.9162],[120.63326,23.916],[120.63404,23.91558],[120.63333,23.91518],[120.63471,23.91312],[120.63305,23.9142],[120.63356,23.91243],[120.63253,23.91251],[120.63336,23.91176],[120.63259,23.91088],[120.6294,23.91082],[120.633,23.9096],[120.63066,23.90822],[120.63422,23.90767],[120.63328,23.90724],[120.63328,23.90618],[120.63212,23.90675],[120.63219,23.90436],[120.63303,23.90421],[120.63136,23.90343],[120.63492,23.90146],[120.63371,23.90038],[120.63506,23.8986],[120.63404,23.8977],[120.63436,23.89675],[120.6328,23.89645],[120.63423,23.89514],[120.63375,23.89409],[120.6344,23.89355],[120.63222,23.89236],[120.6341,23.89188],[120.63222,23.89037],[120.63265,23.88969],[120.6273,23.88951],[120.62942,23.8891],[120.62895,23.88587],[120.62958,23.88463],[120.62745,23.88351],[120.62671,23.8795],[120.62482,23.87711],[120.6258,23.87347],[120.62465,23.87163],[120.62378,23.87148],[120.62395,23.86893],[120.62154,23.86984],[120.62124,23.8686],[120.6199,23.86837],[120.62062,23.86785],[120.62005,23.86551],[120.6206,23.86372],[120.62208,23.8635],[120.62354,23.86197],[120.62223,23.86012],[120.62445,23.85977],[120.62486,23.85847],[120.62603,23.85847],[120.62544,23.85771],[120.62651,23.8586],[120.62667,23.8575],[120.62781,23.8574],[120.6263,23.85622],[120.62626,23.85475],[120.62524,23.85518],[120.62627,23.85412],[120.62595,23.85208],[120.62449,23.85226],[120.62486,23.85098],[120.62375,23.8503],[120.62344,23.8489],[120.62295,23.84986],[120.6227,23.84871],[120.62179,23.84959],[120.61943,23.84962],[120.62067,23.84909],[120.61966,23.84864],[120.62334,23.84812],[120.62359,23.84707],[120.6216,23.84658],[120.62108,23.84441],[120.61837,23.84462],[120.61964,23.84352],[120.61828,23.84259],[120.61978,23.84243],[120.61549,23.84048],[120.61676,23.84015],[120.61633,23.83942],[120.61743,23.83876],[120.61717,23.83763],[120.61859,23.83948],[120.61845,23.84038],[120.62084,23.84166],[120.62213,23.84085],[120.62093,23.84021],[120.62093,23.83937],[120.623,23.83997],[120.62224,23.83866],[120.62612,23.84192],[120.6265,23.83989],[120.62811,23.83846],[120.62905,23.83868],[120.62822,23.83785],[120.62556,23.83766],[120.62492,23.8366],[120.62997,23.83735],[120.62827,23.83582],[120.63105,23.83565],[120.6291,23.8344],[120.63364,23.83409],[120.62843,23.83205],[120.62424,23.83175],[120.62295,23.83037],[120.62359,23.82949],[120.63051,23.83243],[120.63041,23.8312],[120.63339,23.83296],[120.63705,23.83279],[120.63844,23.83141],[120.63435,23.83112],[120.63719,23.83056],[120.63678,23.83],[120.63818,23.82892],[120.63677,23.82804],[120.63601,23.82849],[120.63604,23.82792],[120.63945,23.82742],[120.63772,23.82638],[120.63991,23.82575],[120.64,23.82511],[120.63386,23.82584],[120.63919,23.82457],[120.63782,23.8237],[120.63873,23.82263],[120.63776,23.82178],[120.6396,23.82209],[120.64047,23.8214],[120.63993,23.82033],[120.64458,23.81755],[120.64797,23.81664],[120.65091,23.81251],[120.6556,23.81281],[120.65865,23.81453],[120.66244,23.81538],[120.66504,23.81504],[120.66473,23.81631],[120.66758,23.8166],[120.67188,23.81941],[120.67439,23.82006],[120.67635,23.81929],[120.67881,23.8163],[120.67797,23.81408],[120.67898,23.80595],[120.68246,23.80608],[120.68341,23.80542],[120.68395,23.80157],[120.6799,23.80162],[120.67492,23.79973],[120.66377,23.79214],[120.65813,23.79104],[120.64234,23.78569],[120.64037,23.78605],[120.64243,23.7817],[120.64847,23.77328],[120.65569,23.75502],[120.65436,23.74199],[120.65584,23.73512],[120.6546,23.73446],[120.65089,23.73617],[120.6463,23.73557],[120.64454,23.73664],[120.64206,23.73064],[120.64021,23.73072],[120.6397,23.72622],[120.64134,23.72453],[120.64093,23.72359],[120.64168,23.72228],[120.64041,23.71939],[120.64048,23.7153],[120.63973,23.7145],[120.6407,23.71425],[120.64058,23.71328],[120.63898,23.71058],[120.64019,23.71],[120.63971,23.70878],[120.64137,23.70563],[120.64309,23.70531],[120.64567,23.70321],[120.6434,23.6997],[120.64659,23.69281],[120.64551,23.69008],[120.64571,23.68721],[120.64698,23.68658],[120.64624,23.68478],[120.64827,23.68279],[120.64758,23.67953],[120.64604,23.67713],[120.64693,23.67271],[120.64493,23.67163],[120.64439,23.66761],[120.64057,23.66438],[120.64013,23.66114],[120.63685,23.65698],[120.63692,23.65543],[120.63497,23.65157],[120.63509,23.64971],[120.63635,23.64825],[120.6348,23.64701],[120.6352,23.64286],[120.63179,23.6402],[120.63164,23.63879],[120.62907,23.63517],[120.63016,23.63264],[120.62871,23.63001],[120.63106,23.62169],[120.6337,23.61913],[120.63536,23.61985],[120.63873,23.62474],[120.64387,23.62825],[120.64513,23.63099],[120.653,23.62951],[120.65362,23.62839],[120.65254,23.62456],[120.65292,23.62187],[120.65145,23.61611],[120.65835,23.61384],[120.6612,23.61047],[120.66451,23.61112],[120.66913,23.60934],[120.67778,23.61105],[120.68373,23.61094],[120.68547,23.61284],[120.68606,23.61821],[120.69132,23.62036],[120.69645,23.6201],[120.70199,23.61745],[120.70503,23.61727],[120.70688,23.61869],[120.7111,23.61951],[120.71407,23.62102],[120.7131,23.62791],[120.71837,23.62996],[120.72309,23.62253],[120.72561,23.62172],[120.72694,23.61997],[120.73067,23.61828],[120.73129,23.61437],[120.73086,23.61081],[120.7374,23.60963],[120.7394,23.61036],[120.74136,23.61227],[120.74439,23.61267],[120.74635,23.61248],[120.74748,23.61117],[120.75092,23.61445],[120.75356,23.61482],[120.75808,23.61249],[120.76428,23.61224],[120.76941,23.60837],[120.77005,23.60606],[120.77457,23.60521],[120.77831,23.60203],[120.78313,23.60074],[120.79087,23.60095],[120.79492,23.59725],[120.80333,23.59665],[120.80512,23.59862],[120.80979,23.59869],[120.81126,23.60014],[120.81371,23.60095],[120.81763,23.5996],[120.81861,23.59824],[120.81687,23.5956],[120.81867,23.59372],[120.81988,23.59044],[120.82553,23.58637],[120.82469,23.5842],[120.82162,23.58214],[120.82157,23.5799],[120.81991,23.57768],[120.81962,23.57453],[120.8219,23.57091],[120.82111,23.57015],[120.82153,23.56848],[120.81992,23.56452],[120.82063,23.5624],[120.81415,23.55624],[120.81586,23.55311],[120.81448,23.55173],[120.81149,23.55106],[120.81129,23.54943],[120.80883,23.54586],[120.80818,23.54213],[120.80861,23.53619],[120.81161,23.53371],[120.81797,23.52369],[120.82035,23.52148],[120.81911,23.51954],[120.81956,23.51558],[120.82304,23.51136],[120.82283,23.50862],[120.82407,23.50528],[120.82285,23.49867],[120.82531,23.49531],[120.8253,23.48971],[120.82618,23.48852],[120.82707,23.48338],[120.82989,23.48073],[120.83264,23.47473],[120.83897,23.47122],[120.84209,23.47326],[120.84701,23.47301],[120.84914,23.47209],[120.8542,23.4733],[120.85813,23.47285],[120.8632,23.47355],[120.87309,23.46853],[120.88003,23.46762],[120.8819,23.46829],[120.88427,23.47431],[120.88671,23.47556],[120.89962,23.47537],[120.90195,23.47608],[120.91021,23.47623],[120.91509,23.47463],[120.91748,23.47569],[120.92092,23.47493],[120.93096,23.47066],[120.93465,23.47311],[120.93757,23.47305],[120.94226,23.46932],[120.94752,23.46712],[120.9522,23.46772],[120.96099,23.47069],[120.96522,23.4707],[120.96671,23.4717],[120.96847,23.47123],[120.97063,23.46904],[120.98054,23.46921],[120.9846,23.46657],[120.99879,23.46238],[121.0059,23.46297],[121.00846,23.46209],[121.01172,23.45717],[121.01495,23.45428],[121.01585,23.45161],[121.01502,23.44978],[121.01075,23.44665],[121.01042,23.44507],[121.01058,23.44124],[121.01414,23.43792],[121.01527,23.43541],[121.01936,23.43631],[121.02212,23.43903],[121.02652,23.43915],[121.02866,23.44161],[121.03314,23.44332],[121.03353,23.44544],[121.03495,23.44606],[121.04396,23.44896],[121.04646,23.45087],[121.05182,23.4508],[121.05453,23.45738],[121.05591,23.45928],[121.05835,23.46027],[121.05893,23.46194],[121.05131,23.46431],[121.04965,23.46783],[121.04441,23.47012],[121.0389,23.47408],[121.04497,23.48054],[121.04855,23.48242],[121.05012,23.48653],[121.05361,23.48783],[121.05412,23.49011],[121.0528,23.49368],[121.0541,23.4956],[121.05725,23.49619],[121.06217,23.49954],[121.06298,23.50384],[121.06614,23.50631],[121.0661,23.50797],[121.06876,23.51477],[121.06846,23.51845],[121.07538,23.51733],[121.08307,23.51463],[121.08811,23.51405],[121.09185,23.51452],[121.09327,23.51778],[121.09736,23.52165],[121.10102,23.52124],[121.10367,23.51893],[121.1108,23.51906],[121.11549,23.52023],[121.1177,23.52164],[121.12045,23.521],[121.12635,23.51705],[121.12879,23.5185],[121.13113,23.51748],[121.13226,23.51511],[121.13514,23.51493],[121.13834,23.52059],[121.1444,23.5256],[121.14717,23.52725],[121.15092,23.52663],[121.15076,23.52881],[121.14688,23.53411],[121.14808,23.53567],[121.14845,23.53953],[121.15106,23.54517],[121.14805,23.5524],[121.14612,23.55437],[121.14803,23.55658],[121.14995,23.55735],[121.15188,23.56047],[121.15714,23.55956],[121.15802,23.56405],[121.16034,23.56783],[121.16035,23.56976],[121.15511,23.57086],[121.15215,23.57316],[121.15202,23.58166],[121.15339,23.58678],[121.15557,23.58705],[121.15819,23.58573],[121.16051,23.58703],[121.16675,23.58714],[121.16987,23.58632],[121.1714,23.58414],[121.17804,23.58264],[121.17883,23.58312],[121.18001,23.58746],[121.17973,23.59003],[121.18204,23.59094],[121.18347,23.59316],[121.18941,23.59481],[121.1903,23.59719],[121.19396,23.6005],[121.20013,23.5964],[121.20173,23.59679],[121.20623,23.59579],[121.20813,23.59824],[121.21312,23.60008],[121.21594,23.60727],[121.21732,23.6147],[121.21996,23.61693],[121.22356,23.62298],[121.22473,23.62682],[121.22412,23.63885],[121.22785,23.64538],[121.23025,23.64799],[121.23193,23.65788],[121.23575,23.6622],[121.23596,23.67077],[121.23245,23.67746],[121.23428,23.68096],[121.23943,23.68697],[121.23937,23.69468],[121.24121,23.69846],[121.23932,23.70019],[121.24123,23.70794],[121.24091,23.7095],[121.23927,23.71096],[121.23885,23.71351],[121.23952,23.71628],[121.23779,23.72007],[121.23941,23.72435],[121.23577,23.72464],[121.23357,23.72783],[121.23311,23.73013],[121.23227,23.72953],[121.22967,23.73008],[121.22976,23.73289],[121.22858,23.73508],[121.22885,23.74451],[121.23008,23.74718],[121.23308,23.74795],[121.2333,23.74895],[121.2324,23.75071],[121.23066,23.75099],[121.22931,23.75227],[121.22508,23.75178],[121.2214,23.75275],[121.21864,23.75638],[121.2134,23.75747],[121.21097,23.76111],[121.20648,23.76264],[121.20867,23.76584],[121.20675,23.76724],[121.20465,23.7724],[121.20601,23.77265],[121.20697,23.7751],[121.20868,23.77593],[121.21219,23.77568],[121.21297,23.77691],[121.21842,23.77983],[121.21954,23.78179],[121.22365,23.7824],[121.22629,23.78367],[121.2304,23.78797],[121.23033,23.79028],[121.22727,23.79109],[121.22662,23.79244],[121.22658,23.79609],[121.22551,23.79823],[121.22605,23.80228],[121.22658,23.80458],[121.22791,23.80533],[121.22754,23.80854],[121.22926,23.80883],[121.23033,23.81016],[121.23213,23.81036],[121.23446,23.812],[121.23477,23.81794],[121.23913,23.82186],[121.23715,23.82351],[121.23668,23.82521],[121.23811,23.82962],[121.23773,23.83249],[121.23913,23.83635],[121.23942,23.84042],[121.24348,23.84498],[121.24452,23.84891],[121.24892,23.85213],[121.24868,23.85366],[121.25021,23.85678],[121.24997,23.85982],[121.2505,23.86097],[121.25214,23.8613],[121.25292,23.86295],[121.25303,23.86789],[121.25694,23.86945],[121.25815,23.87251],[121.26519,23.87283],[121.26304,23.879],[121.26318,23.88077],[121.26532,23.88303],[121.26845,23.88375],[121.26741,23.889],[121.26551,23.89124],[121.26604,23.8942],[121.26518,23.89672],[121.26653,23.89841],[121.26244,23.89908],[121.2627,23.90014],[121.26106,23.9026],[121.26627,23.90726],[121.27043,23.90649],[121.27445,23.90732],[121.27608,23.90986],[121.27543,23.91469],[121.27629,23.91622],[121.27507,23.91858],[121.27651,23.92316],[121.27341,23.92849],[121.27485,23.93154],[121.27375,23.93375],[121.27386,23.93622],[121.27206,23.93834],[121.27396,23.94158],[121.27353,23.94414],[121.27433,23.94564],[121.27175,23.9485],[121.2747,23.95144],[121.27582,23.95586],[121.27517,23.9601],[121.27791,23.96583],[121.27562,23.96836],[121.27357,23.97525],[121.26442,23.9757],[121.26143,23.9818],[121.26114,23.98723],[121.25994,23.99062],[121.26105,23.99414],[121.27005,24.00671],[121.26956,24.00801],[121.27031,24.01001],[121.27631,24.02015],[121.27661,24.02461],[121.27865,24.02682],[121.28566,24.03953],[121.28498,24.04857],[121.28261,24.05128],[121.28321,24.05427],[121.28482,24.05533],[121.28647,24.05796],[121.28942,24.05889],[121.29554,24.06378],[121.29863,24.06169],[121.29989,24.06217],[121.30233,24.06635],[121.30606,24.0695],[121.30819,24.07331],[121.31793,24.0797],[121.32323,24.08518],[121.3233,24.08654],[121.32115,24.08887],[121.31919,24.09277],[121.31895,24.09501],[121.32565,24.10246],[121.32628,24.1083],[121.32816,24.11164],[121.3284,24.11463],[121.32499,24.11608],[121.31566,24.11649],[121.31162,24.12019],[121.30354,24.12458],[121.29982,24.12921],[121.29586,24.13244],[121.28137,24.13587],[121.28422,24.14585],[121.28468,24.15229],[121.28322,24.15384],[121.28103,24.15449],[121.28033,24.15786],[121.28198,24.15819],[121.2862,24.15708],[121.28835,24.15774],[121.28787,24.17202],[121.28607,24.17665],[121.28661,24.17763],[121.29299,24.1772],[121.29644,24.17832],[121.29878,24.18009],[121.30708,24.18033],[121.31102,24.18325],[121.31578,24.18517],[121.31991,24.19124],[121.3227,24.19171],[121.32561,24.19613],[121.33581,24.19911],[121.34085,24.19846],[121.34508,24.19995],[121.34876,24.19951],[121.34967,24.20024],[121.34833,24.20719],[121.34937,24.21044],[121.34301,24.22355],[121.33974,24.22632],[121.33316,24.22983],[121.32444,24.23301],[121.31965,24.23187],[121.31645,24.23439],[121.31409,24.235],[121.30882,24.23494],[121.30389,24.23368],[121.30251,24.23633],[121.30117,24.23669],[121.29874,24.23561],[121.29802,24.234],[121.29868,24.23314],[121.29514,24.23225],[121.294,24.22959],[121.29313,24.22916],[121.28888,24.23016],[121.28588,24.22909],[121.2842,24.22959],[121.28296,24.23103],[121.27999,24.22978],[121.27754,24.23213],[121.27685,24.23547],[121.27086,24.23661]]]]}},{"type":"Feature","properties":{"county_code":"10009","county_name":"雲林縣","county_id":"P","county_eng":"Yunlin County"},"geometry":{"type":"MultiPolygon","coordinates":[[[[120.08108,23.52412],[120.08141,23.52638],[120.08002,23.52466],[120.07866,23.52432],[120.07888,23.5228],[120.07327,23.5207],[120.07101,23.51823],[120.06844,23.51751],[120.06661,23.51516],[120.06339,23.51484],[120.06231,23.51238],[120.06055,23.51212],[120.05798,23.50956],[120.05228,23.5071],[120.05223,23.50566],[120.04981,23.50521],[120.04029,23.4989],[120.03774,23.49628],[120.03107,23.49342],[120.03017,23.49218],[120.02768,23.49159],[120.02644,23.49021],[120.02542,23.49016],[120.02499,23.48898],[120.02393,23.48921],[120.02151,23.48689],[120.01637,23.48443],[120.01432,23.48194],[120.01289,23.48214],[120.01249,23.48048],[120.01016,23.47951],[120.01081,23.47864],[120.00939,23.47856],[120.00911,23.47764],[120.00824,23.4777],[120.00418,23.47421],[120.00173,23.47404],[120.00031,23.47295],[119.99695,23.46539],[120.00409,23.46095],[120.0081,23.45196],[120.01132,23.44933],[120.01295,23.44666],[120.0128,23.4448],[120.01385,23.44514],[120.01546,23.44382],[120.01419,23.44182],[120.01586,23.43987],[120.01719,23.44141],[120.01917,23.43629],[120.02032,23.43571],[120.02224,23.43852],[120.02091,23.43921],[120.02032,23.44204],[120.01846,23.44253],[120.02008,23.44408],[120.01602,23.4481],[120.01445,23.45279],[120.01237,23.45419],[120.01067,23.45796],[120.00757,23.46106],[120.00888,23.46386],[120.01269,23.46692],[120.01229,23.46784],[120.01802,23.46953],[120.01963,23.46858],[120.01641,23.46784],[120.01467,23.46231],[120.01523,23.46107],[120.0139,23.45998],[120.01538,23.45893],[120.01764,23.45869],[120.01916,23.45944],[120.02012,23.45871],[120.02211,23.46023],[120.02387,23.45954],[120.02468,23.46075],[120.02456,23.46387],[120.02539,23.46484],[120.02347,23.46573],[120.0241,23.46745],[120.02577,23.4686],[120.02301,23.46929],[120.02258,23.47047],[120.0259,23.47304],[120.02485,23.47525],[120.0273,23.47599],[120.02708,23.47785],[120.02851,23.47817],[120.02978,23.4796],[120.03303,23.47962],[120.03495,23.47736],[120.03579,23.47753],[120.03545,23.47905],[120.03663,23.47974],[120.03493,23.48301],[120.03701,23.48252],[120.03728,23.4808],[120.0383,23.4804],[120.03774,23.47824],[120.04094,23.47853],[120.04001,23.48045],[120.04237,23.48269],[120.04197,23.48381],[120.04395,23.48431],[120.04467,23.48919],[120.04573,23.49031],[120.04464,23.49151],[120.04502,23.49358],[120.04657,23.49398],[120.04725,23.49519],[120.0479,23.49358],[120.04961,23.49375],[120.05144,23.49251],[120.05066,23.49177],[120.04864,23.49197],[120.04572,23.48822],[120.04559,23.48423],[120.04202,23.47993],[120.04267,23.47684],[120.0467,23.47775],[120.04723,23.47869],[120.04896,23.4768],[120.04798,23.48021],[120.04949,23.47953],[120.05201,23.48133],[120.05229,23.48394],[120.05356,23.48336],[120.05353,23.48509],[120.05232,23.48558],[120.05354,23.48649],[120.05205,23.48706],[120.05267,23.48795],[120.05431,23.48806],[120.05691,23.48571],[120.0558,23.48416],[120.05831,23.48269],[120.05641,23.48109],[120.05353,23.4807],[120.05287,23.47964],[120.05368,23.47895],[120.05492,23.47883],[120.05588,23.47969],[120.05694,23.47887],[120.05883,23.47891],[120.06252,23.48048],[120.06026,23.48143],[120.06376,23.48277],[120.06321,23.4861],[120.06514,23.48719],[120.06291,23.4894],[120.05615,23.49024],[120.05581,23.49142],[120.05385,23.49228],[120.05544,23.49251],[120.05726,23.49153],[120.06238,23.49173],[120.06201,23.49316],[120.06369,23.49293],[120.0644,23.49436],[120.0654,23.49465],[120.06527,23.49193],[120.06669,23.49184],[120.06821,23.49014],[120.06927,23.49126],[120.06918,23.4933],[120.0721,23.49396],[120.06937,23.49522],[120.06974,23.49665],[120.06531,23.49637],[120.06639,23.49855],[120.06999,23.4987],[120.07095,23.49728],[120.07294,23.49742],[120.0741,23.49879],[120.06687,23.5003],[120.06854,23.50125],[120.06913,23.50262],[120.07109,23.50202],[120.07105,23.5032],[120.0699,23.50377],[120.07105,23.50426],[120.07236,23.50197],[120.07537,23.50137],[120.07766,23.50206],[120.07487,23.50337],[120.07703,23.50584],[120.07659,23.50733],[120.07929,23.50896],[120.08248,23.50848],[120.08238,23.51037],[120.08304,23.5108],[120.08213,23.51186],[120.08257,23.51257],[120.0848,23.51152],[120.08741,23.51221],[120.09014,23.51138],[120.09182,23.5121],[120.09356,23.51064],[120.09598,23.51088],[120.09615,23.51161],[120.09495,23.51213],[120.09522,23.51546],[120.09158,23.51984],[120.08857,23.52032],[120.08769,23.52195],[120.08108,23.52412]]],[[[120.09941,23.54166],[120.09851,23.54206],[120.09777,23.54062],[120.09637,23.54128],[120.09684,23.53928],[120.09263,23.53402],[120.0922,23.53182],[120.09115,23.53121],[120.0919,23.52935],[120.0909,23.5292],[120.09112,23.52777],[120.09299,23.52769],[120.09352,23.52563],[120.09498,23.52448],[120.09654,23.52142],[120.0976,23.52142],[120.09896,23.52322],[120.09824,23.52434],[120.09886,23.52552],[120.09818,23.52609],[120.09942,23.52721],[120.09882,23.52839],[120.09988,23.52945],[120.10183,23.52962],[120.1036,23.52919],[120.1042,23.52828],[120.10995,23.52722],[120.11029,23.52811],[120.10932,23.5292],[120.11162,23.52961],[120.1105,23.53069],[120.10898,23.53058],[120.10835,23.53204],[120.10307,23.53165],[120.10549,23.53404],[120.10714,23.53292],[120.108,23.53399],[120.10527,23.53602],[120.10364,23.53862],[120.10281,23.53857],[120.10187,23.54074],[120.09941,23.54166]]],[[[120.13241,23.54673],[120.13197,23.54819],[120.13045,23.54819],[120.12921,23.54704],[120.1302,23.54644],[120.12949,23.54411],[120.1261,23.54416],[120.12642,23.54307],[120.12869,23.54293],[120.12676,23.54141],[120.12664,23.53958],[120.12845,23.53935],[120.12898,23.53844],[120.1272,23.53789],[120.12674,23.53694],[120.1278,23.53599],[120.12609,23.53487],[120.12721,23.53393],[120.12563,23.53118],[120.1271,23.53017],[120.13257,23.53032],[120.12965,23.53095],[120.1275,23.53284],[120.12924,23.53253],[120.13011,23.53385],[120.13073,23.53325],[120.132,23.53417],[120.1325,23.53591],[120.13413,23.53694],[120.13428,23.53924],[120.13592,23.54065],[120.13693,23.54293],[120.13473,23.54367],[120.13379,23.54761],[120.13241,23.54673]]],[[[120.13231,23.56316],[120.13303,23.56354],[120.13275,23.56436],[120.13141,23.5631],[120.12895,23.56387],[120.12448,23.56292],[120.12359,23.55956],[120.12191,23.55829],[120.12287,23.55698],[120.12144,23.55611],[120.11575,23.55662],[120.11473,23.5557],[120.11144,23.55535],[120.11119,23.55394],[120.10505,23.54797],[120.10366,23.54384],[120.10553,23.54264],[120.10572,23.54049],[120.10811,23.53964],[120.10917,23.54153],[120.11063,23.54182],[120.10938,23.54342],[120.11009,23.54569],[120.11248,23.54649],[120.11354,23.54578],[120.11404,23.54644],[120.11537,23.54604],[120.11512,23.54805],[120.11652,23.54951],[120.11925,23.549],[120.11947,23.55077],[120.12058,23.55207],[120.12301,23.55268],[120.12247,23.55431],[120.12387,23.55503],[120.12272,23.55532],[120.12256,23.55629],[120.12365,23.55649],[120.12551,23.55884],[120.12766,23.55728],[120.12783,23.55331],[120.12904,23.55303],[120.12854,23.55194],[120.12985,23.55117],[120.13062,23.55369],[120.12981,23.55504],[120.13167,23.55723],[120.1307,23.55954],[120.13242,23.55952],[120.13076,23.56043],[120.13057,23.56175],[120.13231,23.56316]]],[[[120.13037,23.56901],[120.13251,23.57372],[120.13234,23.57896],[120.13057,23.57801],[120.13033,23.57667],[120.12728,23.57342],[120.12912,23.57173],[120.13037,23.56901]]],[[[120.30655,23.82071],[120.25637,23.83373],[120.25185,23.83592],[120.24376,23.84136],[120.23595,23.84815],[120.22036,23.86622],[120.21924,23.85848],[120.21432,23.85072],[120.21097,23.84919],[120.2052,23.84838],[120.20462,23.84766],[120.20451,23.8449],[120.20839,23.84193],[120.20834,23.84022],[120.20604,23.83429],[120.2015,23.82842],[120.1956,23.82308],[120.19169,23.81825],[120.18677,23.8164],[120.18254,23.81619],[120.18108,23.8098],[120.17802,23.80907],[120.17498,23.80582],[120.17043,23.80666],[120.17024,23.80549],[120.17566,23.80444],[120.17545,23.80315],[120.16507,23.79443],[120.16015,23.7867],[120.15675,23.78455],[120.1619,23.77971],[120.16288,23.77971],[120.16292,23.77247],[120.16918,23.75893],[120.1668,23.75559],[120.16581,23.7419],[120.15582,23.71944],[120.15618,23.71546],[120.15271,23.71313],[120.14895,23.70818],[120.14692,23.70675],[120.14638,23.70311],[120.14721,23.70187],[120.14558,23.69988],[120.14636,23.69627],[120.14602,23.69271],[120.14103,23.68757],[120.13921,23.68424],[120.13522,23.66714],[120.12859,23.65447],[120.12547,23.64573],[120.12396,23.6432],[120.11633,23.63768],[120.11443,23.63441],[120.11512,23.63143],[120.11831,23.62663],[120.12353,23.62185],[120.12522,23.62137],[120.12853,23.62194],[120.1312,23.62437],[120.13537,23.6359],[120.13708,23.63617],[120.1379,23.63464],[120.13832,23.63179],[120.13716,23.62039],[120.13346,23.6195],[120.13301,23.61569],[120.13581,23.6157],[120.13655,23.61472],[120.13995,23.61408],[120.13963,23.59849],[120.14006,23.59722],[120.14147,23.60152],[120.14187,23.59818],[120.14458,23.59817],[120.1448,23.59729],[120.14435,23.59414],[120.14151,23.59191],[120.14075,23.58388],[120.14056,23.57358],[120.14137,23.57199],[120.14345,23.572],[120.14311,23.56765],[120.14149,23.56302],[120.14079,23.56231],[120.13766,23.56198],[120.14005,23.55881],[120.14039,23.55433],[120.13941,23.54952],[120.14047,23.54914],[120.14113,23.54539],[120.14546,23.539],[120.14863,23.53689],[120.14912,23.53362],[120.15027,23.53194],[120.14538,23.52647],[120.14513,23.52563],[120.14642,23.52378],[120.14584,23.52083],[120.15813,23.51593],[120.16456,23.51583],[120.1654,23.51721],[120.16658,23.51723],[120.18097,23.50985],[120.18755,23.51061],[120.18992,23.51005],[120.19458,23.5125],[120.19853,23.51304],[120.20127,23.51244],[120.20098,23.5114],[120.20284,23.51113],[120.20309,23.51205],[120.20626,23.51114],[120.2068,23.51159],[120.20666,23.5106],[120.22304,23.50432],[120.23088,23.50544],[120.2391,23.50769],[120.24477,23.51164],[120.24707,23.51527],[120.24404,23.53261],[120.24191,23.53949],[120.24209,23.54154],[120.24335,23.54361],[120.2489,23.54576],[120.25609,23.54609],[120.2581,23.54376],[120.26136,23.53634],[120.26344,23.53353],[120.26842,23.53028],[120.27191,23.53075],[120.27635,23.54347],[120.28019,23.54588],[120.28259,23.54603],[120.28622,23.54756],[120.29076,23.55054],[120.28905,23.55899],[120.28925,23.56118],[120.29036,23.56257],[120.29535,23.56459],[120.30654,23.56287],[120.31054,23.56445],[120.31023,23.56721],[120.30647,23.57207],[120.30644,23.57358],[120.30743,23.57466],[120.31155,23.57503],[120.31961,23.57238],[120.327,23.57417],[120.33311,23.5792],[120.3336,23.59146],[120.33443,23.59268],[120.34331,23.59192],[120.35497,23.59359],[120.35905,23.59505],[120.3657,23.60248],[120.3665,23.60781],[120.36811,23.60748],[120.37113,23.60949],[120.37998,23.61002],[120.38068,23.61172],[120.38337,23.61291],[120.3828,23.61463],[120.38605,23.6207],[120.3924,23.62239],[120.3922,23.62346],[120.39309,23.62422],[120.39448,23.62405],[120.40264,23.62694],[120.40088,23.63216],[120.40461,23.63419],[120.40641,23.63255],[120.40662,23.62519],[120.40959,23.62524],[120.41297,23.62395],[120.41422,23.62305],[120.41381,23.62241],[120.41579,23.62138],[120.4181,23.62398],[120.4207,23.62517],[120.42202,23.61927],[120.42537,23.61801],[120.42732,23.61932],[120.43034,23.61847],[120.43181,23.62156],[120.43362,23.62287],[120.43703,23.62191],[120.43711,23.62356],[120.43534,23.6244],[120.43529,23.62552],[120.43786,23.62654],[120.44112,23.62598],[120.44264,23.62889],[120.4445,23.63054],[120.44996,23.62942],[120.45303,23.63069],[120.45402,23.62946],[120.45104,23.62713],[120.45427,23.62631],[120.45847,23.62767],[120.46039,23.62934],[120.46613,23.63027],[120.47399,23.63107],[120.47702,23.62954],[120.47925,23.63295],[120.48585,23.63063],[120.48786,23.63071],[120.48716,23.63416],[120.48872,23.6359],[120.49321,23.63313],[120.49762,23.63473],[120.50382,23.63523],[120.50613,23.63362],[120.50749,23.63118],[120.50645,23.62586],[120.5077,23.62299],[120.50945,23.62176],[120.51024,23.61935],[120.51503,23.61519],[120.51809,23.61046],[120.52772,23.60321],[120.52915,23.60027],[120.53213,23.59884],[120.53304,23.59701],[120.53751,23.59453],[120.55192,23.59395],[120.55657,23.59285],[120.55814,23.58906],[120.56084,23.58859],[120.56309,23.58964],[120.56496,23.58951],[120.56709,23.58774],[120.57071,23.58804],[120.57674,23.58352],[120.5803,23.58227],[120.58592,23.5826],[120.58974,23.58572],[120.59108,23.58502],[120.59482,23.58541],[120.60031,23.58313],[120.60651,23.58421],[120.61019,23.58262],[120.61546,23.58532],[120.619,23.58417],[120.62296,23.58802],[120.6232,23.58998],[120.62474,23.59054],[120.63083,23.58995],[120.63678,23.59193],[120.64562,23.59354],[120.64912,23.59247],[120.64708,23.58748],[120.64732,23.58581],[120.64926,23.5857],[120.64919,23.58345],[120.64726,23.58039],[120.64348,23.57821],[120.64346,23.57572],[120.64414,23.57529],[120.64734,23.57665],[120.6507,23.57245],[120.6567,23.57241],[120.65805,23.57288],[120.66068,23.5763],[120.66568,23.57778],[120.66858,23.57778],[120.66996,23.57879],[120.67246,23.57656],[120.67489,23.57125],[120.67624,23.57071],[120.68199,23.57185],[120.68633,23.57488],[120.69369,23.57651],[120.69891,23.57634],[120.70466,23.57498],[120.7089,23.57571],[120.71005,23.57119],[120.7161,23.57107],[120.71657,23.56952],[120.71794,23.56904],[120.7245,23.5719],[120.7279,23.57033],[120.73314,23.57101],[120.73616,23.57046],[120.73517,23.57503],[120.73216,23.57713],[120.73399,23.58421],[120.73234,23.58784],[120.73259,23.58969],[120.7299,23.59364],[120.73271,23.59717],[120.72875,23.59899],[120.72781,23.60138],[120.72455,23.60377],[120.72674,23.60743],[120.73101,23.61109],[120.73077,23.61808],[120.72694,23.61997],[120.72561,23.62172],[120.72309,23.62253],[120.71861,23.6299],[120.7158,23.62944],[120.7131,23.62791],[120.71407,23.62102],[120.71029,23.61916],[120.70688,23.61869],[120.70503,23.61727],[120.70227,23.61739],[120.69679,23.62001],[120.69132,23.62036],[120.68606,23.61821],[120.68547,23.61284],[120.68373,23.61094],[120.67778,23.61105],[120.66913,23.60934],[120.66451,23.61112],[120.6612,23.61047],[120.65835,23.61384],[120.65145,23.61611],[120.65292,23.62187],[120.65254,23.62456],[120.65362,23.62839],[120.653,23.62951],[120.64513,23.63099],[120.64387,23.62825],[120.63873,23.62474],[120.63536,23.61985],[120.6337,23.61913],[120.63078,23.62209],[120.62871,23.63001],[120.63016,23.63264],[120.62907,23.63517],[120.63164,23.63879],[120.63179,23.6402],[120.6352,23.64286],[120.6348,23.64701],[120.63635,23.64825],[120.63509,23.64971],[120.63497,23.65157],[120.63692,23.65543],[120.63685,23.65698],[120.64013,23.66114],[120.64057,23.66438],[120.64439,23.66761],[120.64493,23.67163],[120.64693,23.67271],[120.64604,23.67713],[120.64758,23.67953],[120.64827,23.68279],[120.64624,23.68478],[120.64698,23.68658],[120.64571,23.68721],[120.64551,23.69008],[120.64659,23.69281],[120.6434,23.6997],[120.64567,23.70321],[120.64309,23.70531],[120.64137,23.70563],[120.63971,23.70878],[120.64019,23.71],[120.63898,23.71058],[120.64058,23.71328],[120.6407,23.71425],[120.63973,23.7145],[120.64048,23.7153],[120.64041,23.71939],[120.64168,23.72228],[120.64093,23.72359],[120.64134,23.72453],[120.6397,23.72622],[120.64021,23.73072],[120.64206,23.73064],[120.64454,23.73664],[120.6463,23.73557],[120.65089,23.73617],[120.6546,23.73446],[120.65584,23.73512],[120.65436,23.74199],[120.65569,23.75502],[120.64847,23.77328],[120.64243,23.7817],[120.64037,23.78605],[120.63501,23.78677],[120.63313,23.78889],[120.62832,23.79001],[120.615,23.79136],[120.59278,23.79103],[120.58696,23.79191],[120.57802,23.79528],[120.56028,23.79815],[120.55818,23.79944],[120.55122,23.80113],[120.53546,23.8013],[120.52781,23.79906],[120.50873,23.80045],[120.4984,23.80361],[120.48316,23.80657],[120.47526,23.80904],[120.45812,23.81613],[120.45208,23.81722],[120.44335,23.82266],[120.43952,23.82687],[120.4331,23.83015],[120.42525,23.83025],[120.41843,23.82701],[120.41033,23.82638],[120.38289,23.82856],[120.37032,23.82856],[120.35813,23.82282],[120.33314,23.82229],[120.31639,23.82006],[120.30655,23.82071]]]]}},{"type":"Feature","properties":{"county_code":"10017","county_name":"基隆市","county_id":"C","county_eng":"Keelung City"},"geometry":{"type":"MultiPolygon","coordinates":[[[[121.71015,25.17604],[121.70965,25.17657],[121.7066,25.17396],[121.70224,25.17352],[121.70093,25.16929],[121.69911,25.16894],[121.69894,25.16722],[121.69129,25.16633],[121.69101,25.16465],[121.68882,25.16409],[121.68727,25.16157],[121.68482,25.16011],[121.68317,25.16065],[121.68271,25.15936],[121.68102,25.15918],[121.6784,25.15744],[121.67758,25.15573],[121.67146,25.15557],[121.66962,25.15462],[121.66911,25.15335],[121.66426,25.15223],[121.65827,25.15223],[121.65553,25.14906],[121.65145,25.14797],[121.64961,25.14489],[121.64567,25.14582],[121.642,25.14495],[121.63981,25.14585],[121.63855,25.14419],[121.63452,25.1439],[121.62918,25.14172],[121.62679,25.13974],[121.62792,25.13586],[121.62936,25.13404],[121.63254,25.1324],[121.63313,25.13099],[121.6383,25.13075],[121.64317,25.12768],[121.64489,25.12337],[121.64468,25.1222],[121.64624,25.12106],[121.64568,25.11904],[121.64623,25.11363],[121.65023,25.10955],[121.65222,25.10474],[121.65188,25.1035],[121.65014,25.10332],[121.64892,25.10186],[121.65043,25.10045],[121.65071,25.09845],[121.65551,25.09552],[121.65618,25.09462],[121.65569,25.09345],[121.65766,25.09275],[121.65833,25.09161],[121.6609,25.09089],[121.66193,25.08935],[121.66459,25.08928],[121.6679,25.08576],[121.67402,25.08292],[121.6788,25.08741],[121.6812,25.08802],[121.68163,25.08472],[121.67985,25.08417],[121.68049,25.08189],[121.67909,25.07878],[121.6803,25.0771],[121.6815,25.07704],[121.68841,25.07174],[121.69023,25.0717],[121.69206,25.07032],[121.69653,25.0701],[121.69951,25.06739],[121.70426,25.06793],[121.70661,25.06656],[121.71236,25.06804],[121.71782,25.06382],[121.71909,25.06152],[121.72198,25.06011],[121.72234,25.05868],[121.72594,25.05832],[121.72847,25.05469],[121.7321,25.05271],[121.73749,25.05477],[121.73979,25.05306],[121.74311,25.05247],[121.74371,25.05313],[121.7459,25.053],[121.74762,25.05372],[121.74823,25.05511],[121.75114,25.05726],[121.75554,25.05825],[121.75687,25.05934],[121.75929,25.05945],[121.76243,25.05695],[121.76402,25.05744],[121.7648,25.05955],[121.76734,25.06183],[121.77,25.06349],[121.77172,25.06321],[121.77305,25.06684],[121.77569,25.07],[121.76941,25.07791],[121.76708,25.07877],[121.76124,25.07887],[121.75912,25.08448],[121.75981,25.09024],[121.75835,25.09413],[121.75946,25.09636],[121.75988,25.10062],[121.75679,25.10182],[121.75669,25.10276],[121.75804,25.10369],[121.75742,25.10424],[121.75751,25.1064],[121.75605,25.10841],[121.75395,25.10872],[121.75273,25.10685],[121.75079,25.10783],[121.75002,25.10973],[121.75189,25.11102],[121.75713,25.11012],[121.75938,25.11259],[121.76144,25.11239],[121.76328,25.11345],[121.7669,25.11253],[121.76972,25.11497],[121.77193,25.11906],[121.77352,25.12028],[121.77603,25.11862],[121.78337,25.11662],[121.78592,25.11819],[121.79035,25.1122],[121.79467,25.11257],[121.79568,25.11375],[121.79776,25.11432],[121.79862,25.11666],[121.79758,25.11772],[121.79887,25.11924],[121.7942,25.12335],[121.79453,25.12622],[121.7991,25.12435],[121.7998,25.12313],[121.80227,25.12181],[121.80317,25.12222],[121.80501,25.12534],[121.80377,25.12745],[121.80531,25.12913],[121.80544,25.13038],[121.80402,25.13346],[121.80252,25.13433],[121.8043,25.13789],[121.80407,25.13925],[121.80243,25.14064],[121.80368,25.14114],[121.80308,25.14196],[121.8046,25.14259],[121.80386,25.14312],[121.80436,25.1443],[121.8062,25.14494],[121.80815,25.14774],[121.80703,25.14914],[121.79939,25.14743],[121.79534,25.14806],[121.7949,25.14684],[121.79319,25.14688],[121.79142,25.14839],[121.78915,25.14816],[121.78506,25.14956],[121.78394,25.15165],[121.78197,25.15274],[121.77985,25.15321],[121.77769,25.15147],[121.77454,25.15627],[121.77379,25.15536],[121.77269,25.15559],[121.77666,25.15798],[121.77681,25.15891],[121.78035,25.15879],[121.77288,25.16089],[121.77064,25.16015],[121.76979,25.1617],[121.76665,25.16189],[121.76732,25.16256],[121.76338,25.16409],[121.76231,25.16324],[121.76362,25.16256],[121.76164,25.16223],[121.76255,25.16159],[121.76213,25.16031],[121.76031,25.1604],[121.75995,25.16126],[121.75796,25.16091],[121.75765,25.1598],[121.75616,25.15952],[121.75497,25.16244],[121.75298,25.15852],[121.74849,25.15625],[121.74706,25.15726],[121.74529,25.15681],[121.74398,25.15749],[121.74351,25.15648],[121.74397,25.15687],[121.73851,25.16101],[121.73416,25.15818],[121.73359,25.15903],[121.73424,25.15864],[121.73406,25.15946],[121.73509,25.16017],[121.73393,25.16146],[121.73273,25.16165],[121.73027,25.164],[121.72683,25.16425],[121.72467,25.16578],[121.72365,25.16517],[121.71737,25.16597],[121.71697,25.16732],[121.71575,25.16609],[121.71373,25.16634],[121.71116,25.16493],[121.7086,25.16517],[121.70725,25.16603],[121.70866,25.16757],[121.70819,25.16888],[121.71008,25.17002],[121.70846,25.17268],[121.70881,25.1738],[121.70995,25.17414],[121.71015,25.17604]]],[[[121.78809,25.19568],[121.78455,25.19494],[121.78239,25.19301],[121.78161,25.19003],[121.78295,25.18968],[121.78891,25.19207],[121.78943,25.19517],[121.78809,25.19568]]],[[[121.94642,25.42455],[121.94633,25.42358],[121.94709,25.42414],[121.94642,25.42455]]],[[[122.10914,25.48382],[122.109,25.48407],[122.1084,25.4841],[122.10914,25.48382]]],[[[122.10696,25.48736],[122.10523,25.48777],[122.10447,25.48733],[122.10453,25.486],[122.10326,25.48601],[122.10351,25.48348],[122.10517,25.48202],[122.1078,25.48388],[122.10695,25.48519],[122.10821,25.48683],[122.10696,25.48736]]],[[[122.10698,25.48764],[122.10717,25.48786],[122.10683,25.48784],[122.10698,25.48764]]],[[[122.07836,25.63315],[122.07365,25.63249],[122.07202,25.62854],[122.07299,25.62641],[122.07529,25.62498],[122.07568,25.62544],[122.0759,25.62472],[122.0769,25.62519],[122.07728,25.62362],[122.07921,25.62298],[122.08164,25.62368],[122.08186,25.62466],[122.08098,25.62541],[122.08441,25.62745],[122.08505,25.63035],[122.08395,25.63319],[122.07836,25.63315]]]]}},{"type":"Feature","properties":{"county_code":"63000","county_name":"臺北市","county_id":"A","county_eng":"Taipei City"},"geometry":{"type":"MultiPolygon","coordinates":[[[[121.57098,25.19717],[121.56483,25.20101],[121.56496,25.20278],[121.56267,25.20944],[121.55917,25.21014],[121.555,25.20843],[121.55311,25.2042],[121.55173,25.20355],[121.55152,25.20203],[121.55263,25.20069],[121.55185,25.19775],[121.5507,25.19711],[121.54811,25.198],[121.54337,25.19404],[121.54282,25.18895],[121.54109,25.18738],[121.5358,25.18667],[121.53337,25.18358],[121.526,25.18298],[121.52173,25.17913],[121.52255,25.17468],[121.51994,25.16928],[121.51353,25.171],[121.51042,25.16944],[121.50705,25.17116],[121.50574,25.17108],[121.50484,25.17325],[121.50256,25.17326],[121.50165,25.17129],[121.50184,25.16943],[121.50011,25.16831],[121.49878,25.165],[121.49236,25.16037],[121.48762,25.153],[121.48746,25.15144],[121.48286,25.15022],[121.48084,25.14709],[121.47673,25.1439],[121.47175,25.13749],[121.46895,25.13563],[121.46571,25.13169],[121.46429,25.12758],[121.46482,25.12426],[121.45879,25.12294],[121.46093,25.1162],[121.45801,25.11105],[121.45716,25.10774],[121.46139,25.10386],[121.46609,25.10173],[121.48074,25.10095],[121.48874,25.09714],[121.49976,25.08724],[121.50263,25.08297],[121.50581,25.07552],[121.50697,25.07096],[121.50692,25.06704],[121.50539,25.05934],[121.50622,25.05364],[121.50466,25.0498],[121.50135,25.04595],[121.49678,25.04347],[121.48881,25.04257],[121.48509,25.03911],[121.48366,25.0363],[121.48487,25.03162],[121.48879,25.02335],[121.48876,25.01532],[121.48956,25.01318],[121.49265,25.00953],[121.49579,25.00942],[121.49972,25.01154],[121.50911,25.02134],[121.51255,25.02173],[121.51844,25.01999],[121.52112,25.01811],[121.52596,25.01164],[121.53086,25.00966],[121.53214,25.00813],[121.5339,25.00339],[121.5315,25.00101],[121.53051,24.99801],[121.53174,24.99415],[121.53169,24.99051],[121.53517,24.99514],[121.53704,24.99236],[121.5369,24.98865],[121.53945,24.98773],[121.54417,24.98821],[121.5448,24.98703],[121.5442,24.98477],[121.54505,24.98367],[121.54903,24.98376],[121.55087,24.98542],[121.55084,24.98723],[121.55236,24.98697],[121.55393,24.9848],[121.55305,24.98075],[121.55367,24.97742],[121.5552,24.97654],[121.55612,24.9733],[121.55764,24.97196],[121.55854,24.96833],[121.56121,24.96471],[121.57253,24.96398],[121.57434,24.96529],[121.57455,24.96685],[121.57841,24.96661],[121.58111,24.96513],[121.58465,24.9645],[121.58567,24.96321],[121.58874,24.96338],[121.59116,24.96461],[121.59196,24.96394],[121.59339,24.96421],[121.59487,24.96153],[121.59707,24.96051],[121.59843,24.96126],[121.60123,24.96089],[121.60505,24.96295],[121.6083,24.96308],[121.61366,24.96644],[121.61499,24.96618],[121.61692,24.96752],[121.61809,24.96683],[121.61963,24.96716],[121.62001,24.96945],[121.61429,24.97354],[121.61134,24.97461],[121.6052,24.97436],[121.6005,24.9767],[121.5995,24.97815],[121.60066,24.98032],[121.59985,24.98639],[121.60182,24.98791],[121.60196,24.99029],[121.59905,24.99171],[121.59936,24.993],[121.59813,24.9945],[121.60052,24.99847],[121.60046,25.00108],[121.59788,25.00415],[121.5959,25.00451],[121.59586,25.00911],[121.59756,25.01328],[121.5974,25.01469],[121.60262,25.01508],[121.60412,25.01909],[121.6082,25.01944],[121.60925,25.02095],[121.61034,25.01987],[121.61337,25.01914],[121.61607,25.0197],[121.61752,25.01841],[121.62054,25.01839],[121.62328,25.01727],[121.62692,25.01954],[121.62893,25.01993],[121.6308,25.02454],[121.63235,25.02564],[121.63561,25.02401],[121.63568,25.02321],[121.63755,25.02408],[121.6408,25.02349],[121.64297,25.02456],[121.64492,25.02356],[121.64624,25.02172],[121.6499,25.02397],[121.65381,25.02442],[121.66283,25.02275],[121.66405,25.02318],[121.66493,25.0247],[121.66483,25.0278],[121.66593,25.02988],[121.66079,25.03045],[121.65514,25.02744],[121.65184,25.02815],[121.65023,25.02763],[121.64797,25.02864],[121.64671,25.028],[121.64584,25.02945],[121.6399,25.03202],[121.6379,25.03374],[121.63406,25.0348],[121.63347,25.03574],[121.6302,25.03508],[121.62947,25.03673],[121.62492,25.03773],[121.61905,25.04354],[121.61645,25.04815],[121.61633,25.05064],[121.62092,25.05351],[121.62052,25.05665],[121.62342,25.055],[121.62426,25.05574],[121.62077,25.06136],[121.61612,25.06392],[121.61682,25.06588],[121.61792,25.06516],[121.61762,25.0676],[121.6215,25.06958],[121.62061,25.07323],[121.62159,25.07479],[121.62276,25.07466],[121.62323,25.07711],[121.62493,25.078],[121.62507,25.07884],[121.6239,25.07825],[121.62425,25.08035],[121.62797,25.08325],[121.62752,25.08458],[121.62861,25.08647],[121.62821,25.08806],[121.62598,25.09052],[121.62631,25.09147],[121.62505,25.09367],[121.62621,25.09609],[121.62545,25.09704],[121.62203,25.09741],[121.6174,25.10112],[121.61546,25.10384],[121.61037,25.10517],[121.60629,25.10729],[121.59959,25.10843],[121.59751,25.10947],[121.5965,25.11128],[121.59557,25.1141],[121.59749,25.11622],[121.59886,25.12012],[121.60076,25.12185],[121.60171,25.12603],[121.60443,25.12592],[121.60782,25.1302],[121.60458,25.13086],[121.60456,25.13454],[121.60568,25.13674],[121.60407,25.13618],[121.59838,25.14031],[121.59579,25.14343],[121.596,25.14476],[121.59391,25.14806],[121.59357,25.1503],[121.58938,25.15239],[121.59183,25.15589],[121.58986,25.16372],[121.58792,25.16298],[121.58321,25.16582],[121.57885,25.16561],[121.57706,25.16701],[121.57738,25.17016],[121.58171,25.17379],[121.5835,25.17684],[121.58086,25.1818],[121.58275,25.18434],[121.58185,25.18641],[121.58298,25.18856],[121.58399,25.18879],[121.58377,25.19199],[121.5827,25.1931],[121.58376,25.1946],[121.58054,25.19535],[121.57908,25.19413],[121.57577,25.19559],[121.5729,25.19499],[121.57094,25.19616],[121.57098,25.19717]]]]}},{"type":"Feature","properties":{"county_code":"65000","county_name":"新北市","county_id":"F","county_eng":"New Taipei City"},"geometry":{"type":"MultiPolygon","coordinates":[[[[121.53752,25.30003],[121.53623,25.29976],[121.53376,25.29707],[121.53359,25.29499],[121.53484,25.29249],[121.5345,25.29111],[121.52851,25.28706],[121.52593,25.28602],[121.52169,25.28687],[121.51981,25.28502],[121.5169,25.2849],[121.51401,25.28667],[121.5134,25.28995],[121.51185,25.2918],[121.51071,25.292],[121.50831,25.2898],[121.50844,25.28693],[121.50936,25.28548],[121.50899,25.28293],[121.50651,25.28255],[121.50576,25.28108],[121.50364,25.28131],[121.5026,25.27971],[121.50125,25.27987],[121.50125,25.28047],[121.49866,25.27866],[121.49734,25.27885],[121.49097,25.27471],[121.48094,25.27088],[121.47703,25.26627],[121.47441,25.25965],[121.47157,25.25599],[121.46735,25.25331],[121.4625,25.25205],[121.45618,25.25316],[121.45268,25.25281],[121.44847,25.24798],[121.44581,25.24256],[121.44611,25.24037],[121.44536,25.23797],[121.4434,25.23423],[121.44352,25.23253],[121.44226,25.22961],[121.44088,25.22843],[121.43731,25.21967],[121.43763,25.21802],[121.43086,25.21589],[121.42466,25.20792],[121.41826,25.19742],[121.41868,25.19506],[121.41775,25.19426],[121.41939,25.19255],[121.419,25.19185],[121.41421,25.19012],[121.41223,25.18995],[121.41089,25.19071],[121.40485,25.18984],[121.4039,25.18698],[121.40459,25.18608],[121.40429,25.1831],[121.41636,25.18066],[121.41884,25.17741],[121.41252,25.16849],[121.40893,25.16498],[121.40551,25.168],[121.40886,25.1649],[121.40552,25.16043],[121.40257,25.15883],[121.39156,25.16798],[121.38782,25.15192],[121.38976,25.14774],[121.37947,25.143],[121.37199,25.14199],[121.37165,25.141],[121.36911,25.13959],[121.36627,25.13928],[121.36526,25.14017],[121.36398,25.13718],[121.35993,25.13475],[121.35606,25.13344],[121.35259,25.13118],[121.34688,25.12988],[121.34503,25.12843],[121.34171,25.12871],[121.33552,25.12609],[121.32013,25.12342],[121.31763,25.12412],[121.31022,25.12375],[121.30964,25.12586],[121.30494,25.12611],[121.30414,25.12416],[121.30062,25.12521],[121.29876,25.1242],[121.29671,25.12617],[121.29684,25.12265],[121.2947,25.12212],[121.2949,25.12082],[121.29259,25.1191],[121.28766,25.1179],[121.28338,25.11781],[121.2839,25.11245],[121.28274,25.10964],[121.28714,25.10682],[121.29024,25.10686],[121.29161,25.10264],[121.29549,25.10302],[121.2983,25.10449],[121.30122,25.10168],[121.30138,25.09848],[121.30278,25.09679],[121.31051,25.09655],[121.31823,25.09301],[121.32501,25.09255],[121.32805,25.09099],[121.33012,25.08826],[121.33829,25.08374],[121.34359,25.08422],[121.34949,25.08225],[121.35025,25.08124],[121.34942,25.08075],[121.34893,25.08122],[121.34246,25.0801],[121.34797,25.0788],[121.34524,25.07855],[121.34635,25.07679],[121.34421,25.07785],[121.34447,25.07606],[121.34622,25.07564],[121.3446,25.07503],[121.3428,25.07531],[121.34156,25.07662],[121.34116,25.07571],[121.34045,25.07636],[121.34052,25.07408],[121.3426,25.0735],[121.34185,25.07267],[121.34803,25.07382],[121.34991,25.07663],[121.35042,25.07528],[121.34989,25.07354],[121.35175,25.07446],[121.35345,25.07329],[121.35171,25.07357],[121.34984,25.0713],[121.34893,25.07242],[121.34824,25.07106],[121.34644,25.0703],[121.34969,25.06966],[121.35213,25.06793],[121.35229,25.0688],[121.35377,25.06859],[121.35508,25.06708],[121.35488,25.06515],[121.36425,25.06497],[121.37667,25.06609],[121.38215,25.0643],[121.3829,25.06294],[121.3883,25.06307],[121.38817,25.06156],[121.39107,25.06152],[121.39092,25.06081],[121.38894,25.0607],[121.38768,25.05972],[121.38973,25.05906],[121.38849,25.05831],[121.38858,25.05685],[121.38559,25.05811],[121.38572,25.0568],[121.38744,25.05498],[121.38443,25.05256],[121.38949,25.05348],[121.38986,25.05284],[121.39081,25.0533],[121.39088,25.05448],[121.39261,25.05507],[121.39103,25.05358],[121.39294,25.05398],[121.39752,25.05146],[121.4007,25.05139],[121.39975,25.04937],[121.39861,25.05097],[121.39758,25.05053],[121.39852,25.04847],[121.39441,25.05043],[121.39392,25.0492],[121.39441,25.0475],[121.39603,25.04856],[121.39942,25.04782],[121.39769,25.04629],[121.39956,25.04603],[121.39993,25.04492],[121.40306,25.04566],[121.39825,25.04401],[121.40068,25.04324],[121.39386,25.04378],[121.39067,25.04186],[121.39355,25.042],[121.39437,25.04009],[121.39758,25.03849],[121.39896,25.03861],[121.39958,25.0375],[121.40107,25.03773],[121.4012,25.03637],[121.39958,25.03588],[121.4012,25.03445],[121.39857,25.03476],[121.39826,25.0301],[121.40107,25.02879],[121.40133,25.02638],[121.40376,25.02528],[121.40443,25.02391],[121.40867,25.02086],[121.41061,25.02105],[121.4107,25.01981],[121.41212,25.01885],[121.41121,25.01798],[121.40925,25.0184],[121.40414,25.01719],[121.40162,25.01577],[121.39724,25.01622],[121.39465,25.01465],[121.39265,25.01558],[121.39216,25.01265],[121.39115,25.0121],[121.39365,25.00981],[121.39951,25.00697],[121.40023,25.00423],[121.40204,25.00253],[121.4019,25.00117],[121.40326,25.00025],[121.40303,24.99905],[121.39869,24.99836],[121.39683,24.9973],[121.39647,24.99555],[121.39402,24.99343],[121.39049,24.99332],[121.38803,24.9964],[121.38418,24.99572],[121.38358,24.99351],[121.38432,24.99169],[121.3834,24.98861],[121.38545,24.98605],[121.38234,24.98398],[121.37932,24.98357],[121.37659,24.98119],[121.3724,24.97994],[121.36935,24.9769],[121.3639,24.97959],[121.36141,24.97882],[121.36122,24.97781],[121.35409,24.9778],[121.35234,24.98085],[121.34714,24.97885],[121.34267,24.98232],[121.34102,24.98024],[121.33679,24.98068],[121.33382,24.97869],[121.33157,24.97864],[121.33075,24.97936],[121.32749,24.97849],[121.32714,24.97767],[121.3286,24.97627],[121.32743,24.97475],[121.32367,24.97282],[121.32403,24.97111],[121.32804,24.97288],[121.32853,24.97194],[121.32859,24.96847],[121.32693,24.96659],[121.32884,24.96789],[121.3298,24.9669],[121.32804,24.96545],[121.32915,24.96058],[121.32809,24.95526],[121.32799,24.94919],[121.33162,24.94564],[121.33041,24.94454],[121.32414,24.94329],[121.31577,24.93848],[121.31814,24.9348],[121.3207,24.93367],[121.32122,24.93207],[121.32192,24.93233],[121.32321,24.93128],[121.32205,24.92804],[121.33324,24.92983],[121.3398,24.9285],[121.33517,24.92492],[121.32795,24.92474],[121.32475,24.92344],[121.31758,24.91636],[121.32029,24.91355],[121.32245,24.91259],[121.32358,24.90991],[121.3262,24.90918],[121.32621,24.9072],[121.32402,24.90471],[121.32189,24.9036],[121.32149,24.90143],[121.32031,24.9002],[121.32716,24.8959],[121.33056,24.89778],[121.33178,24.89981],[121.33324,24.89944],[121.3334,24.89635],[121.33207,24.89352],[121.33324,24.89317],[121.33365,24.89154],[121.33854,24.89337],[121.34052,24.89232],[121.34212,24.89259],[121.34113,24.888],[121.34472,24.88577],[121.34566,24.87999],[121.34724,24.87869],[121.35058,24.87859],[121.35207,24.87676],[121.35346,24.87652],[121.3534,24.87498],[121.35444,24.87347],[121.35311,24.8711],[121.34937,24.86876],[121.34575,24.86809],[121.34504,24.86694],[121.34633,24.8656],[121.34835,24.86073],[121.34948,24.85969],[121.35342,24.85865],[121.35556,24.85506],[121.35783,24.85446],[121.35807,24.85329],[121.35479,24.85335],[121.35334,24.85059],[121.35186,24.85061],[121.35273,24.84912],[121.34985,24.84965],[121.35037,24.84877],[121.34871,24.84835],[121.34786,24.85095],[121.34763,24.84994],[121.3462,24.85012],[121.34294,24.84877],[121.33726,24.84841],[121.33616,24.84688],[121.33613,24.8438],[121.34,24.84339],[121.34674,24.84589],[121.35482,24.84397],[121.35778,24.83952],[121.36005,24.83818],[121.36415,24.83814],[121.37011,24.83623],[121.37281,24.83498],[121.37281,24.83379],[121.37361,24.83328],[121.38334,24.83699],[121.38454,24.83802],[121.38503,24.84081],[121.38807,24.84241],[121.3904,24.84248],[121.39366,24.84398],[121.39703,24.8438],[121.39798,24.84178],[121.39989,24.84156],[121.40284,24.84355],[121.40804,24.84113],[121.41268,24.83696],[121.4156,24.8356],[121.41384,24.83196],[121.41607,24.82875],[121.41691,24.82557],[121.42364,24.82543],[121.42503,24.8228],[121.42528,24.82011],[121.427,24.81905],[121.42956,24.81528],[121.43656,24.81206],[121.43695,24.80556],[121.43797,24.80374],[121.43709,24.79818],[121.43759,24.79638],[121.4457,24.79013],[121.45038,24.79092],[121.45039,24.78985],[121.44883,24.78825],[121.4496,24.78619],[121.44596,24.78172],[121.44057,24.77914],[121.43691,24.77372],[121.43142,24.77194],[121.42622,24.76783],[121.4233,24.76202],[121.42583,24.76059],[121.42556,24.7584],[121.42848,24.75346],[121.42921,24.74995],[121.42868,24.74807],[121.43015,24.74555],[121.43036,24.74346],[121.43274,24.74075],[121.43297,24.73683],[121.43534,24.73331],[121.4342,24.73013],[121.43831,24.72659],[121.44095,24.72608],[121.44489,24.71515],[121.44878,24.71219],[121.45022,24.70568],[121.46254,24.70164],[121.46949,24.69615],[121.47095,24.69679],[121.47423,24.6961],[121.47479,24.69348],[121.47303,24.6898],[121.47394,24.68533],[121.47541,24.68365],[121.47595,24.67927],[121.47999,24.67385],[121.48473,24.67383],[121.48791,24.67519],[121.493,24.67325],[121.49635,24.67513],[121.49902,24.67795],[121.50499,24.67949],[121.5073,24.68234],[121.51173,24.68436],[121.51368,24.68431],[121.5148,24.68324],[121.52379,24.6833],[121.52695,24.68526],[121.52713,24.68853],[121.52787,24.68897],[121.52949,24.68758],[121.53655,24.68833],[121.53762,24.69024],[121.53755,24.69402],[121.53888,24.69478],[121.53786,24.69985],[121.54083,24.70231],[121.5432,24.70565],[121.54727,24.70628],[121.55061,24.70574],[121.55443,24.70837],[121.55637,24.71122],[121.55823,24.71093],[121.56253,24.71284],[121.56777,24.71157],[121.57037,24.71397],[121.57215,24.71059],[121.57481,24.71011],[121.57727,24.71488],[121.57756,24.72077],[121.5783,24.72236],[121.58381,24.72046],[121.58737,24.72019],[121.59056,24.72357],[121.59754,24.72768],[121.59783,24.72928],[121.59376,24.72954],[121.595,24.73249],[121.59416,24.735],[121.5953,24.73963],[121.59492,24.74084],[121.59192,24.74333],[121.59166,24.74492],[121.59466,24.74643],[121.59612,24.7483],[121.59458,24.75019],[121.59032,24.75125],[121.58897,24.75515],[121.58939,24.75721],[121.59081,24.75878],[121.59077,24.76135],[121.59343,24.76482],[121.59627,24.76694],[121.59558,24.7693],[121.59758,24.77217],[121.59439,24.77899],[121.59432,24.78105],[121.59325,24.78211],[121.59337,24.78503],[121.59208,24.78774],[121.59888,24.7877],[121.60292,24.78944],[121.60564,24.78913],[121.60963,24.79377],[121.61333,24.7932],[121.6168,24.79389],[121.62095,24.79251],[121.62546,24.79506],[121.626,24.79667],[121.62481,24.80161],[121.62594,24.80285],[121.62641,24.80528],[121.62582,24.80878],[121.62866,24.80796],[121.6304,24.80902],[121.63722,24.80944],[121.63879,24.81073],[121.64503,24.80929],[121.6462,24.81032],[121.64737,24.81395],[121.64866,24.81266],[121.65051,24.81297],[121.65311,24.81127],[121.66068,24.81083],[121.66105,24.81194],[121.66862,24.81679],[121.66904,24.81801],[121.67427,24.81413],[121.67531,24.8147],[121.67715,24.81409],[121.68123,24.81762],[121.68306,24.81691],[121.68619,24.81753],[121.68728,24.8162],[121.6883,24.81613],[121.68927,24.81717],[121.68894,24.81933],[121.69011,24.8215],[121.68764,24.82491],[121.69616,24.8299],[121.6964,24.83462],[121.69815,24.83421],[121.69916,24.83558],[121.70186,24.8344],[121.70836,24.83907],[121.70891,24.84055],[121.71426,24.84179],[121.71558,24.84435],[121.71973,24.84559],[121.7206,24.84875],[121.72191,24.84985],[121.7252,24.85079],[121.72716,24.85315],[121.73041,24.85525],[121.73659,24.8557],[121.73842,24.85524],[121.74198,24.85246],[121.74577,24.85286],[121.74796,24.85495],[121.75062,24.85448],[121.75346,24.85499],[121.75428,24.85641],[121.76098,24.8567],[121.7621,24.85878],[121.76156,24.86016],[121.76278,24.86126],[121.7633,24.86005],[121.76437,24.85989],[121.76609,24.86252],[121.76783,24.86366],[121.76739,24.86496],[121.76848,24.86579],[121.77114,24.86487],[121.77548,24.86513],[121.77518,24.86673],[121.77732,24.87077],[121.78321,24.87422],[121.78429,24.87363],[121.7852,24.87419],[121.78427,24.87758],[121.78223,24.87919],[121.78168,24.88947],[121.78298,24.89038],[121.78557,24.89059],[121.78578,24.8925],[121.79,24.89346],[121.79293,24.89616],[121.79199,24.89987],[121.79518,24.89976],[121.79716,24.90162],[121.79888,24.90087],[121.8022,24.901],[121.80336,24.90181],[121.80462,24.90119],[121.80614,24.90255],[121.81047,24.90363],[121.81045,24.9052],[121.81163,24.90652],[121.81837,24.90271],[121.82551,24.90527],[121.827,24.90455],[121.82809,24.90537],[121.83181,24.90491],[121.83328,24.90665],[121.83595,24.90796],[121.83965,24.91277],[121.84394,24.91597],[121.84559,24.91937],[121.85393,24.92564],[121.85386,24.92788],[121.84914,24.93033],[121.84673,24.93772],[121.84243,24.93936],[121.84004,24.9418],[121.83904,24.94464],[121.83924,24.94643],[121.84067,24.94787],[121.84175,24.95113],[121.8414,24.95427],[121.84296,24.95513],[121.84347,24.9569],[121.84518,24.95775],[121.8456,24.95932],[121.84685,24.96027],[121.84875,24.96],[121.85035,24.96118],[121.85256,24.95961],[121.85401,24.96],[121.85437,24.9616],[121.8609,24.96366],[121.86362,24.96214],[121.87154,24.96072],[121.87313,24.96154],[121.87605,24.96146],[121.88252,24.96417],[121.88586,24.96421],[121.88856,24.96318],[121.88957,24.96476],[121.8972,24.96707],[121.90282,24.97438],[121.90411,24.97467],[121.90542,24.97342],[121.90653,24.97535],[121.90826,24.97587],[121.91032,24.97478],[121.91096,24.97693],[121.91486,24.97935],[121.91898,24.97865],[121.92081,24.97972],[121.92274,24.9786],[121.92677,24.98017],[121.92849,24.97965],[121.93061,24.98104],[121.93349,24.9809],[121.93445,24.98315],[121.93748,24.98303],[121.93871,24.98488],[121.94041,24.98445],[121.94463,24.98818],[121.94789,24.98667],[121.95038,24.98833],[121.95525,24.98834],[121.95808,24.98729],[121.96107,24.9883],[121.9629,24.98771],[121.96679,24.98246],[121.96771,24.98482],[121.97196,24.9846],[121.97221,24.98536],[121.97474,24.9853],[121.97607,24.98881],[121.97754,24.99007],[121.98092,24.99108],[121.98388,24.99056],[121.98929,24.99375],[121.99667,25.00076],[122.00358,25.002],[122.00515,25.00155],[122.00599,25.00333],[122.00531,25.00449],[122.00567,25.00777],[122.00705,25.00864],[122.00584,25.00864],[122.00749,25.01174],[122.00649,25.01103],[122.00508,25.01338],[122.00633,25.01539],[122.00523,25.01476],[122.00499,25.01567],[122.00413,25.0155],[122.0031,25.01444],[122.00181,25.01481],[122.00205,25.01543],[122.00144,25.01523],[121.99911,25.01962],[121.99801,25.01943],[121.99776,25.02076],[121.99762,25.01949],[121.99393,25.01602],[121.99317,25.01425],[121.99117,25.01296],[121.99228,25.01647],[121.99016,25.02106],[121.98301,25.02492],[121.97788,25.02662],[121.97364,25.02656],[121.96759,25.02399],[121.96486,25.02469],[121.96087,25.02299],[121.95085,25.02189],[121.95,25.02239],[121.95064,25.02169],[121.94966,25.02162],[121.94996,25.02046],[121.9471,25.02107],[121.94224,25.02464],[121.93455,25.03236],[121.93205,25.03586],[121.92895,25.041],[121.93032,25.04207],[121.92899,25.04218],[121.92887,25.04303],[121.93,25.04315],[121.92949,25.04351],[121.9304,25.04415],[121.9303,25.04553],[121.92895,25.04624],[121.92975,25.05135],[121.93156,25.05411],[121.93066,25.05602],[121.93132,25.05617],[121.93065,25.05991],[121.93133,25.0601],[121.9307,25.06106],[121.93178,25.06107],[121.93126,25.06156],[121.93171,25.06312],[121.92814,25.06882],[121.92845,25.07087],[121.92448,25.07266],[121.91984,25.0763],[121.91665,25.07597],[121.91554,25.07664],[121.91544,25.07871],[121.91662,25.0791],[121.91617,25.07969],[121.91687,25.0814],[121.91441,25.08548],[121.915,25.08883],[121.91443,25.08975],[121.91736,25.09426],[121.91959,25.09485],[121.91971,25.09769],[121.91851,25.09997],[121.91918,25.10025],[121.91944,25.10225],[121.92192,25.10406],[121.92415,25.10368],[121.92322,25.10532],[121.92545,25.1061],[121.92654,25.10815],[121.92319,25.11329],[121.92117,25.11415],[121.9186,25.11252],[121.91603,25.11386],[121.91694,25.11618],[121.92081,25.11746],[121.9212,25.12132],[121.92414,25.12404],[121.92678,25.12885],[121.92401,25.13012],[121.91969,25.12785],[121.91647,25.12727],[121.91475,25.12424],[121.91377,25.12416],[121.91356,25.12493],[121.91074,25.12333],[121.90452,25.12432],[121.90442,25.12329],[121.90175,25.1213],[121.89707,25.1197],[121.89597,25.12101],[121.89461,25.12016],[121.89307,25.12063],[121.89164,25.11957],[121.89102,25.12028],[121.88981,25.11987],[121.88897,25.1205],[121.8897,25.12172],[121.88728,25.1225],[121.88802,25.12325],[121.88629,25.12249],[121.88436,25.12333],[121.88453,25.12397],[121.88342,25.12333],[121.88301,25.12405],[121.88069,25.12338],[121.88055,25.12395],[121.87932,25.12308],[121.87598,25.12556],[121.87475,25.12486],[121.87372,25.12539],[121.87363,25.12479],[121.87251,25.12539],[121.8715,25.1238],[121.86987,25.12538],[121.8685,25.12315],[121.86503,25.12315],[121.86405,25.12421],[121.86262,25.1243],[121.86248,25.12633],[121.86132,25.12509],[121.86091,25.12556],[121.86063,25.12458],[121.85608,25.12481],[121.84894,25.12725],[121.84286,25.12782],[121.843,25.12853],[121.84185,25.12886],[121.84147,25.12804],[121.84069,25.1286],[121.83692,25.12792],[121.83409,25.12843],[121.83374,25.12701],[121.83211,25.12778],[121.8315,25.12703],[121.82881,25.12765],[121.82956,25.12438],[121.828,25.12274],[121.82772,25.12522],[121.82638,25.12417],[121.82734,25.12439],[121.82797,25.1222],[121.82564,25.12255],[121.82539,25.12173],[121.82253,25.12144],[121.81975,25.12444],[121.82044,25.12535],[121.81954,25.12512],[121.81941,25.12864],[121.82171,25.13054],[121.82193,25.13259],[121.82412,25.13198],[121.82339,25.13277],[121.8266,25.13599],[121.82269,25.13627],[121.81807,25.13426],[121.81541,25.13476],[121.81042,25.1331],[121.80684,25.13562],[121.8035,25.13621],[121.80252,25.13433],[121.80402,25.13346],[121.80532,25.13121],[121.80531,25.12913],[121.80377,25.12745],[121.80501,25.12534],[121.80236,25.12177],[121.7998,25.12313],[121.7991,25.12435],[121.79461,25.1264],[121.7942,25.12335],[121.79887,25.11909],[121.79758,25.11772],[121.79862,25.11666],[121.79776,25.11432],[121.79568,25.11375],[121.79477,25.11262],[121.79015,25.11227],[121.78592,25.11819],[121.78337,25.11662],[121.77603,25.11862],[121.77352,25.12028],[121.77193,25.11906],[121.76972,25.11497],[121.7669,25.11253],[121.76328,25.11345],[121.76144,25.11239],[121.75938,25.11259],[121.75713,25.11012],[121.75189,25.11102],[121.75002,25.10973],[121.75079,25.10783],[121.75273,25.10685],[121.75395,25.10872],[121.75605,25.10841],[121.75751,25.1064],[121.75742,25.10424],[121.75804,25.10369],[121.75669,25.10276],[121.75679,25.10182],[121.75988,25.10062],[121.75946,25.09636],[121.75835,25.09413],[121.75981,25.09024],[121.75912,25.08448],[121.76124,25.07887],[121.76708,25.07877],[121.76941,25.07791],[121.77569,25.07],[121.77305,25.06684],[121.77172,25.06321],[121.77,25.06349],[121.76734,25.06183],[121.7648,25.05955],[121.76402,25.05744],[121.76243,25.05695],[121.75929,25.05945],[121.75687,25.05934],[121.75554,25.05825],[121.75114,25.05726],[121.74823,25.05511],[121.74762,25.05372],[121.7459,25.053],[121.74371,25.05313],[121.74311,25.05247],[121.73979,25.05306],[121.73749,25.05477],[121.7321,25.05271],[121.72847,25.05469],[121.72594,25.05832],[121.72234,25.05868],[121.72198,25.06011],[121.71909,25.06152],[121.71782,25.06382],[121.71236,25.06804],[121.70661,25.06656],[121.70426,25.06793],[121.69951,25.06739],[121.69653,25.0701],[121.69206,25.07032],[121.69023,25.0717],[121.68841,25.07174],[121.6815,25.07704],[121.6803,25.0771],[121.67909,25.07878],[121.68049,25.08189],[121.67985,25.08417],[121.68163,25.08472],[121.6812,25.08802],[121.6788,25.08741],[121.67402,25.08292],[121.6679,25.08576],[121.66459,25.08928],[121.66193,25.08935],[121.6609,25.09089],[121.65833,25.09161],[121.65766,25.09275],[121.65569,25.09345],[121.65618,25.09462],[121.65551,25.09552],[121.65071,25.09845],[121.65043,25.10045],[121.64892,25.10186],[121.65014,25.10332],[121.65188,25.1035],[121.65222,25.10474],[121.65023,25.10955],[121.64623,25.11363],[121.64568,25.11904],[121.64624,25.12106],[121.64468,25.1222],[121.64489,25.12337],[121.64317,25.12768],[121.6383,25.13075],[121.63313,25.13099],[121.63254,25.1324],[121.62838,25.13501],[121.62679,25.13974],[121.62918,25.14172],[121.63432,25.14384],[121.63867,25.14424],[121.63981,25.14585],[121.642,25.14495],[121.64567,25.14582],[121.64961,25.14489],[121.65145,25.14797],[121.65553,25.14906],[121.65827,25.15223],[121.66426,25.15223],[121.66911,25.15335],[121.66962,25.15462],[121.67146,25.15557],[121.67758,25.15573],[121.6784,25.15744],[121.68102,25.15918],[121.68271,25.15936],[121.68317,25.16065],[121.68482,25.16011],[121.68727,25.16157],[121.68882,25.16409],[121.69101,25.16465],[121.69129,25.16633],[121.69894,25.16722],[121.69911,25.16894],[121.70093,25.16929],[121.70224,25.17352],[121.7064,25.1739],[121.70883,25.17544],[121.70965,25.17657],[121.70718,25.17604],[121.70657,25.17696],[121.70461,25.17684],[121.70272,25.18059],[121.69887,25.18097],[121.69668,25.18279],[121.69723,25.18146],[121.69465,25.18164],[121.69266,25.18013],[121.68769,25.18563],[121.68571,25.1901],[121.68646,25.19085],[121.68593,25.1924],[121.68882,25.19554],[121.68951,25.19465],[121.68979,25.19658],[121.69232,25.19784],[121.69334,25.19987],[121.69469,25.20042],[121.69401,25.20177],[121.696,25.20392],[121.69422,25.2034],[121.69394,25.20444],[121.69272,25.20331],[121.69211,25.20408],[121.69321,25.20444],[121.69184,25.20471],[121.69279,25.20471],[121.69276,25.20668],[121.70101,25.21422],[121.70094,25.21535],[121.70252,25.21626],[121.7017,25.21652],[121.70237,25.21714],[121.70131,25.21749],[121.69651,25.21467],[121.69266,25.20816],[121.69037,25.20822],[121.68964,25.20756],[121.68848,25.20832],[121.68937,25.20737],[121.68826,25.2065],[121.68931,25.20584],[121.68889,25.20523],[121.68732,25.20508],[121.68725,25.20784],[121.68599,25.20819],[121.68247,25.20558],[121.68139,25.20564],[121.68145,25.20429],[121.67929,25.20282],[121.67848,25.20264],[121.67794,25.20392],[121.67808,25.20595],[121.67489,25.20401],[121.67408,25.20421],[121.67531,25.20319],[121.67443,25.20236],[121.67345,25.20365],[121.6727,25.20213],[121.67005,25.20297],[121.66959,25.20408],[121.66504,25.2066],[121.6661,25.20798],[121.66488,25.20667],[121.66427,25.20704],[121.66429,25.20924],[121.66284,25.20748],[121.66222,25.20774],[121.66373,25.20968],[121.66191,25.20809],[121.66083,25.20818],[121.66213,25.20847],[121.6577,25.21156],[121.65346,25.21628],[121.65001,25.223],[121.65119,25.22492],[121.65218,25.2252],[121.65166,25.22595],[121.65374,25.22916],[121.65134,25.23051],[121.65256,25.23248],[121.65215,25.23327],[121.64786,25.23224],[121.64693,25.23303],[121.64868,25.23011],[121.64594,25.23012],[121.64732,25.23111],[121.64639,25.23148],[121.64559,25.23029],[121.64342,25.23064],[121.63826,25.23456],[121.63759,25.23554],[121.63796,25.23683],[121.6366,25.23629],[121.63503,25.23814],[121.63388,25.24063],[121.63588,25.25009],[121.63412,25.26004],[121.62973,25.26679],[121.62312,25.27391],[121.61785,25.27814],[121.60793,25.28146],[121.60394,25.28649],[121.5976,25.28995],[121.59733,25.29134],[121.59803,25.29143],[121.58868,25.29263],[121.57754,25.29895],[121.5693,25.29846],[121.56674,25.29569],[121.56607,25.29595],[121.56684,25.29505],[121.56542,25.29404],[121.56566,25.29326],[121.56196,25.29314],[121.5603,25.29198],[121.55355,25.29304],[121.55039,25.29163],[121.54747,25.29173],[121.54121,25.29459],[121.54071,25.29785],[121.53752,25.30003]],[[121.55215,25.19825],[121.55263,25.20069],[121.55152,25.20203],[121.55173,25.20355],[121.55311,25.2042],[121.555,25.20843],[121.55974,25.21018],[121.56272,25.20936],[121.56496,25.20278],[121.56483,25.20101],[121.5661,25.19968],[121.57022,25.19808],[121.57174,25.19539],[121.57577,25.19559],[121.57916,25.19412],[121.58054,25.19535],[121.58376,25.1946],[121.5827,25.1931],[121.58377,25.19199],[121.58399,25.18879],[121.58298,25.18856],[121.58185,25.18641],[121.58275,25.18434],[121.58086,25.1818],[121.5835,25.17684],[121.58171,25.17379],[121.57738,25.17016],[121.57706,25.16701],[121.57885,25.16561],[121.58321,25.16582],[121.58792,25.16298],[121.58986,25.16372],[121.59183,25.15589],[121.58938,25.15239],[121.59357,25.1503],[121.59391,25.14806],[121.596,25.14476],[121.59579,25.14343],[121.59838,25.14031],[121.60407,25.13618],[121.60568,25.13674],[121.60456,25.13454],[121.60458,25.13086],[121.60783,25.13017],[121.60443,25.12592],[121.60171,25.12603],[121.60076,25.12185],[121.59886,25.12012],[121.59749,25.11622],[121.59548,25.1135],[121.59838,25.10891],[121.60629,25.10729],[121.61037,25.10517],[121.6154,25.10387],[121.6174,25.10112],[121.62215,25.09732],[121.62553,25.09701],[121.62625,25.09588],[121.62505,25.09367],[121.62631,25.09147],[121.62598,25.09052],[121.62806,25.08839],[121.62861,25.08647],[121.62757,25.08484],[121.62766,25.08256],[121.62421,25.08026],[121.62451,25.07913],[121.62386,25.07839],[121.62507,25.07884],[121.6248,25.07778],[121.62323,25.07711],[121.62276,25.07466],[121.62159,25.07479],[121.62061,25.07323],[121.6215,25.06958],[121.61762,25.0676],[121.61792,25.06516],[121.61682,25.06588],[121.61612,25.06392],[121.62077,25.06136],[121.62426,25.05574],[121.62342,25.055],[121.62052,25.05665],[121.62092,25.05351],[121.61633,25.05064],[121.61645,25.04815],[121.61905,25.04354],[121.62492,25.03773],[121.62947,25.03673],[121.6302,25.03508],[121.63347,25.03574],[121.63406,25.0348],[121.6379,25.03374],[121.6399,25.03202],[121.64584,25.02945],[121.64671,25.028],[121.64797,25.02864],[121.65023,25.02763],[121.65184,25.02815],[121.65514,25.02744],[121.66079,25.03045],[121.66593,25.02988],[121.66483,25.0278],[121.66493,25.0247],[121.66405,25.02318],[121.66283,25.02275],[121.65381,25.02442],[121.6499,25.02397],[121.64624,25.02172],[121.64492,25.02356],[121.64297,25.02456],[121.6408,25.02349],[121.63755,25.02408],[121.63568,25.02321],[121.63561,25.02401],[121.63235,25.02564],[121.6308,25.02454],[121.62893,25.01993],[121.62692,25.01954],[121.62328,25.01727],[121.62054,25.01839],[121.61752,25.01841],[121.61607,25.0197],[121.61337,25.01914],[121.61034,25.01987],[121.60925,25.02095],[121.6082,25.01944],[121.60412,25.01909],[121.60262,25.01508],[121.5974,25.01469],[121.59756,25.01328],[121.59586,25.00911],[121.5959,25.00451],[121.59788,25.00415],[121.60046,25.00108],[121.60052,24.99847],[121.59813,24.9945],[121.59936,24.993],[121.59905,24.99171],[121.60196,24.99029],[121.60182,24.98791],[121.59985,24.98639],[121.60066,24.98032],[121.5995,24.97815],[121.6005,24.9767],[121.6052,24.97436],[121.61134,24.97461],[121.61429,24.97354],[121.62001,24.96945],[121.61963,24.96716],[121.61809,24.96683],[121.61692,24.96752],[121.61499,24.96618],[121.61366,24.96644],[121.6083,24.96308],[121.60505,24.96295],[121.60123,24.96089],[121.59843,24.96126],[121.59707,24.96051],[121.59487,24.96153],[121.59339,24.96421],[121.59196,24.96394],[121.59116,24.96461],[121.58874,24.96338],[121.58567,24.96321],[121.58465,24.9645],[121.58111,24.96513],[121.57841,24.96661],[121.57455,24.96685],[121.57434,24.96529],[121.57253,24.96398],[121.56121,24.96471],[121.55854,24.96833],[121.55764,24.97196],[121.55612,24.9733],[121.5552,24.97654],[121.55367,24.97742],[121.55305,24.98075],[121.55393,24.9848],[121.55236,24.98697],[121.55084,24.98723],[121.55087,24.98542],[121.54903,24.98376],[121.54505,24.98367],[121.5442,24.98477],[121.5448,24.98703],[121.54417,24.98821],[121.53945,24.98773],[121.5369,24.98865],[121.53704,24.99236],[121.53517,24.99514],[121.53169,24.99051],[121.53174,24.99415],[121.53051,24.99801],[121.5315,25.00101],[121.5339,25.00339],[121.53214,25.00813],[121.53086,25.00966],[121.52596,25.01164],[121.52112,25.01811],[121.51844,25.01999],[121.51255,25.02173],[121.50911,25.02134],[121.49972,25.01154],[121.49579,25.00942],[121.49265,25.00953],[121.48956,25.01318],[121.48876,25.01532],[121.48879,25.02335],[121.48487,25.03162],[121.48366,25.0363],[121.48509,25.03911],[121.48881,25.04257],[121.49678,25.04347],[121.50135,25.04595],[121.50466,25.0498],[121.50622,25.05364],[121.50539,25.05934],[121.50692,25.06704],[121.50697,25.07096],[121.50581,25.07552],[121.50263,25.08297],[121.49976,25.08724],[121.48874,25.09714],[121.48074,25.10095],[121.46609,25.10173],[121.46139,25.10386],[121.45718,25.10763],[121.45801,25.11105],[121.46093,25.1162],[121.45879,25.12294],[121.46482,25.12426],[121.46429,25.12758],[121.46571,25.13169],[121.46895,25.13563],[121.47175,25.13749],[121.47673,25.1439],[121.48084,25.14709],[121.48286,25.15022],[121.48746,25.15144],[121.48762,25.153],[121.49236,25.16037],[121.49878,25.165],[121.50011,25.16831],[121.50184,25.16943],[121.50165,25.17129],[121.50256,25.17326],[121.50484,25.17325],[121.50574,25.17108],[121.50705,25.17116],[121.51042,25.16944],[121.51353,25.171],[121.51994,25.16928],[121.52255,25.17468],[121.52173,25.17913],[121.52547,25.18259],[121.53337,25.18358],[121.5358,25.18667],[121.54085,25.18723],[121.54282,25.18895],[121.54326,25.19378],[121.54469,25.19556],[121.54862,25.19819],[121.5507,25.19711],[121.55215,25.19825]]]]}},{"type":"Feature","properties":{"county_code":"66000","county_name":"臺中市","county_id":"B","county_eng":"Taichung City"},"geometry":{"type":"MultiPolygon","coordinates":[[[[121.32834,24.43304],[121.32167,24.44037],[121.31766,24.44149],[121.31344,24.43707],[121.31003,24.43622],[121.30557,24.4326],[121.29675,24.43303],[121.29449,24.43247],[121.29275,24.43092],[121.28432,24.43058],[121.27848,24.42933],[121.27152,24.42975],[121.27106,24.42796],[121.2699,24.42738],[121.26507,24.42865],[121.26082,24.42864],[121.2598,24.42938],[121.25914,24.43089],[121.25997,24.43619],[121.25893,24.43804],[121.25888,24.42771],[121.25781,24.42519],[121.24999,24.42491],[121.24914,24.42379],[121.24591,24.42262],[121.24363,24.41963],[121.24359,24.41661],[121.24198,24.41409],[121.24332,24.4112],[121.2429,24.40908],[121.24356,24.40572],[121.24013,24.40354],[121.23814,24.40151],[121.23802,24.40029],[121.23466,24.39734],[121.23497,24.39192],[121.23165,24.38771],[121.23186,24.38386],[121.21845,24.38126],[121.21587,24.37945],[121.2135,24.38185],[121.21345,24.38403],[121.21124,24.38839],[121.21029,24.39612],[121.20719,24.39791],[121.20071,24.39761],[121.19718,24.39659],[121.19671,24.39152],[121.19089,24.38357],[121.19023,24.38162],[121.18329,24.38101],[121.18167,24.37886],[121.17851,24.37792],[121.17342,24.37334],[121.17304,24.37068],[121.17417,24.36892],[121.169,24.36431],[121.16836,24.36091],[121.15941,24.3608],[121.15553,24.35904],[121.1484,24.35788],[121.1449,24.35807],[121.14095,24.35964],[121.13796,24.35627],[121.1378,24.35469],[121.13644,24.35313],[121.13357,24.35167],[121.13122,24.34936],[121.13019,24.34471],[121.12843,24.34217],[121.12529,24.34199],[121.12412,24.34055],[121.1215,24.33429],[121.12157,24.33068],[121.11855,24.33037],[121.11487,24.32864],[121.10847,24.33095],[121.10225,24.32458],[121.09571,24.32257],[121.09435,24.31981],[121.09192,24.31863],[121.08644,24.31768],[121.08147,24.32414],[121.07846,24.32281],[121.07307,24.32282],[121.07385,24.31919],[121.07021,24.31576],[121.0648,24.31544],[121.0609,24.31312],[121.0584,24.31273],[121.05742,24.31127],[121.05535,24.3104],[121.05491,24.30766],[121.05256,24.30424],[121.05224,24.29933],[121.0493,24.29605],[121.04519,24.29533],[121.03698,24.29662],[121.03413,24.29782],[121.02936,24.30471],[121.02002,24.30924],[121.01801,24.3113],[121.01449,24.32011],[121.00415,24.3323],[121.00048,24.33266],[120.99756,24.33014],[120.99177,24.32962],[120.98558,24.33166],[120.98198,24.3359],[120.97962,24.33442],[120.96648,24.33346],[120.96016,24.33506],[120.95678,24.3393],[120.95409,24.3386],[120.94652,24.3391],[120.94517,24.33979],[120.94245,24.33914],[120.93564,24.34292],[120.92631,24.33865],[120.91964,24.33714],[120.9166,24.33513],[120.91649,24.33347],[120.9205,24.32011],[120.92017,24.31063],[120.92249,24.30395],[120.92148,24.30204],[120.91677,24.29901],[120.9119,24.29407],[120.90298,24.29218],[120.89158,24.29408],[120.87611,24.29501],[120.86684,24.29307],[120.85722,24.28911],[120.8499,24.28852],[120.83814,24.28928],[120.83356,24.29047],[120.82527,24.29682],[120.81968,24.30361],[120.81757,24.30742],[120.80653,24.31568],[120.796,24.31638],[120.78784,24.31836],[120.78382,24.31835],[120.77312,24.32174],[120.76705,24.32558],[120.763,24.32602],[120.75813,24.32886],[120.75223,24.33417],[120.74678,24.33759],[120.7304,24.35181],[120.72315,24.35467],[120.70729,24.35787],[120.70742,24.36173],[120.70341,24.3618],[120.69304,24.36695],[120.69209,24.3679],[120.68994,24.37434],[120.68853,24.37497],[120.68574,24.37891],[120.67727,24.38416],[120.67864,24.38707],[120.67592,24.38837],[120.67314,24.39099],[120.6701,24.39196],[120.66748,24.3962],[120.6674,24.39783],[120.66389,24.40206],[120.658,24.40672],[120.64883,24.40949],[120.64816,24.41133],[120.64596,24.4123],[120.64525,24.41457],[120.64334,24.41535],[120.64319,24.42171],[120.64028,24.42412],[120.63966,24.42777],[120.63209,24.43242],[120.62859,24.43804],[120.62185,24.44029],[120.61929,24.43489],[120.61518,24.43211],[120.61466,24.42874],[120.61026,24.42587],[120.61019,24.4233],[120.60756,24.41953],[120.60177,24.41452],[120.59884,24.40785],[120.59402,24.40394],[120.58987,24.3993],[120.58671,24.39232],[120.58363,24.38985],[120.57306,24.37724],[120.57114,24.37424],[120.57021,24.36917],[120.56853,24.36723],[120.5678,24.36768],[120.56669,24.36556],[120.569,24.36667],[120.56503,24.36325],[120.56624,24.36532],[120.56137,24.3595],[120.56121,24.35885],[120.56224,24.35893],[120.55927,24.35413],[120.5592,24.3498],[120.55584,24.34774],[120.54579,24.33488],[120.53988,24.33512],[120.53854,24.33095],[120.53308,24.32315],[120.53231,24.32051],[120.52601,24.31772],[120.52374,24.31578],[120.52175,24.31213],[120.51948,24.31296],[120.52167,24.31186],[120.51894,24.30643],[120.51681,24.29846],[120.51404,24.29481],[120.51112,24.29273],[120.50808,24.29342],[120.51083,24.29223],[120.50826,24.28391],[120.50006,24.26764],[120.49904,24.26786],[120.49985,24.26741],[120.49819,24.26393],[120.4931,24.26614],[120.489,24.25638],[120.48621,24.25732],[120.49048,24.25528],[120.47632,24.22433],[120.47233,24.22233],[120.46882,24.21447],[120.46128,24.21676],[120.46078,24.2156],[120.46491,24.21428],[120.46032,24.21165],[120.45655,24.20719],[120.50438,24.19115],[120.5081,24.18717],[120.5173,24.1658],[120.52547,24.1499],[120.52566,24.14604],[120.52328,24.14095],[120.52355,24.13968],[120.53268,24.12643],[120.54092,24.12366],[120.54538,24.11647],[120.54968,24.11388],[120.55802,24.11254],[120.56559,24.10982],[120.57261,24.10832],[120.57691,24.10963],[120.58352,24.10955],[120.58836,24.10623],[120.59508,24.10488],[120.59995,24.10519],[120.60289,24.10289],[120.60803,24.10272],[120.60903,24.10208],[120.61249,24.10257],[120.61248,24.09919],[120.61489,24.08999],[120.61494,24.08504],[120.61865,24.07509],[120.62014,24.07255],[120.62227,24.0726],[120.62398,24.07148],[120.62534,24.06895],[120.62569,24.05703],[120.62342,24.05212],[120.62449,24.04824],[120.62579,24.04681],[120.62601,24.04162],[120.62762,24.04039],[120.62811,24.03835],[120.62422,24.03337],[120.62417,24.03161],[120.62515,24.03019],[120.62865,24.02962],[120.63614,24.03105],[120.63753,24.02853],[120.64464,24.02588],[120.64625,24.0269],[120.64461,24.03344],[120.64516,24.0343],[120.6464,24.03403],[120.65175,24.02854],[120.65578,24.03067],[120.66091,24.02589],[120.66349,24.02497],[120.66478,24.02329],[120.67853,24.0141],[120.69184,24.00818],[120.70638,24.00519],[120.71924,24.00966],[120.73173,24.00901],[120.74365,24.00217],[120.74603,23.99856],[120.7476,23.99915],[120.75103,24.00283],[120.75324,24.00234],[120.75589,24.00353],[120.75797,24.0061],[120.76267,24.00626],[120.76777,24.00915],[120.77056,24.00907],[120.77125,24.0142],[120.7752,24.01855],[120.7797,24.02019],[120.77977,24.02115],[120.78257,24.02327],[120.78312,24.02478],[120.78464,24.02408],[120.7847,24.02747],[120.78587,24.02794],[120.78546,24.02863],[120.7862,24.02936],[120.78947,24.03123],[120.79154,24.03067],[120.79174,24.03178],[120.79292,24.03248],[120.79152,24.03354],[120.79169,24.03526],[120.79736,24.0411],[120.7967,24.04306],[120.80065,24.04865],[120.80141,24.0505],[120.80088,24.05138],[120.80342,24.05236],[120.80329,24.05626],[120.80666,24.06108],[120.80688,24.064],[120.80799,24.06537],[120.80918,24.06626],[120.81186,24.06607],[120.81445,24.0699],[120.81635,24.06846],[120.81924,24.06847],[120.8207,24.0698],[120.8293,24.07151],[120.82826,24.07817],[120.82891,24.08356],[120.82808,24.0869],[120.82837,24.09395],[120.83163,24.09689],[120.83248,24.09875],[120.83031,24.10259],[120.8345,24.10761],[120.83447,24.11301],[120.83627,24.11695],[120.83865,24.11907],[120.84212,24.12068],[120.84258,24.12257],[120.84485,24.12453],[120.84838,24.1238],[120.85387,24.12451],[120.85618,24.12153],[120.85721,24.1173],[120.8586,24.11621],[120.86443,24.11537],[120.86886,24.1176],[120.87245,24.11684],[120.87402,24.11502],[120.87413,24.11353],[120.87752,24.10987],[120.87914,24.1093],[120.8793,24.10594],[120.88089,24.10394],[120.88045,24.10317],[120.8815,24.10058],[120.87909,24.09825],[120.87819,24.0935],[120.87686,24.09119],[120.87801,24.08503],[120.87914,24.08565],[120.88031,24.08858],[120.882,24.08833],[120.88587,24.09541],[120.88954,24.09642],[120.89132,24.0978],[120.89109,24.10203],[120.89425,24.10685],[120.89368,24.10866],[120.89417,24.11074],[120.89166,24.11176],[120.89024,24.11355],[120.89054,24.11517],[120.89153,24.11591],[120.89616,24.11645],[120.90488,24.11449],[120.9067,24.11265],[120.9072,24.1106],[120.90956,24.10923],[120.91354,24.10893],[120.91455,24.10757],[120.91988,24.10744],[120.92212,24.10943],[120.92714,24.11173],[120.93255,24.11258],[120.94395,24.12244],[120.94838,24.12494],[120.95011,24.12786],[120.95634,24.12468],[120.96121,24.12015],[120.97116,24.12024],[120.97414,24.11922],[120.97569,24.11687],[120.98543,24.12022],[120.98908,24.11877],[120.99202,24.12106],[120.99202,24.12525],[120.99826,24.12671],[120.99955,24.12776],[121.00036,24.13228],[121.00325,24.13353],[121.00461,24.13769],[121.0068,24.14094],[121.00755,24.14378],[121.00707,24.14479],[121.00817,24.14704],[121.00971,24.14831],[121.01225,24.15333],[121.01336,24.15352],[121.01551,24.15601],[121.01954,24.15871],[121.0249,24.15797],[121.02736,24.15874],[121.02776,24.15956],[121.02976,24.15735],[121.03008,24.15506],[121.03122,24.15353],[121.031,24.14934],[121.03333,24.14858],[121.03569,24.15091],[121.03577,24.15307],[121.03804,24.15818],[121.04758,24.16002],[121.05055,24.15835],[121.05266,24.1548],[121.05795,24.15923],[121.0594,24.16278],[121.0646,24.16302],[121.06633,24.16552],[121.07242,24.16987],[121.07525,24.1702],[121.08096,24.17542],[121.08488,24.17592],[121.09135,24.18273],[121.09106,24.18482],[121.09398,24.18789],[121.09441,24.19015],[121.10169,24.19563],[121.1042,24.19596],[121.10842,24.19801],[121.11341,24.19685],[121.11875,24.19721],[121.12295,24.19603],[121.12721,24.19677],[121.12926,24.19605],[121.13227,24.1969],[121.13635,24.19634],[121.14136,24.19965],[121.14269,24.202],[121.1432,24.20585],[121.14615,24.20892],[121.14789,24.21291],[121.15143,24.21288],[121.15652,24.21474],[121.16098,24.21518],[121.16407,24.21985],[121.16437,24.22179],[121.16764,24.22539],[121.17349,24.22033],[121.17888,24.21361],[121.18145,24.21205],[121.18519,24.21445],[121.18851,24.21491],[121.19155,24.21659],[121.19231,24.21904],[121.19634,24.223],[121.20156,24.22164],[121.20823,24.2217],[121.21581,24.22535],[121.21942,24.2292],[121.22834,24.22471],[121.22834,24.22593],[121.23077,24.22605],[121.23041,24.22353],[121.23795,24.21971],[121.24074,24.22171],[121.24416,24.22249],[121.25122,24.23799],[121.25465,24.24284],[121.25879,24.24512],[121.26465,24.24587],[121.26541,24.24567],[121.26638,24.24242],[121.26591,24.2411],[121.26849,24.23995],[121.26891,24.23792],[121.27072,24.23663],[121.27349,24.23645],[121.27408,24.2356],[121.27677,24.23553],[121.27763,24.23197],[121.28003,24.22977],[121.28283,24.23104],[121.28588,24.22909],[121.28888,24.23016],[121.29313,24.22916],[121.29545,24.2325],[121.29877,24.2332],[121.29802,24.234],[121.29874,24.23561],[121.30117,24.23669],[121.30251,24.23633],[121.30389,24.23368],[121.30856,24.2349],[121.31351,24.23503],[121.31645,24.23439],[121.31965,24.23187],[121.32444,24.23301],[121.32649,24.23253],[121.33568,24.22859],[121.34301,24.22355],[121.34917,24.23181],[121.35233,24.23463],[121.35322,24.23893],[121.3526,24.24386],[121.35598,24.24463],[121.35854,24.2436],[121.36066,24.24394],[121.36442,24.24727],[121.36689,24.2521],[121.36989,24.25254],[121.37267,24.25412],[121.37842,24.25282],[121.38505,24.25499],[121.3858,24.25805],[121.3852,24.26184],[121.38565,24.26416],[121.38326,24.26798],[121.38216,24.27618],[121.38054,24.27976],[121.38724,24.28471],[121.39083,24.28974],[121.39351,24.28823],[121.39658,24.28874],[121.39722,24.29053],[121.40345,24.29688],[121.4051,24.30825],[121.41143,24.30727],[121.41677,24.30918],[121.42023,24.30762],[121.42323,24.30822],[121.42849,24.31736],[121.43164,24.32048],[121.43397,24.32114],[121.43485,24.3222],[121.43448,24.32558],[121.43336,24.32682],[121.43251,24.33027],[121.4343,24.33827],[121.43777,24.34222],[121.43561,24.34725],[121.43779,24.35205],[121.43993,24.35452],[121.44157,24.35859],[121.44726,24.35955],[121.44866,24.36278],[121.45201,24.36468],[121.44825,24.37257],[121.44797,24.37483],[121.44255,24.37313],[121.43829,24.38262],[121.43396,24.38323],[121.42936,24.38306],[121.42574,24.38148],[121.42334,24.38141],[121.41909,24.37905],[121.41276,24.37974],[121.4079,24.37755],[121.4044,24.37772],[121.40088,24.37968],[121.39811,24.37776],[121.39546,24.37785],[121.39304,24.37521],[121.38996,24.37515],[121.38762,24.36969],[121.38183,24.36701],[121.37701,24.36844],[121.37373,24.36805],[121.36929,24.37246],[121.36925,24.37459],[121.3671,24.37897],[121.3698,24.38259],[121.3684,24.38544],[121.36488,24.38908],[121.35938,24.39045],[121.35469,24.39327],[121.35239,24.39224],[121.34296,24.39284],[121.34005,24.3911],[121.33913,24.3896],[121.33359,24.395],[121.33233,24.39794],[121.32785,24.39831],[121.32649,24.39987],[121.32499,24.40691],[121.32743,24.41302],[121.32737,24.42125],[121.32871,24.42701],[121.32766,24.43044],[121.32834,24.43304]]]]}},{"type":"Feature","properties":{"county_code":"67000","county_name":"臺南市","county_id":"D","county_eng":"Tainan City"},"geometry":{"type":"MultiPolygon","coordinates":[[[[120.44025,23.41308],[120.43999,23.41373],[120.43939,23.41295],[120.43808,23.41336],[120.43702,23.41231],[120.43621,23.41282],[120.43448,23.4122],[120.43434,23.41109],[120.43224,23.41082],[120.43167,23.40792],[120.43031,23.40649],[120.42867,23.40731],[120.42775,23.40637],[120.42195,23.40705],[120.42,23.40346],[120.41794,23.40852],[120.4163,23.41042],[120.41449,23.41124],[120.41049,23.41017],[120.4081,23.41343],[120.4067,23.41151],[120.40417,23.41005],[120.38424,23.40409],[120.35984,23.40267],[120.34632,23.40038],[120.3431,23.39829],[120.34271,23.39622],[120.33318,23.38581],[120.32893,23.38488],[120.32868,23.38612],[120.32357,23.38365],[120.32179,23.38354],[120.31944,23.38604],[120.31942,23.38735],[120.31784,23.38844],[120.31477,23.38846],[120.311,23.38557],[120.31119,23.3834],[120.31033,23.3831],[120.31094,23.37544],[120.30796,23.37495],[120.30361,23.37597],[120.29273,23.37532],[120.28589,23.36722],[120.28367,23.36],[120.2846,23.35626],[120.28605,23.35396],[120.2862,23.35028],[120.28141,23.34824],[120.27773,23.34772],[120.27615,23.34834],[120.27478,23.35171],[120.27331,23.35273],[120.27049,23.35369],[120.26603,23.35258],[120.2607,23.34447],[120.26749,23.34476],[120.26704,23.34063],[120.25639,23.33107],[120.24922,23.32893],[120.24586,23.32685],[120.23969,23.32756],[120.23759,23.32665],[120.23428,23.31981],[120.23122,23.31619],[120.22828,23.31015],[120.22705,23.30532],[120.22263,23.29832],[120.22087,23.296],[120.21238,23.2917],[120.21182,23.29271],[120.2086,23.2913],[120.20427,23.2919],[120.20009,23.29399],[120.19168,23.30027],[120.1884,23.30124],[120.18578,23.29661],[120.18614,23.29538],[120.18935,23.29235],[120.18927,23.29048],[120.18714,23.29005],[120.18011,23.2911],[120.17591,23.29402],[120.17392,23.2999],[120.17094,23.30458],[120.16833,23.30701],[120.16058,23.31065],[120.15621,23.31004],[120.15412,23.31309],[120.14966,23.31325],[120.14836,23.31528],[120.14858,23.31958],[120.14708,23.32107],[120.13691,23.32799],[120.13228,23.32976],[120.11807,23.34016],[120.11727,23.33869],[120.114,23.33625],[120.11101,23.33183],[120.11284,23.32537],[120.11279,23.32258],[120.11361,23.32227],[120.11254,23.31559],[120.1108,23.3104],[120.10683,23.30528],[120.10311,23.30452],[120.10186,23.30229],[120.09631,23.29909],[120.09432,23.29501],[120.09502,23.28123],[120.09433,23.27172],[120.09217,23.25961],[120.08934,23.24964],[120.08802,23.24873],[120.08701,23.24537],[120.08061,23.23757],[120.08066,23.22912],[120.08182,23.22563],[120.08186,23.22229],[120.08004,23.20902],[120.0775,23.20048],[120.07157,23.18974],[120.06959,23.18497],[120.06941,23.18218],[120.06047,23.16345],[120.05829,23.155],[120.05582,23.13715],[120.05284,23.13064],[120.05284,23.12872],[120.05503,23.1257],[120.05091,23.12239],[120.05421,23.12572],[120.05144,23.12559],[120.04393,23.1192],[120.03789,23.10847],[120.03471,23.10081],[120.03182,23.08771],[120.02789,23.07517],[120.02852,23.07238],[120.02691,23.06793],[120.02941,23.06642],[120.03286,23.06733],[120.03818,23.06729],[120.03897,23.06805],[120.04399,23.06167],[120.04983,23.05221],[120.05795,23.0431],[120.0609,23.04343],[120.06188,23.04425],[120.06517,23.04326],[120.0677,23.04097],[120.07583,23.03827],[120.09413,23.02882],[120.11112,23.01818],[120.13728,22.99796],[120.13757,22.99692],[120.13909,22.99771],[120.14108,22.99598],[120.14034,22.99334],[120.14749,22.98779],[120.1595,22.97314],[120.15978,22.97123],[120.15541,22.96747],[120.15536,22.96474],[120.15967,22.96355],[120.16281,22.96499],[120.16943,22.9557],[120.172,22.9497],[120.17517,22.93298],[120.17491,22.9268],[120.17299,22.91929],[120.17405,22.91442],[120.17685,22.91264],[120.17475,22.91171],[120.17675,22.91234],[120.18657,22.91965],[120.19205,22.9212],[120.20235,22.91545],[120.20474,22.91467],[120.20807,22.91524],[120.21329,22.91103],[120.21811,22.90963],[120.22102,22.91],[120.22665,22.91628],[120.22972,22.91687],[120.23169,22.9154],[120.23157,22.90867],[120.23291,22.90555],[120.24286,22.90352],[120.24761,22.89819],[120.25416,22.89427],[120.25672,22.89407],[120.25869,22.89518],[120.25888,22.89664],[120.25683,22.89954],[120.25751,22.9012],[120.25877,22.90187],[120.26053,22.90176],[120.27299,22.89542],[120.2795,22.8963],[120.27783,22.90191],[120.27799,22.90441],[120.28456,22.90473],[120.30171,22.90059],[120.31416,22.89978],[120.31633,22.89859],[120.31969,22.89495],[120.32488,22.90046],[120.32704,22.89846],[120.33046,22.8912],[120.33227,22.88933],[120.34514,22.88944],[120.34909,22.89058],[120.35198,22.88751],[120.35173,22.8891],[120.35517,22.89043],[120.35328,22.89115],[120.35329,22.89238],[120.35543,22.89195],[120.3545,22.89269],[120.3554,22.89394],[120.3569,22.89293],[120.35797,22.89586],[120.36108,22.89781],[120.36161,22.90051],[120.35967,22.89979],[120.35947,22.90142],[120.3615,22.90206],[120.3619,22.90091],[120.36336,22.90231],[120.36415,22.90178],[120.36599,22.90224],[120.36551,22.90392],[120.36629,22.90507],[120.36732,22.90518],[120.36815,22.90391],[120.37072,22.9071],[120.37249,22.90664],[120.37314,22.90933],[120.37116,22.91228],[120.37317,22.91244],[120.37401,22.91426],[120.37651,22.91435],[120.37729,22.91798],[120.38017,22.91846],[120.38055,22.92019],[120.38182,22.91991],[120.38166,22.92117],[120.3868,22.91826],[120.38864,22.92065],[120.38924,22.92032],[120.39217,22.9223],[120.39863,22.92243],[120.39986,22.92145],[120.40111,22.91852],[120.40545,22.91805],[120.40632,22.91465],[120.40868,22.91234],[120.4106,22.91432],[120.41596,22.91596],[120.42202,22.92741],[120.42276,22.93096],[120.42489,22.93317],[120.42591,22.93905],[120.42852,22.94062],[120.42852,22.94255],[120.43252,22.95198],[120.43299,22.95609],[120.43725,22.96218],[120.44215,22.97378],[120.44265,22.97733],[120.44469,22.97954],[120.44963,22.97725],[120.45172,22.97863],[120.45296,22.97771],[120.45469,22.98076],[120.45476,22.98273],[120.45319,22.98481],[120.45472,22.99063],[120.45543,22.99113],[120.45964,22.98991],[120.46111,22.99077],[120.46108,22.99225],[120.4591,22.99574],[120.46148,22.99812],[120.4595,23.00103],[120.4605,23.00359],[120.4614,23.0041],[120.46266,23.00321],[120.46722,23.00356],[120.4681,23.00265],[120.47055,23.00238],[120.47839,23.00353],[120.47989,23.00271],[120.47938,23.00501],[120.48106,23.00908],[120.481,23.01157],[120.48267,23.01558],[120.48408,23.01707],[120.49755,23.02412],[120.50372,23.02865],[120.50867,23.03483],[120.51129,23.03617],[120.51967,23.04498],[120.52231,23.04568],[120.52366,23.04744],[120.52303,23.04957],[120.53008,23.05582],[120.53531,23.05749],[120.53769,23.05886],[120.53801,23.06075],[120.53974,23.06193],[120.54543,23.06395],[120.54681,23.06569],[120.5545,23.06883],[120.55906,23.07344],[120.5589,23.07565],[120.56278,23.07849],[120.56372,23.08035],[120.56689,23.08183],[120.5745,23.09089],[120.57413,23.09486],[120.57579,23.09577],[120.57722,23.09947],[120.58808,23.1141],[120.58892,23.11997],[120.58845,23.12336],[120.5905,23.1272],[120.59465,23.1316],[120.59628,23.13686],[120.59848,23.13858],[120.599,23.14106],[120.60111,23.14417],[120.60379,23.14493],[120.60561,23.14648],[120.60557,23.14853],[120.60785,23.14844],[120.61185,23.1517],[120.61235,23.15361],[120.61111,23.1559],[120.61343,23.15925],[120.61504,23.15954],[120.61654,23.1631],[120.62124,23.16296],[120.62322,23.16416],[120.62523,23.16776],[120.62702,23.16797],[120.63066,23.17007],[120.63068,23.17192],[120.6292,23.17425],[120.63606,23.17501],[120.63745,23.17853],[120.6373,23.1804],[120.6411,23.18296],[120.6384,23.18569],[120.63656,23.19025],[120.63761,23.19203],[120.639,23.19274],[120.64097,23.19878],[120.64312,23.20107],[120.64345,23.20354],[120.64836,23.20858],[120.65146,23.20851],[120.65384,23.21531],[120.65625,23.21764],[120.65582,23.22183],[120.65435,23.22431],[120.65138,23.22409],[120.64823,23.22555],[120.64793,23.22674],[120.64691,23.22713],[120.64417,23.22532],[120.63891,23.22795],[120.63411,23.22923],[120.6333,23.22863],[120.63121,23.22951],[120.62838,23.22945],[120.62476,23.22718],[120.61839,23.22565],[120.61676,23.22355],[120.61308,23.224],[120.61165,23.22282],[120.60982,23.22264],[120.60652,23.22578],[120.60272,23.22608],[120.59724,23.22904],[120.59579,23.23673],[120.5938,23.23942],[120.59249,23.23986],[120.59197,23.23672],[120.59025,23.23433],[120.59003,23.23167],[120.58661,23.22417],[120.58178,23.21993],[120.57968,23.21899],[120.57826,23.21478],[120.57487,23.2177],[120.57102,23.21822],[120.56529,23.22098],[120.56137,23.21742],[120.55808,23.21682],[120.55498,23.21747],[120.55251,23.22027],[120.54978,23.22134],[120.54853,23.22399],[120.54151,23.22783],[120.53196,23.22967],[120.53133,23.23173],[120.52968,23.23255],[120.52629,23.23113],[120.51966,23.2379],[120.5191,23.23933],[120.52416,23.242],[120.52997,23.24795],[120.53229,23.25505],[120.52932,23.25788],[120.52853,23.26196],[120.52662,23.26415],[120.52609,23.26649],[120.52042,23.27178],[120.52232,23.27429],[120.52097,23.27969],[120.52294,23.28206],[120.52186,23.28809],[120.52446,23.29155],[120.52601,23.29223],[120.52628,23.29534],[120.52388,23.30239],[120.52255,23.31176],[120.52389,23.31335],[120.52728,23.31464],[120.53007,23.31726],[120.53085,23.31711],[120.53195,23.32115],[120.53511,23.32325],[120.53705,23.32654],[120.53999,23.32787],[120.53681,23.33326],[120.53372,23.33647],[120.53153,23.33682],[120.52693,23.33939],[120.52474,23.3382],[120.52311,23.34068],[120.52141,23.34046],[120.52068,23.34195],[120.51842,23.34201],[120.51558,23.34374],[120.51477,23.34329],[120.51043,23.34409],[120.50786,23.343],[120.50509,23.34482],[120.50567,23.34547],[120.50445,23.34655],[120.50463,23.34935],[120.50378,23.3494],[120.50356,23.35029],[120.50472,23.35468],[120.50616,23.3553],[120.50809,23.35276],[120.51084,23.354],[120.51246,23.3563],[120.51242,23.35983],[120.51118,23.36064],[120.51053,23.36436],[120.50877,23.36463],[120.50676,23.36703],[120.50492,23.36743],[120.50483,23.3689],[120.50259,23.36954],[120.50178,23.36783],[120.49947,23.36804],[120.49605,23.36995],[120.49427,23.36949],[120.4915,23.37249],[120.49009,23.37112],[120.48872,23.37307],[120.48625,23.37031],[120.48393,23.36957],[120.48294,23.37233],[120.4844,23.37948],[120.48917,23.38178],[120.49027,23.38307],[120.49141,23.38264],[120.49452,23.38431],[120.49681,23.38425],[120.49903,23.3874],[120.49914,23.38805],[120.49715,23.38929],[120.4975,23.39123],[120.49479,23.39331],[120.49494,23.39436],[120.49032,23.39563],[120.48865,23.39361],[120.48916,23.39245],[120.48554,23.39306],[120.48567,23.39144],[120.484,23.39152],[120.48315,23.38984],[120.48087,23.38931],[120.47941,23.38759],[120.47747,23.39071],[120.47538,23.391],[120.47614,23.39383],[120.4734,23.39807],[120.46952,23.39941],[120.46768,23.40112],[120.46495,23.40077],[120.46184,23.40244],[120.46093,23.40471],[120.45919,23.40464],[120.45398,23.40722],[120.45432,23.40634],[120.45326,23.40648],[120.45008,23.40923],[120.44454,23.41101],[120.44156,23.41317],[120.44025,23.41308]]]]}},{"type":"Feature","properties":{"county_code":"68000","county_name":"桃園市","county_id":"H","county_eng":"Taoyuan City"},"geometry":{"type":"MultiPolygon","coordinates":[[[[121.26381,25.12198],[121.25977,25.12362],[121.25761,25.12208],[121.25308,25.12079],[121.24981,25.12142],[121.24959,25.12023],[121.24834,25.11951],[121.24373,25.11857],[121.24196,25.11951],[121.24144,25.12204],[121.23976,25.12318],[121.23918,25.12074],[121.23961,25.11566],[121.23643,25.11604],[121.22939,25.1152],[121.22011,25.11189],[121.21284,25.11058],[121.20998,25.10814],[121.20118,25.10454],[121.19774,25.10408],[121.19724,25.10234],[121.19302,25.10178],[121.18864,25.09796],[121.18551,25.09729],[121.1843,25.09585],[121.17473,25.09369],[121.17008,25.09024],[121.16806,25.08982],[121.16058,25.08565],[121.14407,25.08063],[121.12501,25.07681],[121.10925,25.07121],[121.10022,25.06763],[121.09584,25.06397],[121.09375,25.0634],[121.09394,25.06285],[121.09001,25.06299],[121.08664,25.05644],[121.07209,25.04987],[121.06429,25.0489],[121.05605,25.04617],[121.04874,25.04077],[121.04377,25.03465],[121.03853,25.03089],[121.02862,25.02058],[121.02455,25.01338],[121.01926,25.00687],[121.01621,24.99536],[121.01433,24.99261],[121.0119,24.99081],[121.00936,24.99028],[121.01044,24.98883],[121.01224,24.98876],[121.01044,24.98729],[121.01111,24.98021],[121.00989,24.97505],[121.00349,24.96761],[120.99842,24.95858],[120.99362,24.95549],[120.98646,24.94828],[120.98477,24.94362],[120.98203,24.93998],[120.98738,24.93905],[120.99031,24.93566],[120.99217,24.93501],[120.99284,24.93523],[120.99266,24.93689],[120.99419,24.93914],[120.99906,24.94092],[121.00292,24.94002],[121.00425,24.94313],[121.00709,24.94622],[121.00974,24.9442],[121.01193,24.9448],[121.01268,24.94315],[121.01578,24.94163],[121.0178,24.94177],[121.01936,24.94042],[121.02153,24.94141],[121.02579,24.94048],[121.02884,24.94515],[121.03076,24.9439],[121.03793,24.94638],[121.04054,24.94327],[121.04239,24.94416],[121.04628,24.94355],[121.04625,24.94238],[121.04794,24.94126],[121.04862,24.93943],[121.05162,24.9387],[121.05544,24.93624],[121.05833,24.93684],[121.05855,24.93516],[121.05765,24.93303],[121.05833,24.93238],[121.05756,24.93045],[121.05836,24.93008],[121.06095,24.92356],[121.06009,24.92068],[121.06086,24.9203],[121.06038,24.9184],[121.05823,24.9139],[121.05813,24.91035],[121.05917,24.90805],[121.05758,24.90597],[121.05829,24.90522],[121.0607,24.90366],[121.06245,24.9046],[121.06909,24.90278],[121.07054,24.90186],[121.0711,24.89948],[121.07383,24.89991],[121.08064,24.89835],[121.08344,24.89885],[121.08942,24.89538],[121.09127,24.89336],[121.10131,24.89515],[121.10907,24.89774],[121.11011,24.89608],[121.11102,24.89122],[121.10928,24.88747],[121.10777,24.88607],[121.11349,24.88256],[121.11633,24.88168],[121.12389,24.87994],[121.12814,24.88095],[121.12963,24.87969],[121.1333,24.87961],[121.13558,24.87799],[121.13675,24.88093],[121.13909,24.88244],[121.14114,24.88143],[121.14246,24.88174],[121.14465,24.88021],[121.14854,24.88125],[121.1522,24.88022],[121.15566,24.88071],[121.15788,24.87727],[121.15806,24.87461],[121.1562,24.87444],[121.15944,24.86873],[121.16078,24.86314],[121.15987,24.86244],[121.16138,24.85947],[121.16007,24.85846],[121.15924,24.85902],[121.16022,24.8578],[121.15907,24.85792],[121.15768,24.85696],[121.15808,24.85651],[121.1565,24.85591],[121.1563,24.85362],[121.15705,24.85244],[121.15594,24.85194],[121.15553,24.84992],[121.1536,24.84873],[121.15283,24.84617],[121.15003,24.84429],[121.15441,24.84406],[121.15474,24.8423],[121.15589,24.84212],[121.15641,24.84069],[121.15941,24.83868],[121.1601,24.83737],[121.16644,24.83621],[121.16879,24.83399],[121.16991,24.83481],[121.17618,24.83213],[121.17366,24.82771],[121.17683,24.82729],[121.1859,24.82382],[121.19651,24.81781],[121.19877,24.81496],[121.19974,24.8152],[121.19933,24.81613],[121.20079,24.81782],[121.20331,24.81732],[121.20224,24.81643],[121.20296,24.81614],[121.20314,24.81457],[121.20586,24.81265],[121.2029,24.81031],[121.20466,24.80725],[121.20804,24.80716],[121.20953,24.80948],[121.21489,24.81197],[121.21703,24.81242],[121.21958,24.81179],[121.21872,24.80865],[121.21993,24.80744],[121.21962,24.80408],[121.22085,24.803],[121.2216,24.79938],[121.22848,24.80291],[121.23824,24.80466],[121.24149,24.80629],[121.24343,24.80869],[121.24542,24.80696],[121.24743,24.80349],[121.24766,24.80139],[121.24662,24.80007],[121.24772,24.79672],[121.25317,24.79366],[121.2576,24.79283],[121.25955,24.79372],[121.26031,24.79322],[121.26117,24.78996],[121.26043,24.78792],[121.25848,24.78587],[121.26,24.78196],[121.26485,24.78138],[121.26602,24.77979],[121.26797,24.77993],[121.27059,24.77835],[121.27135,24.77727],[121.27129,24.77482],[121.27354,24.77459],[121.27716,24.77101],[121.28555,24.77008],[121.28754,24.76868],[121.29245,24.76773],[121.29418,24.76387],[121.30154,24.76301],[121.30413,24.75745],[121.30771,24.75498],[121.3051,24.7502],[121.30528,24.74628],[121.30112,24.74199],[121.30019,24.73772],[121.29825,24.73409],[121.29822,24.73224],[121.29866,24.73071],[121.30539,24.726],[121.30761,24.71991],[121.3064,24.71308],[121.30327,24.70839],[121.30226,24.70191],[121.29948,24.69557],[121.30081,24.69396],[121.3039,24.69292],[121.31284,24.69753],[121.31718,24.69814],[121.31873,24.69764],[121.32027,24.69579],[121.32416,24.69497],[121.32976,24.69097],[121.33857,24.67996],[121.3398,24.67187],[121.3392,24.66656],[121.3404,24.66644],[121.34366,24.6694],[121.34547,24.66644],[121.34898,24.66791],[121.35167,24.6661],[121.35351,24.6678],[121.35306,24.66039],[121.35381,24.65905],[121.35287,24.65643],[121.35352,24.65544],[121.35232,24.65405],[121.35301,24.64878],[121.35239,24.64354],[121.35592,24.64105],[121.35738,24.6376],[121.35781,24.63371],[121.36116,24.63375],[121.36641,24.63179],[121.36549,24.63067],[121.36305,24.62067],[121.36177,24.62066],[121.35881,24.61718],[121.35951,24.61377],[121.36131,24.61214],[121.36129,24.60988],[121.36417,24.60677],[121.36332,24.60313],[121.36692,24.59907],[121.37182,24.59701],[121.37278,24.59375],[121.38118,24.59037],[121.3872,24.58656],[121.39165,24.58651],[121.3946,24.58745],[121.39573,24.58893],[121.40304,24.59171],[121.40846,24.59898],[121.41228,24.60094],[121.41277,24.60365],[121.41828,24.60104],[121.4244,24.60301],[121.42758,24.6057],[121.43061,24.61451],[121.43258,24.61564],[121.43351,24.61879],[121.43476,24.61939],[121.43565,24.62133],[121.43483,24.62446],[121.43608,24.6274],[121.44054,24.6351],[121.44501,24.6373],[121.44563,24.63942],[121.44484,24.64105],[121.44507,24.64318],[121.44876,24.64602],[121.45133,24.65092],[121.45125,24.65168],[121.44899,24.65298],[121.44761,24.65617],[121.44924,24.66165],[121.45382,24.66432],[121.4553,24.66832],[121.45949,24.67316],[121.4692,24.67183],[121.47237,24.67315],[121.47999,24.67385],[121.47595,24.67927],[121.47541,24.68365],[121.47394,24.68533],[121.47303,24.6898],[121.47479,24.69348],[121.47423,24.6961],[121.47095,24.69679],[121.46949,24.69615],[121.46254,24.70164],[121.45022,24.70568],[121.44878,24.71219],[121.44489,24.71515],[121.44095,24.72608],[121.43831,24.72659],[121.4342,24.73013],[121.43534,24.73331],[121.43297,24.73683],[121.43274,24.74075],[121.43036,24.74346],[121.43015,24.74555],[121.42868,24.74807],[121.42921,24.74995],[121.42848,24.75346],[121.42556,24.7584],[121.42583,24.76059],[121.4233,24.76202],[121.42622,24.76783],[121.43142,24.77194],[121.43691,24.77372],[121.44057,24.77914],[121.4461,24.78186],[121.44952,24.78594],[121.44883,24.78825],[121.45039,24.78985],[121.45038,24.79092],[121.4457,24.79013],[121.43826,24.79534],[121.43709,24.79818],[121.43801,24.80321],[121.43695,24.80556],[121.43656,24.81206],[121.42956,24.81528],[121.427,24.81905],[121.42528,24.82011],[121.42503,24.8228],[121.42364,24.82543],[121.41691,24.82557],[121.41607,24.82875],[121.41384,24.83196],[121.4156,24.8356],[121.41268,24.83696],[121.40705,24.84171],[121.4027,24.84358],[121.40089,24.84179],[121.39823,24.84169],[121.39705,24.84279],[121.39721,24.84375],[121.39353,24.84395],[121.38521,24.84097],[121.38454,24.83802],[121.38334,24.83699],[121.37361,24.83328],[121.37281,24.83379],[121.37281,24.83498],[121.37011,24.83623],[121.36415,24.83814],[121.36005,24.83818],[121.35778,24.83952],[121.35482,24.84397],[121.34674,24.84589],[121.34,24.84339],[121.33599,24.84393],[121.33616,24.84688],[121.33726,24.84841],[121.34294,24.84877],[121.3462,24.85012],[121.34763,24.84994],[121.34786,24.85095],[121.34871,24.84835],[121.35037,24.84877],[121.34985,24.84965],[121.35273,24.84912],[121.35186,24.85061],[121.35334,24.85059],[121.35479,24.85335],[121.35807,24.85329],[121.35783,24.85446],[121.35556,24.85506],[121.35342,24.85865],[121.34948,24.85969],[121.34835,24.86073],[121.34633,24.8656],[121.34504,24.86694],[121.34575,24.86809],[121.34937,24.86876],[121.35311,24.8711],[121.35444,24.87347],[121.3534,24.87498],[121.35346,24.87652],[121.35207,24.87676],[121.35058,24.87859],[121.34724,24.87869],[121.34566,24.87999],[121.34472,24.88577],[121.34113,24.888],[121.34212,24.89259],[121.34052,24.89232],[121.33854,24.89337],[121.33365,24.89154],[121.33324,24.89317],[121.33207,24.89352],[121.3334,24.89635],[121.33324,24.89944],[121.33178,24.89981],[121.33056,24.89778],[121.32716,24.8959],[121.32031,24.9002],[121.32149,24.90143],[121.32189,24.9036],[121.32402,24.90471],[121.32621,24.9072],[121.3262,24.90918],[121.32358,24.90991],[121.32245,24.91259],[121.32029,24.91355],[121.31758,24.91636],[121.32475,24.92344],[121.32795,24.92474],[121.33517,24.92492],[121.3398,24.9285],[121.33324,24.92983],[121.32205,24.92804],[121.32321,24.93128],[121.32192,24.93233],[121.32122,24.93207],[121.3207,24.93367],[121.31814,24.9348],[121.31577,24.93848],[121.32414,24.94329],[121.33041,24.94454],[121.3316,24.94554],[121.32799,24.94919],[121.32809,24.95526],[121.32915,24.96058],[121.32804,24.96545],[121.3298,24.9669],[121.32884,24.96789],[121.32693,24.96659],[121.32859,24.96847],[121.32853,24.97194],[121.32804,24.97288],[121.32513,24.97116],[121.32403,24.97111],[121.32364,24.97199],[121.32367,24.97282],[121.32743,24.97475],[121.3286,24.97627],[121.32718,24.9776],[121.32729,24.97837],[121.33075,24.97936],[121.33157,24.97864],[121.33382,24.97869],[121.33679,24.98068],[121.34113,24.98027],[121.34267,24.98232],[121.34722,24.97883],[121.35234,24.98085],[121.35409,24.9778],[121.36122,24.97781],[121.36141,24.97882],[121.3639,24.97959],[121.36878,24.97681],[121.36967,24.97704],[121.3724,24.97994],[121.37659,24.98119],[121.37932,24.98357],[121.38234,24.98398],[121.38545,24.98605],[121.3834,24.98861],[121.38432,24.99169],[121.38358,24.99351],[121.38418,24.99572],[121.38803,24.9964],[121.39049,24.99332],[121.39402,24.99343],[121.39647,24.99555],[121.39683,24.9973],[121.40323,24.99933],[121.40326,25.00025],[121.40187,25.00124],[121.40204,25.00253],[121.40018,25.00432],[121.39951,25.00697],[121.39365,25.00981],[121.39118,25.01203],[121.39261,25.01375],[121.39248,25.01549],[121.39465,25.01465],[121.39724,25.01622],[121.40162,25.01577],[121.40414,25.01719],[121.40916,25.01839],[121.4114,25.01803],[121.41217,25.01934],[121.41099,25.01943],[121.41061,25.02105],[121.40867,25.02086],[121.40462,25.02376],[121.40376,25.02528],[121.40129,25.02643],[121.4015,25.02816],[121.40079,25.02911],[121.39826,25.0301],[121.39857,25.03476],[121.4012,25.03445],[121.39958,25.03588],[121.4012,25.03637],[121.40107,25.03773],[121.39958,25.0375],[121.39896,25.03861],[121.39758,25.03849],[121.39437,25.04009],[121.39355,25.042],[121.39067,25.04186],[121.39386,25.04378],[121.40068,25.04324],[121.39825,25.04401],[121.40306,25.04566],[121.39993,25.04492],[121.39956,25.04603],[121.39769,25.04629],[121.39942,25.04782],[121.39603,25.04856],[121.39441,25.0475],[121.39392,25.0492],[121.39441,25.05043],[121.39852,25.04847],[121.39758,25.05053],[121.39861,25.05097],[121.39975,25.04937],[121.4007,25.05139],[121.39752,25.05146],[121.39294,25.05398],[121.39103,25.05358],[121.39261,25.05507],[121.39088,25.05448],[121.39081,25.0533],[121.38986,25.05284],[121.38949,25.05348],[121.38443,25.05256],[121.38744,25.05498],[121.38572,25.0568],[121.38559,25.05811],[121.38863,25.05688],[121.38849,25.05831],[121.38973,25.05906],[121.38768,25.05972],[121.38894,25.0607],[121.39092,25.06081],[121.39107,25.06152],[121.38817,25.06156],[121.3883,25.06307],[121.3829,25.06294],[121.38215,25.0643],[121.37667,25.06609],[121.36425,25.06497],[121.35488,25.06515],[121.35508,25.06708],[121.35377,25.06859],[121.35229,25.0688],[121.35213,25.06793],[121.34969,25.06966],[121.34644,25.0703],[121.34824,25.07106],[121.34893,25.07242],[121.34984,25.0713],[121.35171,25.07357],[121.35345,25.07329],[121.35175,25.07446],[121.34989,25.07354],[121.35042,25.07528],[121.34991,25.07663],[121.34803,25.07382],[121.34185,25.07267],[121.3426,25.0735],[121.34052,25.07408],[121.34045,25.07636],[121.34116,25.07571],[121.34156,25.07662],[121.3428,25.07531],[121.3446,25.07503],[121.34622,25.07564],[121.34447,25.07606],[121.34421,25.07785],[121.34635,25.07679],[121.34524,25.07855],[121.34797,25.0788],[121.34246,25.0801],[121.34893,25.08122],[121.34942,25.08075],[121.35025,25.08124],[121.34937,25.08233],[121.34359,25.08422],[121.33829,25.08374],[121.33012,25.08826],[121.32805,25.09099],[121.32501,25.09255],[121.31823,25.09301],[121.31051,25.09655],[121.30278,25.09679],[121.30138,25.09848],[121.30129,25.10155],[121.29915,25.10403],[121.29796,25.10451],[121.29549,25.10302],[121.29161,25.10264],[121.29024,25.10686],[121.28714,25.10682],[121.2852,25.1086],[121.28294,25.10937],[121.28391,25.11266],[121.28338,25.11781],[121.27977,25.11781],[121.26901,25.11992],[121.26381,25.12198]]]]}},{"type":"Feature","properties":{"county_code":"10005","county_name":"苗栗縣","county_id":"K","county_eng":"Miaoli County"},"geometry":{"type":"MultiPolygon","coordinates":[[[[121.0082,24.64432],[121.00895,24.64757],[121.00809,24.65044],[121.00875,24.65157],[121.01067,24.65233],[121.01027,24.65621],[121.00599,24.65526],[121.00401,24.65638],[121.00028,24.65477],[120.99711,24.65467],[120.99609,24.65549],[120.99551,24.65725],[120.99613,24.65802],[120.99508,24.6593],[120.99168,24.65954],[120.99063,24.66039],[120.99064,24.66479],[120.98908,24.66303],[120.98677,24.66377],[120.98532,24.66674],[120.98318,24.6672],[120.98319,24.66981],[120.98175,24.67178],[120.97931,24.67372],[120.97701,24.67365],[120.97648,24.67618],[120.97751,24.6783],[120.97556,24.68457],[120.97269,24.68586],[120.97057,24.68421],[120.96735,24.68444],[120.9644,24.68362],[120.96674,24.68611],[120.96516,24.68811],[120.96642,24.68917],[120.96637,24.69117],[120.97018,24.6941],[120.97187,24.69678],[120.97399,24.69694],[120.97362,24.70116],[120.97221,24.70358],[120.97317,24.70451],[120.97582,24.70494],[120.97668,24.70647],[120.97455,24.70857],[120.97582,24.7095],[120.97387,24.71182],[120.97155,24.71244],[120.97038,24.71089],[120.96858,24.71121],[120.96621,24.70965],[120.96337,24.71148],[120.96229,24.71088],[120.96223,24.70959],[120.96063,24.70906],[120.95934,24.70666],[120.95678,24.70657],[120.95478,24.70435],[120.95302,24.70409],[120.95334,24.70598],[120.95091,24.70774],[120.94979,24.7112],[120.94816,24.71122],[120.94554,24.70987],[120.94511,24.7079],[120.94206,24.70733],[120.93853,24.70908],[120.93513,24.71297],[120.93158,24.71427],[120.9303,24.71662],[120.92883,24.71529],[120.92511,24.71545],[120.92364,24.71455],[120.92058,24.71674],[120.91768,24.71622],[120.91366,24.71734],[120.91627,24.72153],[120.91379,24.72421],[120.91417,24.72706],[120.91206,24.73231],[120.90851,24.73651],[120.90866,24.74011],[120.9078,24.74107],[120.90586,24.74068],[120.89743,24.73347],[120.89361,24.73232],[120.89235,24.73316],[120.89103,24.73178],[120.88746,24.73387],[120.88479,24.73279],[120.88356,24.73453],[120.88103,24.73329],[120.87453,24.73832],[120.86479,24.72723],[120.86133,24.72165],[120.85794,24.71133],[120.85772,24.70667],[120.85616,24.70251],[120.84756,24.69593],[120.84039,24.68786],[120.83258,24.68241],[120.82409,24.67338],[120.82305,24.67268],[120.80938,24.67123],[120.8028,24.66909],[120.79159,24.66782],[120.77871,24.66257],[120.76943,24.65395],[120.76851,24.65469],[120.76933,24.65387],[120.76777,24.65045],[120.76358,24.64907],[120.76085,24.64312],[120.75769,24.64152],[120.75637,24.63255],[120.75595,24.63147],[120.75401,24.6312],[120.75237,24.62741],[120.74892,24.62596],[120.74583,24.62174],[120.73819,24.62086],[120.73116,24.61187],[120.72377,24.60823],[120.72025,24.60416],[120.71581,24.60097],[120.71265,24.59348],[120.70976,24.59102],[120.70808,24.58245],[120.705,24.57588],[120.70391,24.57516],[120.70454,24.57284],[120.70203,24.569],[120.70118,24.56154],[120.69823,24.55848],[120.69664,24.5534],[120.69544,24.55267],[120.69584,24.55118],[120.69336,24.54887],[120.69105,24.53905],[120.6883,24.53556],[120.68808,24.53047],[120.68467,24.52139],[120.67763,24.51453],[120.67427,24.50955],[120.67127,24.50211],[120.66843,24.49982],[120.66776,24.4934],[120.66529,24.48977],[120.6661,24.48885],[120.66557,24.48755],[120.66639,24.48802],[120.66503,24.48723],[120.6648,24.48438],[120.66539,24.48361],[120.66182,24.48378],[120.65849,24.4773],[120.65265,24.47074],[120.64376,24.4626],[120.63961,24.46001],[120.63962,24.45667],[120.63776,24.45419],[120.63524,24.45251],[120.63135,24.44764],[120.62789,24.4457],[120.62185,24.44029],[120.62859,24.43804],[120.63209,24.43242],[120.63966,24.42777],[120.64028,24.42412],[120.64319,24.42171],[120.64334,24.41535],[120.64525,24.41457],[120.64596,24.4123],[120.64816,24.41133],[120.64883,24.40949],[120.658,24.40672],[120.66424,24.40172],[120.6674,24.39783],[120.66748,24.3962],[120.6701,24.39196],[120.67314,24.39099],[120.67592,24.38837],[120.67864,24.38707],[120.67727,24.38416],[120.68574,24.37891],[120.68853,24.37497],[120.68994,24.37434],[120.69276,24.36714],[120.70341,24.3618],[120.70742,24.36173],[120.70729,24.35787],[120.72315,24.35467],[120.7304,24.35181],[120.74678,24.33759],[120.75223,24.33417],[120.75813,24.32886],[120.763,24.32602],[120.76705,24.32558],[120.77312,24.32174],[120.78382,24.31835],[120.78784,24.31836],[120.796,24.31638],[120.80653,24.31568],[120.81757,24.30742],[120.81968,24.30361],[120.82531,24.29678],[120.83337,24.29058],[120.83814,24.28928],[120.8499,24.28852],[120.85651,24.289],[120.86684,24.29307],[120.87611,24.29501],[120.89158,24.29408],[120.90298,24.29218],[120.9119,24.29407],[120.91677,24.29901],[120.92148,24.30204],[120.92249,24.30395],[120.92017,24.31063],[120.9205,24.32011],[120.91649,24.33347],[120.9166,24.33513],[120.91964,24.33714],[120.92631,24.33865],[120.93564,24.34292],[120.94245,24.33914],[120.94517,24.33979],[120.94652,24.3391],[120.95409,24.3386],[120.95678,24.3393],[120.96016,24.33506],[120.96648,24.33346],[120.97962,24.33442],[120.98198,24.3359],[120.98558,24.33166],[120.99177,24.32962],[120.99756,24.33014],[121.00048,24.33266],[121.00415,24.3323],[121.01449,24.32011],[121.01801,24.3113],[121.02002,24.30924],[121.02936,24.30471],[121.03413,24.29782],[121.03698,24.29662],[121.04519,24.29533],[121.04914,24.296],[121.05224,24.29933],[121.05256,24.30424],[121.05491,24.30766],[121.05552,24.31059],[121.05742,24.31127],[121.0584,24.31273],[121.0609,24.31312],[121.0648,24.31544],[121.07021,24.31576],[121.07385,24.31919],[121.07307,24.32282],[121.07846,24.32281],[121.08147,24.32414],[121.08644,24.31768],[121.09192,24.31863],[121.09435,24.31981],[121.09571,24.32257],[121.10225,24.32458],[121.10847,24.33095],[121.11487,24.32864],[121.11855,24.33037],[121.12157,24.33068],[121.1215,24.33429],[121.12412,24.34055],[121.12529,24.34199],[121.12843,24.34217],[121.13019,24.34471],[121.13122,24.34936],[121.13357,24.35167],[121.13644,24.35313],[121.1378,24.35469],[121.13796,24.35627],[121.14095,24.35964],[121.1449,24.35807],[121.1484,24.35788],[121.15553,24.35904],[121.15941,24.3608],[121.16836,24.36091],[121.169,24.36431],[121.17417,24.36892],[121.17304,24.37068],[121.17342,24.37334],[121.17851,24.37792],[121.18167,24.37886],[121.18329,24.38101],[121.19023,24.38162],[121.19089,24.38357],[121.19671,24.39152],[121.19718,24.39659],[121.20071,24.39761],[121.20719,24.39791],[121.21029,24.39612],[121.21124,24.38839],[121.21345,24.38403],[121.2135,24.38185],[121.21587,24.37945],[121.21845,24.38126],[121.23205,24.38401],[121.23161,24.38761],[121.23497,24.39192],[121.23466,24.39734],[121.23802,24.40029],[121.23814,24.40151],[121.24013,24.40354],[121.24356,24.40572],[121.2429,24.40908],[121.24332,24.4112],[121.24198,24.41409],[121.24359,24.41661],[121.24389,24.42008],[121.24611,24.42278],[121.24914,24.42379],[121.24999,24.42491],[121.2573,24.42498],[121.25817,24.42585],[121.25888,24.42771],[121.25893,24.44072],[121.26165,24.44422],[121.26088,24.44565],[121.26219,24.44803],[121.2611,24.44879],[121.26061,24.45141],[121.26263,24.45525],[121.25803,24.45746],[121.25796,24.46335],[121.24931,24.46587],[121.24442,24.46994],[121.24329,24.47729],[121.23471,24.48366],[121.23443,24.48802],[121.23343,24.48746],[121.22992,24.48891],[121.22878,24.49241],[121.2235,24.49439],[121.21867,24.49826],[121.21974,24.50077],[121.22096,24.50145],[121.22192,24.50482],[121.22364,24.50631],[121.21747,24.50965],[121.21736,24.51436],[121.21523,24.51545],[121.20955,24.51149],[121.20666,24.51295],[121.20458,24.51216],[121.20318,24.51251],[121.20024,24.51129],[121.19568,24.50717],[121.19162,24.50747],[121.18671,24.50536],[121.18318,24.50793],[121.17791,24.50765],[121.17509,24.50507],[121.17058,24.50412],[121.16913,24.50259],[121.16141,24.50358],[121.15502,24.5068],[121.15058,24.50609],[121.14608,24.50969],[121.14502,24.51192],[121.13699,24.50665],[121.12965,24.5067],[121.12766,24.50817],[121.12537,24.5085],[121.12332,24.51023],[121.12096,24.50842],[121.11696,24.50839],[121.11333,24.50647],[121.10893,24.50097],[121.10532,24.50061],[121.10246,24.49825],[121.10033,24.49823],[121.09807,24.49642],[121.09042,24.49786],[121.08555,24.50131],[121.07892,24.49907],[121.07543,24.49945],[121.07188,24.49838],[121.07211,24.50337],[121.07032,24.50608],[121.0681,24.507],[121.06931,24.50933],[121.06848,24.51659],[121.06668,24.52078],[121.06692,24.52255],[121.07217,24.52635],[121.0783,24.5289],[121.07867,24.53251],[121.0778,24.53424],[121.08004,24.53769],[121.08054,24.54096],[121.07623,24.5438],[121.07346,24.54942],[121.06999,24.55058],[121.06302,24.55489],[121.06219,24.55615],[121.05862,24.5574],[121.05842,24.56064],[121.0614,24.56],[121.06273,24.55746],[121.06797,24.56213],[121.07059,24.56336],[121.07267,24.57258],[121.07472,24.57673],[121.07525,24.58067],[121.07874,24.58375],[121.0795,24.5881],[121.0831,24.58999],[121.0828,24.59483],[121.08127,24.60057],[121.07558,24.60384],[121.07526,24.60585],[121.07608,24.60907],[121.07492,24.6123],[121.06808,24.61487],[121.06256,24.62175],[121.06142,24.62173],[121.05535,24.61789],[121.05331,24.61545],[121.05156,24.61515],[121.05168,24.61736],[121.04825,24.61984],[121.04338,24.62715],[121.04053,24.62697],[121.03905,24.62963],[121.03728,24.62964],[121.03321,24.63215],[121.03018,24.63246],[121.0259,24.63591],[121.02515,24.63782],[121.02598,24.64],[121.02543,24.64121],[121.0235,24.64182],[121.01847,24.64076],[121.01438,24.64085],[121.01059,24.64375],[121.0082,24.64432]]]]}},{"type":"Feature","properties":{"county_code":"10020","county_name":"嘉義市","county_id":"I","county_eng":"Chiayi City"},"geometry":{"type":"MultiPolygon","coordinates":[[[[120.44758,23.51819],[120.44529,23.51822],[120.44439,23.51728],[120.44062,23.5183],[120.44214,23.51332],[120.44061,23.51194],[120.43905,23.51224],[120.43718,23.51397],[120.43736,23.51515],[120.43584,23.51677],[120.43361,23.51717],[120.43384,23.51517],[120.43252,23.5137],[120.43386,23.51092],[120.43335,23.50903],[120.42748,23.50918],[120.42611,23.50861],[120.42476,23.5063],[120.41675,23.50536],[120.41329,23.50226],[120.41161,23.49889],[120.40831,23.49871],[120.40785,23.50261],[120.4088,23.50657],[120.40593,23.50387],[120.40382,23.50374],[120.401,23.50187],[120.4002,23.49876],[120.39447,23.50081],[120.39002,23.49936],[120.38933,23.49859],[120.38991,23.49756],[120.38919,23.49715],[120.38978,23.49135],[120.39472,23.49075],[120.39393,23.48895],[120.39343,23.48238],[120.39441,23.48077],[120.3969,23.48044],[120.39688,23.47953],[120.39805,23.47954],[120.39906,23.47842],[120.3985,23.47401],[120.39927,23.47107],[120.39789,23.47026],[120.39664,23.46774],[120.39427,23.46647],[120.39417,23.46252],[120.40509,23.46341],[120.41127,23.46479],[120.41279,23.46396],[120.41318,23.46207],[120.41516,23.46028],[120.42409,23.46137],[120.42929,23.46104],[120.4302,23.45218],[120.43284,23.45011],[120.43446,23.45069],[120.43695,23.44649],[120.43803,23.44653],[120.43823,23.44481],[120.43586,23.44359],[120.43957,23.43956],[120.44712,23.4434],[120.45024,23.44345],[120.45246,23.4445],[120.4546,23.44832],[120.45471,23.45032],[120.46101,23.45532],[120.46452,23.45561],[120.46455,23.4583],[120.46873,23.46162],[120.4768,23.46199],[120.4806,23.46001],[120.48194,23.45783],[120.48961,23.45225],[120.49523,23.4529],[120.49702,23.45524],[120.49753,23.45787],[120.50066,23.46097],[120.49971,23.46539],[120.50176,23.46692],[120.50375,23.46718],[120.50486,23.46951],[120.50656,23.47009],[120.50718,23.47176],[120.50861,23.47137],[120.50934,23.47267],[120.50901,23.47516],[120.50508,23.47878],[120.50369,23.47888],[120.50407,23.48098],[120.50182,23.48093],[120.50373,23.485],[120.5019,23.48633],[120.50096,23.4886],[120.50125,23.48991],[120.49894,23.49099],[120.49461,23.49012],[120.49361,23.49113],[120.48739,23.49215],[120.48376,23.49609],[120.4847,23.50174],[120.48315,23.50536],[120.48,23.50434],[120.4735,23.50685],[120.47082,23.50382],[120.46972,23.49977],[120.46747,23.49878],[120.46412,23.49923],[120.46217,23.50155],[120.46062,23.50622],[120.45777,23.50892],[120.4563,23.51177],[120.45628,23.51295],[120.45738,23.51364],[120.45711,23.51568],[120.45327,23.51588],[120.44758,23.51819]]]]}},{"type":"Feature","properties":{"county_code":"10010","county_name":"嘉義縣","county_id":"Q","county_eng":"Chiayi County"},"geometry":{"type":"MultiPolygon","coordinates":[[[[120.15192,23.39274],[120.1498,23.39854],[120.14474,23.40378],[120.14117,23.41251],[120.14094,23.41106],[120.14389,23.40288],[120.14771,23.39854],[120.15019,23.38918],[120.15239,23.39045],[120.15109,23.39165],[120.15152,23.39261],[120.1525,23.39165],[120.15192,23.39274]]],[[[120.13689,23.42136],[120.13547,23.42376],[120.13562,23.42548],[120.13529,23.42274],[120.13689,23.42136]]],[[[120.13775,23.43474],[120.13611,23.43629],[120.13541,23.43649],[120.13775,23.43474]]],[[[120.14283,23.47518],[120.1427,23.47544],[120.14269,23.47532],[120.14283,23.47518]]],[[[120.14194,23.47594],[120.14145,23.47652],[120.1412,23.47646],[120.14194,23.47594]]],[[[120.14046,23.477],[120.13994,23.47727],[120.13983,23.47711],[120.14046,23.477]]],[[[120.14797,23.4777],[120.14819,23.47822],[120.14787,23.47795],[120.14797,23.4777]]],[[[120.14897,23.47872],[120.14871,23.479],[120.14833,23.47887],[120.14897,23.47872]]],[[[120.49297,23.63317],[120.48872,23.6359],[120.48716,23.63416],[120.48786,23.63071],[120.48585,23.63063],[120.47925,23.63295],[120.47702,23.62954],[120.47399,23.63107],[120.46613,23.63027],[120.46039,23.62934],[120.45847,23.62767],[120.45427,23.62631],[120.45104,23.62713],[120.45402,23.62946],[120.45303,23.63069],[120.44996,23.62942],[120.4445,23.63054],[120.44264,23.62889],[120.44112,23.62598],[120.43786,23.62654],[120.43529,23.62552],[120.43534,23.6244],[120.43711,23.62356],[120.43703,23.62191],[120.43362,23.62287],[120.43181,23.62156],[120.43034,23.61847],[120.42732,23.61932],[120.42537,23.61801],[120.42202,23.61927],[120.4207,23.62517],[120.4181,23.62398],[120.41579,23.62138],[120.41381,23.62241],[120.41422,23.62305],[120.41297,23.62395],[120.40959,23.62524],[120.40662,23.62519],[120.40591,23.63362],[120.40461,23.63419],[120.40146,23.6329],[120.40088,23.63216],[120.40264,23.62694],[120.39448,23.62405],[120.39309,23.62422],[120.3922,23.62346],[120.3924,23.62239],[120.38605,23.6207],[120.3828,23.61463],[120.38337,23.61291],[120.38068,23.61172],[120.3799,23.60997],[120.37113,23.60949],[120.36811,23.60748],[120.3665,23.60781],[120.3657,23.60248],[120.35905,23.59505],[120.35497,23.59359],[120.34331,23.59192],[120.33443,23.59268],[120.3336,23.59146],[120.33311,23.5792],[120.327,23.57417],[120.31961,23.57238],[120.31155,23.57503],[120.30743,23.57466],[120.30644,23.57358],[120.30647,23.57207],[120.31023,23.56721],[120.31054,23.56445],[120.30654,23.56287],[120.29535,23.56459],[120.29036,23.56257],[120.28925,23.56118],[120.28905,23.55899],[120.29076,23.55054],[120.28622,23.54756],[120.28259,23.54603],[120.28019,23.54588],[120.27635,23.54347],[120.27191,23.53075],[120.26842,23.53028],[120.26344,23.53353],[120.26136,23.53634],[120.2581,23.54376],[120.25609,23.54609],[120.2489,23.54576],[120.24335,23.54361],[120.24209,23.54154],[120.24191,23.53949],[120.24404,23.53261],[120.24707,23.51527],[120.24665,23.51383],[120.24308,23.51012],[120.23707,23.50695],[120.22304,23.50432],[120.20666,23.5106],[120.2068,23.51159],[120.20626,23.51114],[120.20309,23.51205],[120.20284,23.51113],[120.20098,23.5114],[120.20127,23.51244],[120.19853,23.51304],[120.19458,23.5125],[120.18992,23.51005],[120.18755,23.51061],[120.18097,23.50985],[120.16658,23.51723],[120.1654,23.51721],[120.16456,23.51583],[120.15813,23.51593],[120.1493,23.51892],[120.14638,23.52076],[120.14584,23.52083],[120.14584,23.51848],[120.14263,23.5185],[120.14245,23.51744],[120.12539,23.52047],[120.12152,23.5195],[120.11894,23.51566],[120.11934,23.49625],[120.12042,23.49297],[120.12466,23.48873],[120.12736,23.48794],[120.13356,23.48816],[120.15785,23.49504],[120.15896,23.49455],[120.1587,23.49359],[120.16073,23.49293],[120.16968,23.49219],[120.16864,23.49175],[120.16967,23.4917],[120.16966,23.49051],[120.1685,23.49076],[120.16961,23.49047],[120.16885,23.48993],[120.16762,23.49073],[120.16009,23.49185],[120.15522,23.49108],[120.15664,23.48754],[120.15578,23.48407],[120.15471,23.48405],[120.1541,23.48226],[120.14904,23.47814],[120.14961,23.47603],[120.14809,23.47567],[120.14866,23.47583],[120.14901,23.47476],[120.14812,23.47444],[120.14777,23.47544],[120.14689,23.475],[120.14602,23.47422],[120.14703,23.47476],[120.14783,23.47372],[120.14693,23.47307],[120.14629,23.47377],[120.14678,23.47293],[120.14589,23.47228],[120.14497,23.47334],[120.14584,23.47409],[120.14486,23.47341],[120.14557,23.47224],[120.14409,23.47011],[120.14431,23.46805],[120.14608,23.46611],[120.14523,23.46494],[120.14556,23.46424],[120.14612,23.46577],[120.14694,23.46518],[120.14601,23.46427],[120.14481,23.45983],[120.13904,23.45805],[120.13436,23.45407],[120.13325,23.45159],[120.13539,23.44771],[120.13818,23.44904],[120.13642,23.44849],[120.13539,23.45113],[120.13876,23.45267],[120.13991,23.45068],[120.13868,23.44894],[120.14257,23.45145],[120.14967,23.45427],[120.15114,23.45568],[120.15224,23.45485],[120.15278,23.45216],[120.15169,23.45197],[120.15096,23.44898],[120.1556,23.44827],[120.14979,23.44185],[120.14832,23.43873],[120.14689,23.43837],[120.14651,23.43747],[120.14727,23.43633],[120.14578,23.43328],[120.1455,23.4286],[120.14795,23.42792],[120.14817,23.42722],[120.14821,23.42781],[120.15046,23.42772],[120.14885,23.42744],[120.14845,23.42605],[120.149,23.42553],[120.15125,23.42615],[120.15361,23.4284],[120.15573,23.42857],[120.15599,23.4273],[120.14953,23.42303],[120.14954,23.41981],[120.15126,23.41829],[120.1482,23.41486],[120.14928,23.41312],[120.1494,23.40615],[120.15163,23.39853],[120.15243,23.39978],[120.153,23.39861],[120.15383,23.39916],[120.15414,23.40427],[120.15997,23.40613],[120.16167,23.39466],[120.1637,23.39304],[120.16072,23.38879],[120.1555,23.39094],[120.15364,23.38896],[120.15568,23.39008],[120.15671,23.38936],[120.15615,23.38865],[120.15672,23.38827],[120.15735,23.38905],[120.15926,23.38769],[120.15778,23.38579],[120.15679,23.38641],[120.15729,23.38724],[120.15671,23.38651],[120.15504,23.38759],[120.1555,23.38818],[120.154,23.38812],[120.15734,23.38495],[120.15689,23.38427],[120.15818,23.38479],[120.158,23.38376],[120.15706,23.38388],[120.15803,23.38332],[120.15703,23.38179],[120.15787,23.38319],[120.15833,23.38178],[120.15709,23.38152],[120.15724,23.38083],[120.1584,23.38154],[120.15797,23.37981],[120.15733,23.38044],[120.15645,23.37978],[120.15591,23.38471],[120.15302,23.38762],[120.15183,23.38751],[120.15205,23.3886],[120.15069,23.38836],[120.14807,23.38553],[120.13165,23.38478],[120.13193,23.37626],[120.13089,23.37045],[120.12944,23.36878],[120.12802,23.36357],[120.11933,23.34693],[120.11806,23.34017],[120.13228,23.32976],[120.13691,23.32799],[120.14708,23.32107],[120.14858,23.31958],[120.14836,23.31528],[120.14966,23.31325],[120.15412,23.31309],[120.15621,23.31004],[120.16058,23.31065],[120.16833,23.30701],[120.17094,23.30458],[120.17392,23.2999],[120.17591,23.29402],[120.17867,23.29173],[120.18383,23.29032],[120.18904,23.29022],[120.18935,23.29235],[120.18614,23.29538],[120.18578,23.29661],[120.1884,23.30124],[120.19168,23.30027],[120.20009,23.29399],[120.20427,23.2919],[120.2086,23.2913],[120.21182,23.29271],[120.21238,23.2917],[120.22087,23.296],[120.22263,23.29832],[120.22705,23.30532],[120.22828,23.31015],[120.23122,23.31619],[120.23428,23.31981],[120.23759,23.32665],[120.23969,23.32756],[120.24586,23.32685],[120.24922,23.32893],[120.25639,23.33107],[120.26704,23.34063],[120.26749,23.34476],[120.2607,23.34447],[120.26603,23.35258],[120.27049,23.35369],[120.27331,23.35273],[120.27478,23.35171],[120.27615,23.34834],[120.27773,23.34772],[120.28141,23.34824],[120.2862,23.35028],[120.28605,23.35396],[120.2846,23.35626],[120.28367,23.36],[120.28589,23.36722],[120.29273,23.37532],[120.30361,23.37597],[120.30796,23.37495],[120.31094,23.37544],[120.31033,23.3831],[120.31119,23.3834],[120.311,23.38557],[120.31477,23.38846],[120.31784,23.38844],[120.31978,23.38693],[120.31944,23.38604],[120.32169,23.38359],[120.32349,23.38362],[120.32844,23.38607],[120.32893,23.38488],[120.33386,23.3861],[120.34271,23.39622],[120.3431,23.39829],[120.34901,23.40122],[120.35381,23.40126],[120.35984,23.40267],[120.38424,23.40409],[120.40417,23.41005],[120.4067,23.41151],[120.4081,23.41343],[120.41049,23.41017],[120.41449,23.41124],[120.4163,23.41042],[120.41794,23.40852],[120.42006,23.40347],[120.42195,23.40705],[120.42775,23.40637],[120.42867,23.40731],[120.43031,23.40649],[120.43167,23.40792],[120.43224,23.41082],[120.43434,23.41109],[120.43439,23.41215],[120.43621,23.41282],[120.4369,23.41229],[120.43808,23.41336],[120.43939,23.41295],[120.43999,23.41373],[120.44454,23.41101],[120.45008,23.40923],[120.45326,23.40648],[120.45432,23.40634],[120.45398,23.40722],[120.45919,23.40464],[120.46093,23.40471],[120.46184,23.40244],[120.46495,23.40077],[120.46768,23.40112],[120.46952,23.39941],[120.4734,23.39807],[120.47614,23.39383],[120.47538,23.391],[120.47747,23.39071],[120.47941,23.38759],[120.48087,23.38931],[120.48315,23.38984],[120.484,23.39152],[120.48567,23.39144],[120.48554,23.39306],[120.48916,23.39245],[120.48865,23.39361],[120.49032,23.39563],[120.49494,23.39436],[120.49479,23.39331],[120.4975,23.39123],[120.49715,23.38929],[120.49914,23.38805],[120.49903,23.3874],[120.49681,23.38425],[120.49452,23.38431],[120.49141,23.38264],[120.49027,23.38307],[120.48917,23.38178],[120.4844,23.37948],[120.48294,23.37233],[120.48393,23.36957],[120.48625,23.37031],[120.48872,23.37307],[120.49009,23.37112],[120.4915,23.37249],[120.49427,23.36949],[120.49605,23.36995],[120.49947,23.36804],[120.50178,23.36783],[120.50259,23.36954],[120.50483,23.3689],[120.50492,23.36743],[120.50676,23.36703],[120.50877,23.36463],[120.51053,23.36436],[120.51118,23.36064],[120.51242,23.35983],[120.51246,23.3563],[120.51084,23.354],[120.50809,23.35276],[120.50616,23.3553],[120.50472,23.35468],[120.50356,23.35029],[120.50378,23.3494],[120.50463,23.34935],[120.50445,23.34655],[120.50567,23.34547],[120.50509,23.34482],[120.50786,23.343],[120.51043,23.34409],[120.51477,23.34329],[120.51558,23.34374],[120.51842,23.34201],[120.52068,23.34195],[120.52141,23.34046],[120.52311,23.34068],[120.52474,23.3382],[120.52693,23.33939],[120.53153,23.33682],[120.53372,23.33647],[120.53681,23.33326],[120.53999,23.32787],[120.53705,23.32654],[120.53511,23.32325],[120.53195,23.32115],[120.53085,23.31711],[120.53007,23.31726],[120.52728,23.31464],[120.52389,23.31335],[120.52255,23.31176],[120.52388,23.30239],[120.52628,23.29534],[120.52601,23.29223],[120.52446,23.29155],[120.52186,23.28809],[120.52294,23.28206],[120.52097,23.27969],[120.52232,23.27429],[120.52042,23.27178],[120.52609,23.26649],[120.52662,23.26415],[120.52853,23.26196],[120.52932,23.25788],[120.53229,23.25505],[120.53032,23.24853],[120.52791,23.24536],[120.52416,23.242],[120.51904,23.23926],[120.52574,23.23153],[120.52682,23.23093],[120.52968,23.23255],[120.53133,23.23173],[120.53196,23.22967],[120.54151,23.22783],[120.54853,23.22399],[120.54978,23.22134],[120.55251,23.22027],[120.55498,23.21747],[120.55808,23.21682],[120.56137,23.21742],[120.56529,23.22098],[120.57102,23.21822],[120.57487,23.2177],[120.57826,23.21478],[120.57968,23.21899],[120.58178,23.21993],[120.58661,23.22417],[120.59003,23.23167],[120.59025,23.23433],[120.59197,23.23672],[120.59249,23.23986],[120.5938,23.23942],[120.59579,23.23673],[120.59724,23.22904],[120.60272,23.22608],[120.60652,23.22578],[120.60982,23.22264],[120.61165,23.22282],[120.61308,23.224],[120.61676,23.22355],[120.61839,23.22565],[120.62476,23.22718],[120.62838,23.22945],[120.63121,23.22951],[120.6333,23.22863],[120.63411,23.22923],[120.63891,23.22795],[120.64417,23.22532],[120.64691,23.22713],[120.64793,23.22674],[120.64823,23.22555],[120.65188,23.22404],[120.65344,23.22454],[120.64948,23.22864],[120.65035,23.23465],[120.65131,23.23582],[120.65066,23.23585],[120.65085,23.23799],[120.64921,23.24041],[120.64864,23.24445],[120.64789,23.24463],[120.64923,23.24691],[120.64806,23.24846],[120.64845,23.24925],[120.64208,23.25681],[120.64209,23.26103],[120.64069,23.26652],[120.63828,23.26918],[120.63901,23.27044],[120.64109,23.27103],[120.64063,23.27417],[120.64315,23.27598],[120.64191,23.27854],[120.64405,23.28223],[120.64322,23.28626],[120.64186,23.28748],[120.64372,23.28944],[120.64203,23.2929],[120.64374,23.2961],[120.64702,23.29744],[120.64945,23.29291],[120.652,23.29117],[120.65532,23.29194],[120.65843,23.29597],[120.65967,23.29476],[120.66183,23.29501],[120.66267,23.29354],[120.66539,23.29317],[120.66562,23.29409],[120.66731,23.29403],[120.66824,23.2921],[120.66972,23.2922],[120.67089,23.2902],[120.67455,23.29089],[120.67596,23.29029],[120.67617,23.2886],[120.67735,23.28785],[120.67882,23.28885],[120.6899,23.28531],[120.69954,23.28443],[120.70116,23.28556],[120.7014,23.2869],[120.70342,23.28909],[120.70234,23.29384],[120.70283,23.29757],[120.70438,23.30198],[120.70677,23.30473],[120.71217,23.3087],[120.71628,23.30761],[120.72131,23.30827],[120.73063,23.30561],[120.73017,23.31076],[120.73231,23.31386],[120.73943,23.31684],[120.74105,23.32108],[120.74786,23.32191],[120.75007,23.32404],[120.75082,23.32593],[120.75287,23.32704],[120.75325,23.32819],[120.75238,23.33103],[120.75644,23.33279],[120.75883,23.33645],[120.75708,23.33856],[120.75848,23.34087],[120.75751,23.34298],[120.75807,23.34427],[120.76168,23.34352],[120.76443,23.34167],[120.76846,23.34388],[120.77333,23.34183],[120.77446,23.343],[120.77713,23.34354],[120.77927,23.34251],[120.78321,23.34221],[120.78521,23.34534],[120.78758,23.34614],[120.78859,23.3486],[120.78845,23.35282],[120.79181,23.35347],[120.79198,23.35725],[120.79624,23.35686],[120.7979,23.36032],[120.79951,23.3612],[120.80064,23.36065],[120.80108,23.36373],[120.80469,23.36721],[120.80327,23.36946],[120.80429,23.37066],[120.80579,23.37091],[120.80852,23.36839],[120.80983,23.36955],[120.8134,23.36942],[120.81628,23.37148],[120.82119,23.37052],[120.82309,23.37194],[120.82542,23.37171],[120.82574,23.37349],[120.82911,23.3758],[120.82938,23.38343],[120.83097,23.3866],[120.83291,23.38721],[120.83463,23.38668],[120.83412,23.38965],[120.83558,23.38986],[120.83687,23.39339],[120.84101,23.39492],[120.84117,23.39608],[120.83876,23.39651],[120.83841,23.39825],[120.84394,23.40393],[120.84475,23.40823],[120.84931,23.41201],[120.84917,23.41949],[120.84978,23.42036],[120.85309,23.42194],[120.85397,23.42319],[120.85708,23.42197],[120.8591,23.42512],[120.86004,23.42379],[120.8623,23.42458],[120.86452,23.42394],[120.86625,23.42608],[120.86962,23.42643],[120.87174,23.4296],[120.8734,23.42965],[120.87541,23.43135],[120.87536,23.43277],[120.87892,23.43215],[120.88162,23.43301],[120.88382,23.43626],[120.88556,23.43481],[120.88676,23.43486],[120.8907,23.44241],[120.89177,23.44661],[120.89287,23.44522],[120.89515,23.44592],[120.89624,23.45042],[120.90041,23.45209],[120.90052,23.45409],[120.90567,23.45318],[120.9094,23.45754],[120.91166,23.45763],[120.91294,23.45852],[120.91517,23.45801],[120.91616,23.45889],[120.92144,23.4591],[120.92248,23.45814],[120.92619,23.45748],[120.92684,23.456],[120.92848,23.45549],[120.92838,23.45691],[120.93155,23.45714],[120.93475,23.45844],[120.9345,23.46145],[120.93664,23.46378],[120.93891,23.46392],[120.94116,23.46301],[120.94844,23.46417],[120.956,23.46734],[120.95739,23.46896],[120.95688,23.46962],[120.9522,23.46772],[120.94752,23.46712],[120.94226,23.46932],[120.93757,23.47305],[120.93465,23.47311],[120.93096,23.47066],[120.92092,23.47493],[120.91748,23.47569],[120.91509,23.47463],[120.91021,23.47623],[120.90195,23.47608],[120.89962,23.47537],[120.88671,23.47556],[120.88427,23.47431],[120.8819,23.46829],[120.88003,23.46762],[120.87309,23.46853],[120.8632,23.47355],[120.85813,23.47285],[120.8542,23.4733],[120.84914,23.47209],[120.84701,23.47301],[120.84209,23.47326],[120.83897,23.47122],[120.83264,23.47473],[120.82989,23.48073],[120.82707,23.48338],[120.82618,23.48852],[120.8253,23.48971],[120.82531,23.49531],[120.82285,23.49867],[120.82407,23.50528],[120.82283,23.50862],[120.82304,23.51136],[120.81956,23.51558],[120.81911,23.51954],[120.82035,23.52148],[120.81797,23.52369],[120.81161,23.53371],[120.80864,23.53597],[120.80818,23.54213],[120.80883,23.54586],[120.81129,23.54943],[120.81149,23.55106],[120.81448,23.55173],[120.81586,23.55311],[120.81415,23.55624],[120.82063,23.5624],[120.81992,23.56452],[120.82153,23.56848],[120.82111,23.57015],[120.8219,23.57091],[120.81962,23.57453],[120.81991,23.57768],[120.82157,23.5799],[120.82162,23.58214],[120.82469,23.5842],[120.82553,23.58637],[120.81988,23.59044],[120.81867,23.59372],[120.81687,23.5956],[120.81861,23.59824],[120.81724,23.59978],[120.81371,23.60095],[120.81126,23.60014],[120.80979,23.59869],[120.80512,23.59862],[120.80333,23.59665],[120.79492,23.59725],[120.79087,23.60095],[120.78313,23.60074],[120.77774,23.60233],[120.77653,23.60403],[120.77422,23.60536],[120.77022,23.60596],[120.76941,23.60837],[120.76428,23.61224],[120.75808,23.61249],[120.75425,23.61466],[120.75199,23.61473],[120.74748,23.61117],[120.74635,23.61248],[120.74439,23.61267],[120.74136,23.61227],[120.73772,23.60968],[120.73,23.61059],[120.72896,23.60878],[120.72674,23.60743],[120.72455,23.60377],[120.72781,23.60138],[120.72875,23.59899],[120.73271,23.59717],[120.7299,23.59364],[120.73259,23.58969],[120.73234,23.58784],[120.73399,23.58421],[120.73216,23.57713],[120.73517,23.57503],[120.73616,23.57046],[120.73314,23.57101],[120.7279,23.57033],[120.7245,23.5719],[120.71794,23.56904],[120.71657,23.56952],[120.7161,23.57107],[120.71005,23.57119],[120.7089,23.57571],[120.70466,23.57498],[120.69891,23.57634],[120.69369,23.57651],[120.68633,23.57488],[120.68199,23.57185],[120.67624,23.57071],[120.67489,23.57125],[120.67246,23.57656],[120.66996,23.57879],[120.66858,23.57778],[120.66568,23.57778],[120.66068,23.5763],[120.65805,23.57288],[120.6567,23.57241],[120.65082,23.57243],[120.64986,23.57279],[120.64921,23.57496],[120.64734,23.57665],[120.64414,23.57529],[120.64346,23.57572],[120.64348,23.57821],[120.64726,23.58039],[120.64917,23.58331],[120.64926,23.5857],[120.64732,23.58581],[120.64708,23.58748],[120.64912,23.59247],[120.64745,23.59322],[120.63981,23.59254],[120.63083,23.58995],[120.62474,23.59054],[120.6232,23.58998],[120.62296,23.58802],[120.619,23.58417],[120.61546,23.58532],[120.61019,23.58262],[120.60651,23.58421],[120.60031,23.58313],[120.59482,23.58541],[120.59108,23.58502],[120.58974,23.58572],[120.58592,23.5826],[120.5814,23.58213],[120.57674,23.58352],[120.57071,23.58804],[120.56709,23.58774],[120.56496,23.58951],[120.56309,23.58964],[120.56084,23.58859],[120.55814,23.58906],[120.55633,23.59292],[120.55192,23.59395],[120.53731,23.59458],[120.53304,23.59701],[120.53202,23.59892],[120.52951,23.59986],[120.52772,23.60321],[120.51941,23.60924],[120.51503,23.61519],[120.51024,23.61935],[120.50945,23.62176],[120.5077,23.62299],[120.50645,23.62586],[120.50649,23.62815],[120.50764,23.63024],[120.50587,23.63391],[120.50382,23.63523],[120.49949,23.63507],[120.49297,23.63317]],[[120.44659,23.51839],[120.45327,23.51588],[120.45711,23.51568],[120.45738,23.51364],[120.45628,23.51295],[120.4563,23.51177],[120.45777,23.50892],[120.46062,23.50622],[120.46217,23.50155],[120.46412,23.49923],[120.46747,23.49878],[120.46972,23.49977],[120.47082,23.50382],[120.4735,23.50685],[120.48,23.50434],[120.48315,23.50536],[120.4847,23.50174],[120.48376,23.49609],[120.48739,23.49215],[120.49361,23.49113],[120.49461,23.49012],[120.49894,23.49099],[120.50125,23.48991],[120.50096,23.4886],[120.5019,23.48633],[120.50373,23.485],[120.50182,23.48093],[120.50407,23.48098],[120.50369,23.47888],[120.50508,23.47878],[120.50901,23.47516],[120.50934,23.47267],[120.50861,23.47137],[120.50718,23.47176],[120.50656,23.47009],[120.50486,23.46951],[120.50375,23.46718],[120.50176,23.46692],[120.49971,23.46539],[120.50066,23.46097],[120.49753,23.45787],[120.49702,23.45524],[120.49523,23.4529],[120.48961,23.45225],[120.48194,23.45783],[120.4806,23.46001],[120.4768,23.46199],[120.46873,23.46162],[120.46455,23.4583],[120.46452,23.45561],[120.46101,23.45532],[120.45471,23.45032],[120.4546,23.44832],[120.45246,23.4445],[120.45024,23.44345],[120.44712,23.4434],[120.43957,23.43956],[120.43586,23.44359],[120.43823,23.44481],[120.43803,23.44653],[120.43695,23.44649],[120.43446,23.45069],[120.43284,23.45011],[120.4302,23.45218],[120.42929,23.46104],[120.42409,23.46137],[120.41516,23.46028],[120.41318,23.46207],[120.41279,23.46396],[120.41127,23.46479],[120.40509,23.46341],[120.39417,23.46252],[120.39427,23.46647],[120.39664,23.46774],[120.39789,23.47026],[120.39927,23.47107],[120.3985,23.47401],[120.39906,23.47842],[120.39805,23.47954],[120.39688,23.47953],[120.3969,23.48044],[120.39441,23.48077],[120.39343,23.48238],[120.39393,23.48895],[120.39472,23.49075],[120.38978,23.49135],[120.38919,23.49715],[120.38995,23.49794],[120.38934,23.49865],[120.39151,23.50027],[120.39447,23.50081],[120.4002,23.49876],[120.401,23.50187],[120.40382,23.50374],[120.40593,23.50387],[120.4088,23.50657],[120.40785,23.50261],[120.40838,23.49853],[120.41198,23.49902],[120.41329,23.50226],[120.41675,23.50536],[120.42476,23.5063],[120.42611,23.50861],[120.42748,23.50918],[120.43335,23.50903],[120.43386,23.51092],[120.43252,23.5137],[120.43384,23.51517],[120.43361,23.51717],[120.43584,23.51677],[120.43736,23.51515],[120.43718,23.51397],[120.43905,23.51224],[120.44061,23.51194],[120.44214,23.51332],[120.44062,23.5183],[120.44439,23.51728],[120.44659,23.51839]]]]}},{"type":"Feature","properties":{"county_code":"09020","county_name":"金門縣","county_id":"W","county_eng":"Kinmen County"},"geometry":{"type":"MultiPolygon","coordinates":[[[[118.23381,24.16277],[118.23288,24.16319],[118.23243,24.16077],[118.23455,24.16026],[118.23506,24.16258],[118.23381,24.16277]]],[[[118.13828,24.37445],[118.13892,24.37481],[118.138,24.37467],[118.13828,24.37445]]],[[[118.14204,24.37835],[118.14155,24.3778],[118.1426,24.37763],[118.14204,24.37835]]],[[[118.14556,24.37893],[118.14367,24.3785],[118.1447,24.37548],[118.14556,24.37893]]],[[[118.16037,24.37856],[118.16326,24.38132],[118.15433,24.38374],[118.15136,24.38233],[118.15684,24.3772],[118.15718,24.37797],[118.16037,24.37856]]],[[[118.33938,24.39052],[118.33895,24.38931],[118.33974,24.38997],[118.33938,24.39052]]],[[[118.16261,24.39491],[118.161,24.39561],[118.15982,24.39495],[118.15921,24.39324],[118.16176,24.38999],[118.16182,24.38733],[118.16576,24.38684],[118.16898,24.38421],[118.17279,24.38633],[118.17331,24.3872],[118.17255,24.38822],[118.17191,24.3876],[118.17098,24.38962],[118.16521,24.39011],[118.16362,24.39376],[118.16421,24.39525],[118.16261,24.39491]]],[[[118.1943,24.39716],[118.19368,24.39814],[118.19148,24.397],[118.19345,24.39624],[118.19378,24.39533],[118.19483,24.39539],[118.19512,24.39587],[118.19382,24.39675],[118.1943,24.39716]]],[[[118.22992,24.40462],[118.22837,24.40426],[118.22904,24.40289],[118.23159,24.40308],[118.22992,24.40462]]],[[[118.43821,24.4071],[118.43801,24.40729],[118.43808,24.40708],[118.43821,24.4071]]],[[[118.43854,24.40749],[118.43816,24.40789],[118.43832,24.40739],[118.43854,24.40749]]],[[[118.43929,24.40837],[118.43896,24.40819],[118.43933,24.40818],[118.43929,24.40837]]],[[[118.43882,24.40842],[118.43859,24.40854],[118.43872,24.40832],[118.43882,24.40842]]],[[[118.43895,24.40865],[118.4389,24.40874],[118.43881,24.40867],[118.43895,24.40865]]],[[[118.4381,24.40866],[118.43797,24.40882],[118.43786,24.40871],[118.4381,24.40866]]],[[[118.34602,24.40805],[118.34635,24.40873],[118.34565,24.40896],[118.34602,24.40805]]],[[[118.43765,24.40897],[118.43751,24.40904],[118.43751,24.40884],[118.43765,24.40897]]],[[[118.34654,24.40883],[118.34664,24.40909],[118.34632,24.40903],[118.34654,24.40883]]],[[[118.43923,24.4096],[118.43906,24.40973],[118.439,24.40958],[118.43923,24.4096]]],[[[118.44002,24.40957],[118.43975,24.40957],[118.43947,24.40929],[118.44002,24.40957]]],[[[118.44023,24.41059],[118.43998,24.41062],[118.44011,24.41045],[118.44023,24.41059]]],[[[118.44707,24.41219],[118.44709,24.41249],[118.44689,24.41229],[118.44707,24.41219]]],[[[118.44692,24.41319],[118.44687,24.41296],[118.44703,24.413],[118.44692,24.41319]]],[[[118.44797,24.41348],[118.44806,24.41365],[118.44766,24.41362],[118.44797,24.41348]]],[[[118.45759,24.41434],[118.45611,24.41424],[118.45616,24.41281],[118.45732,24.41339],[118.45739,24.41251],[118.45923,24.41269],[118.4588,24.4141],[118.45759,24.41434]]],[[[118.45783,24.41538],[118.45842,24.41625],[118.4574,24.41571],[118.45783,24.41538]]],[[[118.46013,24.41579],[118.46061,24.4167],[118.45936,24.41693],[118.45888,24.41561],[118.46013,24.41579]]],[[[118.50555,24.42817],[118.50374,24.42825],[118.50387,24.42629],[118.50565,24.42667],[118.50555,24.42817]]],[[[118.1987,24.43645],[118.19964,24.43725],[118.19791,24.43714],[118.1987,24.43645]]],[[[118.2129,24.45194],[118.21099,24.45165],[118.21141,24.45147],[118.2129,24.45194]]],[[[118.21032,24.45358],[118.21054,24.45424],[118.20985,24.4544],[118.20894,24.45277],[118.21032,24.45358]]],[[[118.22706,24.45546],[118.22762,24.45582],[118.2259,24.45576],[118.22706,24.45546]]],[[[118.24885,24.45636],[118.24593,24.45619],[118.24342,24.45501],[118.24136,24.45606],[118.23544,24.45377],[118.23336,24.45368],[118.23052,24.45205],[118.2273,24.44787],[118.22421,24.43973],[118.22384,24.43662],[118.2168,24.42807],[118.21736,24.42077],[118.21456,24.41484],[118.21464,24.41358],[118.21637,24.41307],[118.21386,24.41185],[118.21156,24.41248],[118.21351,24.40977],[118.22208,24.40879],[118.22352,24.4078],[118.22367,24.40641],[118.22489,24.40516],[118.22596,24.40505],[118.22751,24.40784],[118.22925,24.40828],[118.23317,24.41332],[118.23774,24.41486],[118.24054,24.41465],[118.24183,24.41385],[118.2411,24.41308],[118.24148,24.41126],[118.24363,24.41335],[118.24534,24.41364],[118.25004,24.41826],[118.24871,24.41941],[118.24991,24.42159],[118.25464,24.42489],[118.25844,24.42508],[118.25815,24.42343],[118.25888,24.42296],[118.25855,24.42467],[118.25974,24.42448],[118.26053,24.42309],[118.25929,24.42212],[118.26307,24.42253],[118.26307,24.4245],[118.26507,24.42537],[118.26631,24.42813],[118.26582,24.43014],[118.26729,24.43391],[118.26637,24.43467],[118.26983,24.43825],[118.26818,24.4397],[118.26916,24.44599],[118.26578,24.44678],[118.26368,24.44821],[118.26004,24.45275],[118.25805,24.45404],[118.24885,24.45636]]],[[[118.23215,24.45758],[118.23202,24.45781],[118.23183,24.45769],[118.23215,24.45758]]],[[[118.27768,24.45381],[118.27478,24.45673],[118.27205,24.45804],[118.26919,24.45424],[118.26882,24.45249],[118.27239,24.45335],[118.27635,24.45228],[118.27768,24.45381]]],[[[118.24204,24.46002],[118.24241,24.46028],[118.24199,24.46029],[118.24204,24.46002]]],[[[118.39722,24.52205],[118.39709,24.52206],[118.39696,24.52192],[118.39722,24.52205]]],[[[118.39737,24.52274],[118.39661,24.52339],[118.39619,24.52292],[118.39737,24.52274]]],[[[118.39666,24.52413],[118.39699,24.52471],[118.39627,24.52461],[118.39666,24.52413]]],[[[118.43906,24.52474],[118.43891,24.52524],[118.43658,24.52407],[118.43471,24.52234],[118.43575,24.52197],[118.43907,24.52345],[118.43906,24.52474]]],[[[118.4113,24.53215],[118.40926,24.53399],[118.4073,24.53423],[118.4057,24.53177],[118.40736,24.53145],[118.40766,24.53007],[118.4056,24.52747],[118.40376,24.52723],[118.40004,24.52861],[118.3977,24.52811],[118.39652,24.52574],[118.39964,24.52545],[118.40076,24.52223],[118.39684,24.51955],[118.39203,24.51161],[118.3886,24.50989],[118.38578,24.5095],[118.38404,24.5081],[118.38373,24.5027],[118.3857,24.49359],[118.3848,24.49223],[118.38072,24.49125],[118.37905,24.48504],[118.36312,24.47168],[118.35663,24.47102],[118.35043,24.47166],[118.34552,24.47441],[118.3414,24.47434],[118.33628,24.47603],[118.33134,24.47905],[118.32698,24.48304],[118.32427,24.48771],[118.32038,24.49149],[118.31286,24.49553],[118.31046,24.49602],[118.30282,24.49473],[118.29453,24.49135],[118.29273,24.48992],[118.28969,24.48598],[118.28655,24.4789],[118.28621,24.47483],[118.2891,24.4709],[118.28846,24.46992],[118.29116,24.46818],[118.29534,24.46236],[118.29592,24.46056],[118.29555,24.456],[118.29644,24.45399],[118.29943,24.45126],[118.30218,24.4462],[118.30295,24.43849],[118.29844,24.42959],[118.29207,24.42144],[118.29091,24.41885],[118.28096,24.41703],[118.28039,24.41634],[118.28085,24.4152],[118.27846,24.41484],[118.278,24.41289],[118.28028,24.41149],[118.28048,24.41197],[118.2806,24.41051],[118.29083,24.40415],[118.29127,24.40331],[118.29063,24.40199],[118.2956,24.39916],[118.29647,24.39736],[118.29593,24.39571],[118.30145,24.39628],[118.30485,24.39581],[118.30552,24.39537],[118.3052,24.39471],[118.30629,24.39444],[118.30635,24.39324],[118.30871,24.39187],[118.3088,24.39087],[118.30942,24.39113],[118.30922,24.39023],[118.31513,24.39004],[118.31659,24.38811],[118.31823,24.38842],[118.31916,24.38764],[118.31995,24.38576],[118.32211,24.38556],[118.32283,24.3864],[118.32363,24.38595],[118.325,24.38804],[118.32756,24.38697],[118.32875,24.38842],[118.32924,24.38776],[118.33059,24.38831],[118.33125,24.38969],[118.33423,24.39109],[118.3387,24.40453],[118.34123,24.40876],[118.34508,24.41157],[118.34613,24.41411],[118.34771,24.41496],[118.34828,24.41838],[118.35035,24.42055],[118.35276,24.42139],[118.3539,24.42302],[118.35722,24.425],[118.37032,24.43096],[118.38546,24.43507],[118.38715,24.43527],[118.38796,24.43448],[118.39503,24.43587],[118.39716,24.43484],[118.39929,24.43551],[118.4026,24.43498],[118.40323,24.43358],[118.40821,24.43218],[118.40901,24.42869],[118.40985,24.4318],[118.41097,24.43142],[118.41012,24.43049],[118.4106,24.4292],[118.40921,24.42757],[118.4105,24.42857],[118.41263,24.42853],[118.41369,24.42716],[118.41818,24.42703],[118.42746,24.42389],[118.43132,24.4201],[118.43301,24.41648],[118.43082,24.41267],[118.42771,24.41218],[118.42559,24.41096],[118.4302,24.41224],[118.42908,24.41037],[118.4323,24.40979],[118.43003,24.40857],[118.42751,24.40836],[118.42624,24.40933],[118.42719,24.40818],[118.42619,24.40678],[118.43052,24.40681],[118.43165,24.40805],[118.43494,24.40769],[118.43753,24.41015],[118.44101,24.41123],[118.44309,24.41073],[118.4447,24.41155],[118.445,24.41259],[118.44679,24.4124],[118.44587,24.41386],[118.4464,24.41441],[118.44749,24.41394],[118.44836,24.4155],[118.45302,24.41538],[118.45281,24.41656],[118.45435,24.41721],[118.45495,24.41627],[118.45603,24.41779],[118.45537,24.4194],[118.45674,24.42039],[118.45774,24.42405],[118.45732,24.42602],[118.45857,24.42598],[118.46053,24.42368],[118.46225,24.42583],[118.46244,24.42724],[118.46406,24.4273],[118.46528,24.42871],[118.46508,24.4295],[118.46401,24.42914],[118.46385,24.42968],[118.4665,24.43091],[118.46381,24.43346],[118.46345,24.43586],[118.46212,24.43541],[118.46049,24.43628],[118.46103,24.43815],[118.46285,24.43804],[118.46264,24.44017],[118.46618,24.44199],[118.46833,24.44153],[118.4682,24.44013],[118.47061,24.43975],[118.46974,24.4401],[118.47107,24.44052],[118.47109,24.44159],[118.47266,24.44151],[118.47228,24.44306],[118.47377,24.44494],[118.47419,24.44957],[118.47746,24.44952],[118.47816,24.45026],[118.47619,24.45328],[118.47315,24.45357],[118.47034,24.45522],[118.46616,24.46115],[118.46402,24.4677],[118.46343,24.47659],[118.46434,24.47647],[118.46619,24.47923],[118.46899,24.48045],[118.46893,24.48368],[118.46194,24.48426],[118.45862,24.48701],[118.45511,24.49281],[118.45579,24.49586],[118.45495,24.49756],[118.45171,24.49939],[118.45073,24.50102],[118.44955,24.50466],[118.45062,24.50991],[118.45011,24.511],[118.43565,24.51448],[118.4327,24.51846],[118.43153,24.52195],[118.4334,24.52272],[118.43358,24.52501],[118.42952,24.52528],[118.42932,24.52738],[118.42581,24.52835],[118.42412,24.52767],[118.42174,24.52963],[118.41918,24.53044],[118.41445,24.52831],[118.41085,24.53056],[118.4113,24.53215]]],[[[119.47405,24.98598],[119.47271,24.98723],[119.46781,24.98439],[119.46563,24.98241],[119.46598,24.97995],[119.47277,24.9776],[119.4762,24.97938],[119.47895,24.98395],[119.47888,24.98588],[119.47749,24.98642],[119.47405,24.98598]]],[[[119.45833,24.98947],[119.458,24.99236],[119.45579,24.99496],[119.44478,24.99962],[119.44344,24.99872],[119.44328,24.99669],[119.44544,24.99362],[119.44667,24.9884],[119.44767,24.9875],[119.45119,24.98756],[119.45687,24.98525],[119.45836,24.98732],[119.45833,24.98947]]]]}},{"type":"Feature","properties":{"county_code":"64000","county_name":"高雄市","county_id":"E","county_eng":"Kaohsiung City"},"geometry":{"type":"MultiPolygon","coordinates":[[[[114.36173,10.3728],[114.36169,10.37278],[114.36177,10.37278],[114.36173,10.3728]]],[[[114.36167,10.37281],[114.36165,10.37285],[114.36163,10.37282],[114.36167,10.37281]]],[[[114.36162,10.37286],[114.36161,10.37292],[114.36157,10.37289],[114.36162,10.37286]]],[[[114.36177,10.37313],[114.36158,10.37302],[114.36162,10.37303],[114.36177,10.37313]]],[[[114.36188,10.37317],[114.36192,10.37325],[114.36182,10.37317],[114.36188,10.37317]]],[[[114.36981,10.37994],[114.36175,10.37746],[114.36003,10.37629],[114.35929,10.37526],[114.3602,10.37423],[114.35968,10.37213],[114.36157,10.37135],[114.35996,10.37223],[114.36027,10.37355],[114.36113,10.3736],[114.3618,10.37483],[114.36251,10.37308],[114.36282,10.3741],[114.36995,10.37721],[114.37141,10.3786],[114.37116,10.3796],[114.36981,10.37994]]],[[[116.71877,20.70176],[116.71875,20.7018],[116.71873,20.70176],[116.71877,20.70176]]],[[[116.71886,20.70188],[116.71884,20.70182],[116.71905,20.70169],[116.71886,20.70188]]],[[[116.71852,20.70185],[116.71844,20.70196],[116.71847,20.70185],[116.71852,20.70185]]],[[[116.71807,20.70212],[116.71802,20.70203],[116.71825,20.70207],[116.71807,20.70212]]],[[[116.71848,20.70215],[116.71845,20.70223],[116.7184,20.70219],[116.71848,20.70215]]],[[[116.71858,20.70233],[116.71853,20.70225],[116.71898,20.70222],[116.71858,20.70233]]],[[[116.70867,20.70332],[116.70863,20.7029],[116.7089,20.70294],[116.70867,20.70332]]],[[[116.7078,20.70413],[116.70691,20.70472],[116.7077,20.70326],[116.7078,20.70413]]],[[[116.71034,20.70485],[116.71022,20.70481],[116.71026,20.70478],[116.71034,20.70485]]],[[[116.71662,20.70967],[116.71168,20.70843],[116.71082,20.70656],[116.71209,20.70575],[116.71255,20.70607],[116.71161,20.70694],[116.71184,20.70767],[116.71533,20.70745],[116.71553,20.70645],[116.71832,20.70593],[116.71827,20.70529],[116.72246,20.70575],[116.72423,20.70428],[116.72462,20.70496],[116.72597,20.70492],[116.72673,20.70333],[116.72108,20.70204],[116.72385,20.70159],[116.723,20.69976],[116.71564,20.70316],[116.7143,20.70276],[116.71308,20.70371],[116.71292,20.70519],[116.71085,20.70503],[116.71032,20.70385],[116.72479,20.69881],[116.72491,20.69815],[116.72527,20.69871],[116.72733,20.69825],[116.72771,20.6974],[116.728,20.69799],[116.73092,20.69722],[116.73486,20.69748],[116.73286,20.70033],[116.73263,20.70199],[116.73337,20.7022],[116.73256,20.70208],[116.73188,20.70328],[116.73061,20.70347],[116.72757,20.70592],[116.72308,20.70662],[116.71662,20.70967]]],[[[120.96847,23.47123],[120.96671,23.4717],[120.96522,23.4707],[120.96139,23.47077],[120.95751,23.4695],[120.956,23.46734],[120.94844,23.46417],[120.94116,23.46301],[120.93891,23.46392],[120.93664,23.46378],[120.9345,23.46145],[120.93475,23.45844],[120.93155,23.45714],[120.92838,23.45691],[120.92848,23.45549],[120.92684,23.456],[120.92619,23.45748],[120.92248,23.45814],[120.92144,23.4591],[120.91616,23.45889],[120.91517,23.45801],[120.91294,23.45852],[120.91166,23.45763],[120.9094,23.45754],[120.90567,23.45318],[120.90052,23.45409],[120.90041,23.45209],[120.89624,23.45042],[120.89515,23.44592],[120.89287,23.44522],[120.89177,23.44661],[120.8907,23.44241],[120.88676,23.43486],[120.88556,23.43481],[120.88382,23.43626],[120.88162,23.43301],[120.87892,23.43215],[120.87536,23.43277],[120.87541,23.43135],[120.8734,23.42965],[120.87174,23.4296],[120.86962,23.42643],[120.86625,23.42608],[120.86452,23.42394],[120.8623,23.42458],[120.86004,23.42379],[120.8591,23.42512],[120.85708,23.42197],[120.85397,23.42319],[120.85309,23.42194],[120.84978,23.42036],[120.84917,23.41949],[120.84931,23.41201],[120.84475,23.40823],[120.84394,23.40393],[120.83841,23.39825],[120.83876,23.39651],[120.84117,23.39608],[120.84101,23.39492],[120.83687,23.39339],[120.83558,23.38986],[120.83412,23.38965],[120.83463,23.38668],[120.83291,23.38721],[120.83097,23.3866],[120.82938,23.38343],[120.82911,23.3758],[120.82574,23.37349],[120.82542,23.37171],[120.82309,23.37194],[120.82119,23.37052],[120.81628,23.37148],[120.8134,23.36942],[120.80983,23.36955],[120.80852,23.36839],[120.80579,23.37091],[120.80429,23.37066],[120.80327,23.36946],[120.80469,23.36721],[120.80108,23.36373],[120.80064,23.36065],[120.79951,23.3612],[120.7979,23.36032],[120.79624,23.35686],[120.79198,23.35725],[120.79181,23.35347],[120.78845,23.35282],[120.78859,23.3486],[120.78758,23.34614],[120.78521,23.34534],[120.78321,23.34221],[120.77927,23.34251],[120.77713,23.34354],[120.77446,23.343],[120.77333,23.34183],[120.76846,23.34388],[120.76443,23.34167],[120.76168,23.34352],[120.75807,23.34427],[120.75751,23.34298],[120.75848,23.34087],[120.75708,23.33856],[120.75883,23.33645],[120.75644,23.33279],[120.75238,23.33103],[120.75325,23.32819],[120.75287,23.32704],[120.75082,23.32593],[120.75007,23.32404],[120.74786,23.32191],[120.74105,23.32108],[120.73943,23.31684],[120.73231,23.31386],[120.73017,23.31076],[120.73063,23.30561],[120.72131,23.30827],[120.71628,23.30761],[120.71217,23.3087],[120.70677,23.30473],[120.70438,23.30198],[120.70283,23.29757],[120.70234,23.29384],[120.70342,23.28909],[120.7014,23.2869],[120.70116,23.28556],[120.69954,23.28443],[120.6899,23.28531],[120.67882,23.28885],[120.67735,23.28785],[120.67617,23.2886],[120.67596,23.29029],[120.67455,23.29089],[120.67089,23.2902],[120.66972,23.2922],[120.66824,23.2921],[120.66731,23.29403],[120.66562,23.29409],[120.66539,23.29317],[120.66267,23.29354],[120.66183,23.29501],[120.65967,23.29476],[120.65843,23.29597],[120.65532,23.29194],[120.652,23.29117],[120.64945,23.29291],[120.64702,23.29744],[120.64374,23.2961],[120.64203,23.2929],[120.64372,23.28944],[120.64186,23.28748],[120.64322,23.28626],[120.64405,23.28223],[120.64191,23.27854],[120.64315,23.27598],[120.64063,23.27417],[120.64109,23.27103],[120.63901,23.27044],[120.63828,23.26918],[120.64069,23.26652],[120.64209,23.26103],[120.64208,23.25681],[120.64845,23.24925],[120.64806,23.24846],[120.64923,23.24691],[120.64789,23.24463],[120.64864,23.24445],[120.64921,23.24041],[120.65085,23.23799],[120.65066,23.23585],[120.65131,23.23582],[120.65025,23.23426],[120.64952,23.22846],[120.6553,23.22328],[120.65627,23.2179],[120.65384,23.21531],[120.65146,23.20851],[120.64836,23.20858],[120.64345,23.20354],[120.64312,23.20107],[120.64097,23.19878],[120.639,23.19274],[120.63695,23.19133],[120.63657,23.19013],[120.6384,23.18569],[120.6411,23.18296],[120.6373,23.1804],[120.63745,23.17853],[120.63606,23.17501],[120.6292,23.17425],[120.63068,23.17192],[120.63066,23.17007],[120.62702,23.16797],[120.62523,23.16776],[120.62322,23.16416],[120.62124,23.16296],[120.61654,23.1631],[120.61504,23.15954],[120.61343,23.15925],[120.61111,23.1559],[120.61235,23.15361],[120.61185,23.1517],[120.60785,23.14844],[120.60557,23.14853],[120.60561,23.14648],[120.60379,23.14493],[120.60111,23.14417],[120.599,23.14106],[120.59848,23.13858],[120.59628,23.13686],[120.59465,23.1316],[120.5905,23.1272],[120.58845,23.12336],[120.58892,23.11997],[120.58808,23.1141],[120.57722,23.09947],[120.57579,23.09577],[120.57413,23.09486],[120.5745,23.09089],[120.56689,23.08183],[120.56372,23.08035],[120.56278,23.07849],[120.5589,23.07565],[120.55906,23.07344],[120.5545,23.06883],[120.54681,23.06569],[120.54543,23.06395],[120.53974,23.06193],[120.53801,23.06075],[120.53769,23.05886],[120.53531,23.05749],[120.53008,23.05582],[120.52303,23.04957],[120.52366,23.04744],[120.52231,23.04568],[120.51967,23.04498],[120.51129,23.03617],[120.50867,23.03483],[120.50372,23.02865],[120.49755,23.02412],[120.48408,23.01707],[120.48267,23.01558],[120.481,23.01157],[120.48106,23.00908],[120.47938,23.00501],[120.47989,23.00271],[120.47839,23.00353],[120.47055,23.00238],[120.4681,23.00265],[120.46722,23.00356],[120.46266,23.00321],[120.4614,23.0041],[120.4605,23.00359],[120.4595,23.00103],[120.46148,22.99812],[120.4591,22.99574],[120.46108,22.99225],[120.46111,22.99077],[120.45964,22.98991],[120.45543,22.99113],[120.45472,22.99063],[120.45319,22.98481],[120.45476,22.98273],[120.45469,22.98076],[120.45296,22.97771],[120.45172,22.97863],[120.44963,22.97725],[120.44469,22.97954],[120.44265,22.97733],[120.44215,22.97378],[120.43725,22.96218],[120.43299,22.95609],[120.43252,22.95198],[120.42852,22.94255],[120.42852,22.94062],[120.42591,22.93905],[120.42489,22.93317],[120.42276,22.93096],[120.42202,22.92741],[120.41617,22.9161],[120.4106,22.91432],[120.40868,22.91234],[120.40632,22.91465],[120.40545,22.91805],[120.40111,22.91852],[120.39986,22.92145],[120.39863,22.92243],[120.39217,22.9223],[120.38924,22.92032],[120.38864,22.92065],[120.3868,22.91826],[120.38166,22.92117],[120.38182,22.91991],[120.38055,22.92019],[120.38017,22.91846],[120.37729,22.91798],[120.37651,22.91435],[120.37401,22.91426],[120.37317,22.91244],[120.37116,22.91228],[120.37314,22.90933],[120.37249,22.90664],[120.37072,22.9071],[120.36815,22.90391],[120.36732,22.90518],[120.36629,22.90507],[120.36551,22.90392],[120.36599,22.90224],[120.36415,22.90178],[120.36336,22.90231],[120.3619,22.90091],[120.3615,22.90206],[120.35947,22.90142],[120.35967,22.89979],[120.36161,22.90051],[120.36108,22.89781],[120.35797,22.89586],[120.3569,22.89293],[120.3554,22.89394],[120.3545,22.89269],[120.35543,22.89195],[120.35329,22.89238],[120.35328,22.89115],[120.35517,22.89043],[120.35173,22.8891],[120.35198,22.88751],[120.34909,22.89058],[120.34514,22.88944],[120.33227,22.88933],[120.33046,22.8912],[120.32704,22.89846],[120.32488,22.90046],[120.31969,22.89495],[120.31633,22.89859],[120.31416,22.89978],[120.30171,22.90059],[120.28456,22.90473],[120.27799,22.90441],[120.27783,22.90191],[120.2795,22.8963],[120.27299,22.89542],[120.26053,22.90176],[120.25877,22.90187],[120.25751,22.9012],[120.25683,22.89954],[120.25888,22.89664],[120.25869,22.89518],[120.25672,22.89407],[120.25416,22.89427],[120.24761,22.89819],[120.24286,22.90352],[120.23291,22.90555],[120.23157,22.90867],[120.23169,22.9154],[120.22972,22.91687],[120.22665,22.91628],[120.22102,22.91],[120.21811,22.90963],[120.21329,22.91103],[120.20807,22.91524],[120.20474,22.91467],[120.20235,22.91545],[120.19205,22.9212],[120.18657,22.91965],[120.17675,22.91234],[120.17475,22.91171],[120.17474,22.91002],[120.1802,22.89536],[120.19008,22.87338],[120.19278,22.86522],[120.19021,22.86391],[120.1897,22.86069],[120.19332,22.85936],[120.1892,22.85839],[120.19159,22.85833],[120.19278,22.85714],[120.19291,22.85638],[120.19111,22.85538],[120.19295,22.85629],[120.19534,22.85017],[120.19292,22.84837],[120.19652,22.84475],[120.19808,22.84461],[120.18981,22.84175],[120.19839,22.84445],[120.19814,22.84357],[120.19903,22.84352],[120.20131,22.8387],[120.20045,22.83847],[120.20516,22.82523],[120.20623,22.82544],[120.2073,22.82261],[120.2072,22.82107],[120.20598,22.82016],[120.19028,22.81539],[120.19015,22.81359],[120.19332,22.80744],[120.19791,22.80525],[120.21233,22.80761],[120.21538,22.80417],[120.2206,22.79054],[120.23236,22.76607],[120.23241,22.76253],[120.23305,22.76275],[120.23093,22.76193],[120.23124,22.76073],[120.23461,22.75987],[120.24365,22.74315],[120.24533,22.73766],[120.25034,22.72788],[120.24933,22.72568],[120.24985,22.72421],[120.25303,22.72391],[120.25495,22.71957],[120.25649,22.71839],[120.25682,22.71488],[120.25579,22.71419],[120.25709,22.71433],[120.25683,22.71243],[120.26161,22.7014],[120.26215,22.69751],[120.26119,22.69635],[120.25805,22.69556],[120.25805,22.68933],[120.26283,22.68904],[120.26312,22.68401],[120.26441,22.68086],[120.26446,22.67522],[120.26365,22.67324],[120.25926,22.66905],[120.25636,22.66861],[120.25296,22.66505],[120.25116,22.66194],[120.2503,22.65664],[120.25069,22.65348],[120.24987,22.65147],[120.25147,22.64803],[120.25148,22.64529],[120.25508,22.63965],[120.25614,22.63626],[120.25934,22.63392],[120.26341,22.6266],[120.2633,22.62402],[120.2567,22.62092],[120.25614,22.61771],[120.26227,22.61399],[120.26325,22.61286],[120.26319,22.61036],[120.26419,22.6114],[120.26581,22.61054],[120.26599,22.60881],[120.26525,22.60661],[120.26371,22.60513],[120.26304,22.6014],[120.26378,22.60191],[120.26679,22.6],[120.27129,22.59279],[120.27837,22.58437],[120.2845,22.57808],[120.28577,22.57786],[120.30284,22.55778],[120.30342,22.55434],[120.29854,22.54751],[120.30177,22.54582],[120.30171,22.54494],[120.30201,22.54576],[120.3075,22.54526],[120.32184,22.5278],[120.31681,22.52424],[120.30761,22.53544],[120.30375,22.5327],[120.29697,22.54095],[120.29341,22.53843],[120.28885,22.54399],[120.28914,22.54464],[120.28625,22.5438],[120.28865,22.54385],[120.31245,22.51487],[120.32425,22.52277],[120.32525,22.53009],[120.32958,22.53377],[120.33144,22.53286],[120.3299,22.533],[120.32537,22.52946],[120.32614,22.52941],[120.32533,22.52349],[120.33336,22.52879],[120.337,22.52485],[120.33375,22.52141],[120.35097,22.50954],[120.35892,22.50219],[120.35873,22.50068],[120.35988,22.50107],[120.37325,22.49123],[120.38489,22.48488],[120.39566,22.47703],[120.40091,22.47494],[120.40186,22.47389],[120.41093,22.47074],[120.42083,22.46848],[120.42444,22.46872],[120.42394,22.47996],[120.42573,22.49818],[120.42366,22.50653],[120.42286,22.51846],[120.42514,22.52848],[120.43088,22.54401],[120.43658,22.54756],[120.43835,22.55353],[120.44206,22.56024],[120.44707,22.58697],[120.44663,22.59449],[120.44547,22.59959],[120.44274,22.60335],[120.43755,22.60728],[120.43462,22.61342],[120.43369,22.6176],[120.43359,22.62396],[120.43591,22.63137],[120.43532,22.63973],[120.4362,22.64815],[120.43606,22.66134],[120.43663,22.66502],[120.44001,22.67304],[120.43966,22.67854],[120.44263,22.68456],[120.44753,22.68831],[120.45062,22.69622],[120.45575,22.7185],[120.45601,22.73058],[120.45372,22.76086],[120.45442,22.76418],[120.45381,22.76958],[120.45565,22.77442],[120.45599,22.78018],[120.45748,22.7855],[120.46404,22.80029],[120.4655,22.81275],[120.46736,22.81548],[120.46753,22.82235],[120.46919,22.82502],[120.46876,22.83068],[120.47397,22.83672],[120.47624,22.83819],[120.47881,22.83677],[120.48146,22.8376],[120.48213,22.83605],[120.48422,22.83555],[120.49081,22.83527],[120.49277,22.8357],[120.49147,22.83696],[120.49274,22.83729],[120.49408,22.83667],[120.49631,22.83266],[120.4977,22.83172],[120.50507,22.83152],[120.50999,22.82851],[120.51539,22.83152],[120.51995,22.83144],[120.52011,22.83236],[120.52294,22.83294],[120.52466,22.83195],[120.53058,22.83299],[120.52978,22.8317],[120.53101,22.83083],[120.53401,22.83057],[120.53644,22.82927],[120.54407,22.8298],[120.54803,22.82844],[120.55326,22.82841],[120.55803,22.8324],[120.56357,22.83527],[120.5667,22.83836],[120.56959,22.84316],[120.57425,22.84772],[120.59482,22.8633],[120.60542,22.87297],[120.61509,22.87675],[120.62118,22.87569],[120.6273,22.87888],[120.63438,22.88075],[120.64503,22.88518],[120.64664,22.88353],[120.64862,22.87705],[120.65103,22.87722],[120.65251,22.87969],[120.65533,22.88162],[120.65806,22.87971],[120.65842,22.87434],[120.65967,22.87012],[120.65865,22.86607],[120.66049,22.86],[120.6643,22.85881],[120.66858,22.85872],[120.66989,22.85687],[120.67212,22.85635],[120.67673,22.85726],[120.67897,22.86287],[120.68404,22.86352],[120.68622,22.86467],[120.69054,22.86487],[120.69198,22.86845],[120.69738,22.87255],[120.70137,22.87648],[120.70254,22.87924],[120.70454,22.88067],[120.70826,22.88165],[120.71651,22.88087],[120.72051,22.882],[120.72502,22.88083],[120.73178,22.87589],[120.74242,22.87374],[120.7462,22.86943],[120.74659,22.86778],[120.74926,22.86568],[120.75504,22.86468],[120.75656,22.86222],[120.75877,22.86093],[120.76216,22.85681],[120.76416,22.84899],[120.76609,22.8486],[120.76851,22.8452],[120.76992,22.84455],[120.77154,22.84187],[120.77289,22.8411],[120.77441,22.83765],[120.77871,22.8352],[120.78207,22.83646],[120.78584,22.8399],[120.79021,22.84015],[120.7927,22.84112],[120.7917,22.84837],[120.79335,22.85203],[120.80108,22.85103],[120.80708,22.85487],[120.81366,22.85747],[120.81385,22.85959],[120.81517,22.86166],[120.81909,22.86235],[120.82296,22.86572],[120.82498,22.86646],[120.82904,22.86574],[120.83304,22.86627],[120.8375,22.86407],[120.84095,22.86038],[120.84166,22.85855],[120.84122,22.85699],[120.84298,22.85421],[120.84718,22.85197],[120.84836,22.85195],[120.85319,22.85762],[120.8562,22.85513],[120.85729,22.85268],[120.85993,22.85146],[120.85943,22.84924],[120.86232,22.84713],[120.86457,22.84308],[120.86558,22.84709],[120.86835,22.85075],[120.86661,22.85382],[120.86957,22.85776],[120.86165,22.8614],[120.85915,22.86345],[120.8642,22.86667],[120.86555,22.86966],[120.86487,22.87255],[120.85973,22.87837],[120.85516,22.87872],[120.85209,22.8781],[120.84053,22.88195],[120.83884,22.88464],[120.83823,22.88989],[120.83495,22.8931],[120.8332,22.89823],[120.83354,22.89981],[120.82867,22.90397],[120.82996,22.90953],[120.83329,22.91227],[120.83144,22.91986],[120.82916,22.92078],[120.82688,22.92814],[120.82182,22.93526],[120.82178,22.94512],[120.82476,22.95246],[120.82305,22.95492],[120.8208,22.96197],[120.82245,22.96487],[120.83015,22.96999],[120.82906,22.97439],[120.83069,22.97583],[120.83246,22.98039],[120.84118,22.984],[120.84193,22.99093],[120.84666,22.99265],[120.8491,22.99486],[120.85207,22.99991],[120.85201,23.00335],[120.85107,23.00513],[120.85824,23.00506],[120.86066,23.00805],[120.86198,23.02207],[120.8607,23.0279],[120.86162,23.03077],[120.86398,23.03249],[120.86665,23.03236],[120.872,23.03448],[120.87891,23.03444],[120.87996,23.03552],[120.88138,23.04268],[120.87975,23.04778],[120.8745,23.05095],[120.87453,23.05243],[120.87133,23.05505],[120.86922,23.05969],[120.87535,23.06854],[120.87808,23.07823],[120.88259,23.08333],[120.8836,23.08656],[120.88563,23.08911],[120.88555,23.09263],[120.88915,23.10049],[120.88814,23.10421],[120.8894,23.11044],[120.88678,23.11361],[120.88497,23.11935],[120.88806,23.12244],[120.88596,23.12805],[120.88623,23.13188],[120.88787,23.13668],[120.88576,23.14429],[120.88144,23.14623],[120.87641,23.15134],[120.88333,23.15344],[120.88626,23.15543],[120.88735,23.15824],[120.89124,23.15873],[120.89501,23.16072],[120.89586,23.17143],[120.89831,23.17313],[120.89872,23.17667],[120.90591,23.18058],[120.90905,23.1798],[120.91076,23.18169],[120.9123,23.1874],[120.91089,23.19217],[120.90644,23.19671],[120.90575,23.19955],[120.90715,23.20113],[120.90673,23.20565],[120.90763,23.20706],[120.91046,23.20814],[120.91163,23.20955],[120.91213,23.22515],[120.91157,23.22786],[120.9143,23.23254],[120.91572,23.23787],[120.91718,23.23832],[120.91941,23.24098],[120.92404,23.24198],[120.92653,23.24456],[120.93061,23.24246],[120.9379,23.24495],[120.9385,23.24789],[120.94125,23.25195],[120.94669,23.25312],[120.9511,23.25951],[120.95738,23.26416],[120.95968,23.27084],[120.96336,23.2721],[120.96611,23.27658],[120.96867,23.27786],[120.97174,23.28171],[120.97899,23.28227],[120.98659,23.28032],[120.99064,23.28413],[120.99402,23.28444],[121.00138,23.28738],[121.00564,23.2906],[121.00853,23.29132],[121.01039,23.2927],[121.01741,23.29287],[121.02,23.29457],[121.02384,23.29373],[121.02559,23.29602],[121.03004,23.29854],[121.03184,23.30152],[121.0319,23.30367],[121.03643,23.3038],[121.04197,23.30719],[121.04601,23.30838],[121.04804,23.31378],[121.04716,23.32001],[121.04878,23.32291],[121.04878,23.32531],[121.04498,23.32778],[121.04167,23.32803],[121.03942,23.32913],[121.03704,23.33302],[121.03252,23.33407],[121.03091,23.33703],[121.027,23.33762],[121.02432,23.34073],[121.02236,23.34813],[121.02005,23.35038],[121.01811,23.35013],[121.01773,23.3483],[121.01519,23.34634],[121.0104,23.34581],[121.00765,23.34895],[121.00757,23.35203],[121.00248,23.35525],[121.00006,23.35652],[120.99466,23.35637],[120.9871,23.35873],[120.98656,23.36343],[120.98796,23.37057],[120.99155,23.37174],[120.99389,23.37594],[121.00009,23.38237],[121.00531,23.38339],[121.00772,23.38467],[121.00739,23.38703],[121.00407,23.38864],[121.00113,23.39175],[121.00321,23.39479],[121.00643,23.39656],[121.00803,23.3966],[121.01046,23.3951],[121.01464,23.39658],[121.01924,23.40152],[121.02175,23.39997],[121.02835,23.40376],[121.02665,23.40604],[121.02741,23.40941],[121.02708,23.41278],[121.02491,23.4146],[121.02774,23.41625],[121.02949,23.42218],[121.02601,23.42414],[121.02253,23.4249],[121.02235,23.42736],[121.02094,23.42951],[121.01659,23.43097],[121.01416,23.43093],[121.01295,23.43295],[121.01527,23.43541],[121.01414,23.43792],[121.01058,23.44124],[121.01047,23.44607],[121.01268,23.44862],[121.01502,23.44978],[121.01585,23.45161],[121.01495,23.45428],[121.01172,23.45717],[121.00846,23.46209],[121.00474,23.463],[120.99969,23.46217],[120.9846,23.46657],[120.98054,23.46921],[120.97063,23.46904],[120.96847,23.47123]]]]}},{"type":"Feature","properties":{"county_code":"10014","county_name":"臺東縣","county_id":"V","county_eng":"Taitung County"},"geometry":{"type":"MultiPolygon","coordinates":[[[[121.6118,21.9429],[121.6164,21.94504],[121.61573,21.95011],[121.6162,21.95229],[121.61484,21.95304],[121.61492,21.95468],[121.61426,21.95505],[121.60445,21.95243],[121.60354,21.95157],[121.60614,21.94804],[121.60768,21.94295],[121.6118,21.9429]]],[[[121.57724,22.07825],[121.57664,22.07861],[121.57679,22.07831],[121.57724,22.07825]]],[[[121.58119,22.07861],[121.58025,22.07905],[121.58035,22.07848],[121.58119,22.07861]]],[[[121.57869,22.07963],[121.57789,22.08026],[121.57829,22.07975],[121.57869,22.07963]]],[[[121.50465,22.0848],[121.50159,22.08349],[121.49935,22.08053],[121.49993,22.07927],[121.50319,22.07734],[121.51002,22.06766],[121.5107,22.06332],[121.5088,22.05934],[121.50721,22.05915],[121.50683,22.05706],[121.5086,22.05688],[121.51084,22.04956],[121.50866,22.04643],[121.51201,22.04743],[121.51718,22.04577],[121.51751,22.04402],[121.52008,22.04134],[121.52091,22.03871],[121.52399,22.03918],[121.52493,22.03854],[121.52738,22.03441],[121.53809,22.02452],[121.54771,22.02595],[121.55299,22.02435],[121.55342,22.02305],[121.55769,22.02115],[121.56304,22.01655],[121.56939,22.00876],[121.57027,22.00217],[121.57135,22.00357],[121.57817,22.00323],[121.57962,22.00397],[121.57968,22.00497],[121.58215,22.00435],[121.58098,22.00382],[121.58747,21.99978],[121.59079,22.00016],[121.59308,22.0018],[121.59786,22.00934],[121.59859,22.01193],[121.60209,22.01517],[121.60271,22.01983],[121.59674,22.02512],[121.57868,22.03243],[121.57053,22.03894],[121.56732,22.03951],[121.56804,22.04085],[121.56619,22.04149],[121.56724,22.04245],[121.56407,22.04871],[121.56386,22.05405],[121.56693,22.05756],[121.57098,22.05971],[121.57609,22.05938],[121.57088,22.06473],[121.57012,22.07012],[121.56783,22.07318],[121.56783,22.07546],[121.57044,22.08072],[121.56963,22.08291],[121.56646,22.0843],[121.55996,22.08037],[121.55813,22.08046],[121.55578,22.08212],[121.55206,22.08263],[121.53294,22.08175],[121.53027,22.08108],[121.52892,22.07965],[121.52556,22.08108],[121.51252,22.08051],[121.50851,22.08234],[121.50605,22.08475],[121.50465,22.0848]]],[[[121.57033,22.08638],[121.5702,22.0871],[121.56975,22.08628],[121.57033,22.08638]]],[[[121.56706,22.08591],[121.56855,22.08753],[121.56763,22.08784],[121.56643,22.08617],[121.56706,22.08591]]],[[[121.49155,22.67746],[121.49175,22.67891],[121.48998,22.67698],[121.48473,22.67731],[121.47984,22.67407],[121.46602,22.67647],[121.46434,22.67331],[121.46467,22.67148],[121.47531,22.6587],[121.47485,22.65141],[121.47351,22.64647],[121.48049,22.64544],[121.48881,22.64262],[121.48881,22.64179],[121.49344,22.63839],[121.49394,22.63452],[121.49523,22.63249],[121.49829,22.63201],[121.49875,22.63306],[121.49799,22.63411],[121.49968,22.63507],[121.50272,22.6341],[121.50558,22.63423],[121.50623,22.63259],[121.50637,22.63434],[121.50774,22.63459],[121.50501,22.6357],[121.50463,22.63826],[121.50213,22.64141],[121.50207,22.64389],[121.49953,22.6459],[121.5022,22.6522],[121.50561,22.65149],[121.50587,22.65275],[121.50877,22.65383],[121.50691,22.65716],[121.50876,22.66021],[121.50905,22.66484],[121.51118,22.66929],[121.50929,22.67147],[121.51,22.67707],[121.50954,22.6779],[121.50707,22.67863],[121.50477,22.67697],[121.501,22.67586],[121.49604,22.67646],[121.49347,22.67509],[121.49155,22.67746]]],[[[121.51213,22.68071],[121.51132,22.68171],[121.51158,22.68057],[121.51213,22.68071]]],[[[121.44769,23.44358],[121.44587,23.44334],[121.44435,23.44093],[121.44416,23.43863],[121.44219,23.43698],[121.44107,23.43408],[121.43977,23.43292],[121.4334,23.43286],[121.43314,23.43173],[121.42877,23.42929],[121.42547,23.42601],[121.42573,23.42485],[121.42022,23.42058],[121.41957,23.41941],[121.41997,23.41689],[121.41836,23.41569],[121.41849,23.41386],[121.41722,23.41257],[121.41758,23.41196],[121.41568,23.40819],[121.41321,23.40522],[121.4105,23.39894],[121.40371,23.3904],[121.40362,23.38941],[121.40136,23.38866],[121.40004,23.38656],[121.40363,23.37581],[121.40485,23.36914],[121.40437,23.36735],[121.40757,23.36463],[121.4101,23.36489],[121.41725,23.36166],[121.41791,23.36058],[121.42288,23.35999],[121.42253,23.35569],[121.41835,23.35218],[121.41668,23.34931],[121.40971,23.34589],[121.40643,23.33955],[121.40385,23.3372],[121.40208,23.33389],[121.39961,23.32658],[121.39994,23.32318],[121.39774,23.32168],[121.39214,23.3217],[121.39025,23.32062],[121.39011,23.31589],[121.38898,23.31468],[121.38785,23.31063],[121.3838,23.30812],[121.37786,23.30093],[121.37803,23.29858],[121.37628,23.29565],[121.37716,23.29134],[121.3765,23.28907],[121.37732,23.28747],[121.37686,23.28182],[121.37861,23.27451],[121.37792,23.26961],[121.37409,23.26906],[121.37234,23.26782],[121.37056,23.26221],[121.36693,23.26024],[121.36586,23.25803],[121.36362,23.25764],[121.36149,23.25365],[121.3594,23.25268],[121.35895,23.24965],[121.36154,23.2469],[121.3609,23.24435],[121.35783,23.24055],[121.35766,23.23793],[121.35346,23.23337],[121.3526,23.2313],[121.35318,23.22913],[121.35422,23.22858],[121.35438,23.22552],[121.35585,23.22395],[121.35716,23.22371],[121.35328,23.22001],[121.35158,23.22017],[121.34997,23.21788],[121.34646,23.21709],[121.34569,23.21356],[121.34692,23.20927],[121.34533,23.20825],[121.34429,23.20575],[121.34215,23.1958],[121.3397,23.19374],[121.33826,23.19068],[121.33758,23.18838],[121.33787,23.18532],[121.33637,23.18381],[121.3368,23.18247],[121.33532,23.18129],[121.33493,23.17793],[121.33124,23.17887],[121.32974,23.18036],[121.32837,23.17928],[121.3233,23.17873],[121.32396,23.17812],[121.32393,23.17478],[121.32222,23.17323],[121.32186,23.16939],[121.31856,23.16818],[121.31741,23.16457],[121.32137,23.15913],[121.32203,23.15534],[121.3246,23.15468],[121.3272,23.15219],[121.3244,23.14897],[121.32448,23.14658],[121.32334,23.14473],[121.32381,23.14329],[121.32205,23.13961],[121.32037,23.13792],[121.32214,23.13209],[121.32154,23.12928],[121.32294,23.12376],[121.32197,23.11716],[121.31581,23.10974],[121.31241,23.11095],[121.30523,23.11128],[121.30307,23.11108],[121.29998,23.10926],[121.29792,23.10995],[121.29705,23.1093],[121.29398,23.10988],[121.29142,23.10936],[121.28733,23.1067],[121.28441,23.10656],[121.28303,23.10386],[121.28087,23.10403],[121.27821,23.10074],[121.27235,23.09787],[121.27074,23.10118],[121.26432,23.10392],[121.26737,23.10933],[121.26727,23.11409],[121.26447,23.11515],[121.26426,23.11765],[121.25957,23.12101],[121.2576,23.12611],[121.24921,23.13152],[121.2483,23.12958],[121.24521,23.1284],[121.24231,23.12802],[121.23846,23.12873],[121.23093,23.13925],[121.22489,23.13987],[121.21927,23.14234],[121.21195,23.14423],[121.21064,23.14806],[121.21249,23.15493],[121.2103,23.15989],[121.20649,23.1628],[121.20559,23.16458],[121.20568,23.16687],[121.19917,23.17509],[121.19977,23.17829],[121.19796,23.18555],[121.19825,23.18844],[121.19443,23.19251],[121.19103,23.2021],[121.18981,23.20346],[121.18439,23.20491],[121.17936,23.20864],[121.17563,23.21019],[121.1699,23.20707],[121.16866,23.20765],[121.16091,23.20596],[121.1547,23.19915],[121.14735,23.19901],[121.13936,23.20191],[121.13809,23.20809],[121.13452,23.21126],[121.1294,23.2233],[121.1234,23.22508],[121.11469,23.22496],[121.10845,23.22349],[121.10565,23.22415],[121.10363,23.22696],[121.09886,23.22806],[121.09638,23.22965],[121.09284,23.23381],[121.08654,23.23385],[121.08364,23.23296],[121.08099,23.23379],[121.07924,23.23268],[121.07795,23.23422],[121.07845,23.23758],[121.07401,23.24441],[121.07102,23.24685],[121.06986,23.24932],[121.0701,23.25231],[121.06923,23.25517],[121.06586,23.25755],[121.06419,23.26308],[121.06242,23.26584],[121.06185,23.26802],[121.06289,23.26888],[121.06194,23.26948],[121.06181,23.27186],[121.06072,23.27303],[121.06067,23.27674],[121.06207,23.27941],[121.0599,23.28331],[121.05945,23.28615],[121.05727,23.28761],[121.05594,23.29063],[121.05239,23.29158],[121.04816,23.29474],[121.04307,23.29631],[121.0389,23.30065],[121.0265,23.29662],[121.02375,23.29371],[121.02,23.29457],[121.01741,23.29287],[121.00984,23.2925],[121.00853,23.29132],[121.00564,23.2906],[121.00138,23.28738],[120.99402,23.28444],[120.99064,23.28413],[120.98659,23.28032],[120.97899,23.28227],[120.97263,23.28219],[120.97028,23.28061],[120.96867,23.27786],[120.96611,23.27658],[120.96336,23.2721],[120.95968,23.27084],[120.95738,23.26416],[120.9511,23.25951],[120.94669,23.25312],[120.94125,23.25195],[120.9385,23.24789],[120.9379,23.24495],[120.93061,23.24246],[120.92653,23.24456],[120.92404,23.24198],[120.91941,23.24098],[120.91718,23.23832],[120.91546,23.23751],[120.9143,23.23254],[120.91157,23.22786],[120.91213,23.22515],[120.91163,23.20955],[120.91046,23.20814],[120.90763,23.20706],[120.90673,23.20565],[120.90715,23.20113],[120.90575,23.19955],[120.90644,23.19671],[120.91089,23.19217],[120.9123,23.1874],[120.91076,23.18169],[120.90905,23.1798],[120.90591,23.18058],[120.89872,23.17667],[120.89831,23.17313],[120.89586,23.17143],[120.89501,23.16072],[120.89124,23.15873],[120.88735,23.15824],[120.88626,23.15543],[120.88333,23.15344],[120.87641,23.15134],[120.88144,23.14623],[120.88576,23.14429],[120.88787,23.13668],[120.88623,23.13188],[120.88596,23.12805],[120.88806,23.12244],[120.88497,23.11935],[120.88678,23.11361],[120.8894,23.11044],[120.88814,23.10421],[120.88915,23.10049],[120.88555,23.09263],[120.88563,23.08911],[120.8836,23.08656],[120.88259,23.08333],[120.87808,23.07823],[120.87535,23.06854],[120.86922,23.05969],[120.87133,23.05505],[120.87453,23.05243],[120.8745,23.05095],[120.87975,23.04778],[120.88138,23.04268],[120.87996,23.03552],[120.87891,23.03444],[120.872,23.03448],[120.86665,23.03236],[120.86398,23.03249],[120.86162,23.03077],[120.8607,23.0279],[120.86198,23.02207],[120.86066,23.00805],[120.85824,23.00506],[120.85107,23.00513],[120.85201,23.00335],[120.85207,22.99991],[120.8491,22.99486],[120.84666,22.99265],[120.84193,22.99093],[120.84118,22.984],[120.83246,22.98039],[120.83069,22.97583],[120.82906,22.97439],[120.83015,22.96999],[120.82245,22.96487],[120.8208,22.96197],[120.82305,22.95492],[120.82476,22.95246],[120.82178,22.94512],[120.82182,22.93526],[120.82688,22.92814],[120.82916,22.92078],[120.83144,22.91986],[120.83329,22.91227],[120.82996,22.90953],[120.82867,22.90397],[120.83354,22.89981],[120.8332,22.89823],[120.83495,22.8931],[120.83823,22.88989],[120.83884,22.88464],[120.84053,22.88195],[120.85209,22.8781],[120.85516,22.87872],[120.85973,22.87837],[120.86487,22.87255],[120.86555,22.86966],[120.86379,22.86622],[120.85915,22.86345],[120.86165,22.8614],[120.86957,22.85776],[120.86661,22.85382],[120.86835,22.85075],[120.86495,22.8456],[120.864,22.83943],[120.8654,22.83561],[120.86176,22.8263],[120.8649,22.82507],[120.8684,22.81713],[120.87171,22.81479],[120.8745,22.81533],[120.87727,22.81305],[120.88157,22.81445],[120.8912,22.81162],[120.89399,22.80876],[120.89655,22.80797],[120.89933,22.80471],[120.9009,22.80428],[120.9033,22.79981],[120.9033,22.79339],[120.9017,22.78755],[120.90414,22.78358],[120.90324,22.78046],[120.90382,22.77558],[120.90296,22.7735],[120.90115,22.77207],[120.90021,22.76922],[120.89356,22.76678],[120.89197,22.7637],[120.89482,22.76258],[120.89445,22.75914],[120.89563,22.75616],[120.8941,22.75161],[120.89536,22.7482],[120.89414,22.74371],[120.89564,22.74182],[120.89503,22.7386],[120.89243,22.73557],[120.89144,22.72938],[120.88865,22.72729],[120.88728,22.72237],[120.88352,22.71707],[120.87943,22.71607],[120.87548,22.71718],[120.86942,22.71591],[120.86719,22.71689],[120.86168,22.7167],[120.8584,22.71362],[120.85488,22.71755],[120.84852,22.71695],[120.84453,22.71086],[120.84249,22.70984],[120.84337,22.70765],[120.84024,22.70667],[120.83968,22.70395],[120.83791,22.70143],[120.83829,22.69894],[120.8368,22.69708],[120.83331,22.69664],[120.8287,22.69766],[120.82546,22.69571],[120.81988,22.6956],[120.81887,22.69436],[120.81912,22.69103],[120.81145,22.69204],[120.80911,22.68826],[120.80803,22.68919],[120.79768,22.6891],[120.78913,22.69329],[120.7868,22.69291],[120.78949,22.68649],[120.78927,22.68383],[120.79157,22.67919],[120.78623,22.67204],[120.78582,22.66144],[120.77978,22.65254],[120.77714,22.65047],[120.77384,22.64623],[120.77199,22.64218],[120.76893,22.63885],[120.76766,22.63619],[120.76425,22.63371],[120.76313,22.63114],[120.76132,22.63004],[120.76124,22.62621],[120.75805,22.62309],[120.75488,22.61699],[120.75288,22.61181],[120.75406,22.60855],[120.75465,22.60079],[120.74581,22.58955],[120.74667,22.58401],[120.74909,22.57864],[120.74879,22.5723],[120.74795,22.57108],[120.74173,22.5689],[120.73964,22.56254],[120.73938,22.55174],[120.74396,22.54311],[120.74795,22.53855],[120.75002,22.53402],[120.74992,22.52936],[120.75167,22.52532],[120.75132,22.52197],[120.75303,22.51839],[120.75363,22.51104],[120.75848,22.50735],[120.76271,22.5011],[120.76435,22.49539],[120.76368,22.49092],[120.76045,22.48853],[120.75856,22.48841],[120.75746,22.48183],[120.75081,22.47916],[120.75226,22.47761],[120.75457,22.47141],[120.75164,22.46422],[120.75105,22.45902],[120.75461,22.45725],[120.75818,22.45852],[120.7651,22.45306],[120.77193,22.45184],[120.77634,22.44996],[120.77514,22.4433],[120.77648,22.44044],[120.78002,22.43743],[120.78245,22.4339],[120.78477,22.42812],[120.78687,22.42518],[120.78823,22.41944],[120.78964,22.41765],[120.78693,22.41614],[120.78487,22.41307],[120.78344,22.4126],[120.78291,22.41121],[120.78036,22.40945],[120.77703,22.40889],[120.77556,22.40966],[120.7734,22.40694],[120.77058,22.4069],[120.76833,22.40863],[120.76531,22.40905],[120.76322,22.40716],[120.75812,22.4049],[120.75342,22.40506],[120.75536,22.40328],[120.75761,22.39818],[120.7538,22.39644],[120.75215,22.39267],[120.75649,22.38838],[120.7505,22.38409],[120.74863,22.38038],[120.74879,22.37325],[120.74752,22.37141],[120.7445,22.36982],[120.74346,22.36726],[120.75268,22.3604],[120.75555,22.3604],[120.75811,22.35942],[120.76101,22.36042],[120.76299,22.35915],[120.76339,22.35279],[120.76727,22.34761],[120.76952,22.34748],[120.77518,22.34935],[120.78106,22.34637],[120.78473,22.34578],[120.78639,22.34224],[120.78847,22.34158],[120.7897,22.33764],[120.79248,22.33562],[120.79251,22.3284],[120.79341,22.32365],[120.7951,22.32257],[120.79655,22.31941],[120.79659,22.31717],[120.79269,22.31215],[120.78714,22.30921],[120.7832,22.30946],[120.77816,22.3085],[120.77684,22.30258],[120.77775,22.29797],[120.78084,22.29495],[120.7899,22.29331],[120.79113,22.29065],[120.79098,22.28841],[120.79322,22.28579],[120.7992,22.2854],[120.80069,22.28425],[120.8057,22.2838],[120.80587,22.28118],[120.80722,22.28019],[120.80678,22.27716],[120.80059,22.27735],[120.79807,22.27638],[120.79798,22.27385],[120.79629,22.26992],[120.79655,22.26714],[120.79958,22.2651],[120.79863,22.26384],[120.79884,22.25987],[120.7979,22.25794],[120.79907,22.25716],[120.80613,22.25978],[120.80802,22.25936],[120.80939,22.2607],[120.81276,22.26217],[120.81391,22.26187],[120.8154,22.26322],[120.82225,22.25806],[120.82591,22.25665],[120.83462,22.24537],[120.83606,22.24546],[120.83961,22.24363],[120.8414,22.24456],[120.84261,22.24336],[120.84465,22.24286],[120.85084,22.24366],[120.85867,22.24082],[120.85901,22.23863],[120.86254,22.23674],[120.8643,22.23428],[120.86215,22.23071],[120.86386,22.23114],[120.86643,22.22982],[120.86867,22.23128],[120.87085,22.23139],[120.87153,22.233],[120.87473,22.23425],[120.8791,22.23522],[120.88062,22.2347],[120.88419,22.24071],[120.89138,22.2443],[120.89206,22.24545],[120.8963,22.24643],[120.89447,22.26076],[120.89527,22.26251],[120.89478,22.26481],[120.89308,22.26655],[120.89166,22.28296],[120.89244,22.31809],[120.89524,22.33572],[120.89661,22.33733],[120.90262,22.35255],[120.90883,22.3592],[120.91487,22.38492],[120.92113,22.39614],[120.9252,22.40897],[120.92885,22.41718],[120.9331,22.42321],[120.94115,22.44515],[120.9464,22.45688],[120.95953,22.50529],[120.96822,22.52645],[120.9773,22.55449],[120.98168,22.5637],[120.98551,22.56934],[120.99003,22.57326],[120.99833,22.57839],[121.0072,22.58618],[121.00916,22.58896],[121.0126,22.61951],[121.01719,22.63568],[121.02228,22.64923],[121.02574,22.65584],[121.02943,22.66116],[121.03553,22.66768],[121.04288,22.67192],[121.05536,22.6761],[121.06425,22.68201],[121.07311,22.69175],[121.08136,22.6982],[121.09319,22.70371],[121.10152,22.70531],[121.11762,22.71413],[121.1237,22.71625],[121.12811,22.71936],[121.13727,22.72941],[121.14509,22.73445],[121.15679,22.74732],[121.16091,22.74968],[121.16599,22.75117],[121.17249,22.75517],[121.1762,22.7588],[121.17987,22.76926],[121.18031,22.77826],[121.1814,22.7829],[121.18742,22.79041],[121.1949,22.79029],[121.19601,22.79262],[121.19717,22.79193],[121.19676,22.79258],[121.19846,22.79341],[121.19819,22.79473],[121.2,22.79457],[121.20103,22.79585],[121.19963,22.80439],[121.19688,22.81097],[121.19754,22.81223],[121.19647,22.81269],[121.19654,22.8132],[121.19736,22.81281],[121.19695,22.81398],[121.19814,22.8148],[121.19717,22.81466],[121.1977,22.81566],[121.19412,22.81766],[121.19358,22.82129],[121.19183,22.82291],[121.19241,22.82556],[121.18825,22.82826],[121.18626,22.83289],[121.18628,22.83411],[121.18803,22.83531],[121.18884,22.83787],[121.18999,22.84303],[121.18958,22.84693],[121.1922,22.85057],[121.19733,22.85408],[121.1988,22.85671],[121.20139,22.85709],[121.20447,22.86022],[121.20905,22.86309],[121.21998,22.86491],[121.22469,22.86716],[121.23209,22.86412],[121.23336,22.86448],[121.23617,22.86799],[121.2351,22.8696],[121.23524,22.87096],[121.23891,22.87847],[121.2412,22.88015],[121.24731,22.88145],[121.25096,22.88607],[121.25559,22.89516],[121.25915,22.89827],[121.25961,22.90104],[121.2604,22.9014],[121.2622,22.90644],[121.26942,22.91186],[121.27284,22.91783],[121.27574,22.92678],[121.27865,22.93082],[121.27987,22.93937],[121.28304,22.94787],[121.28428,22.94958],[121.28587,22.95015],[121.28711,22.94959],[121.28661,22.94883],[121.28784,22.94941],[121.28798,22.95044],[121.28725,22.94984],[121.28666,22.95034],[121.28666,22.95183],[121.29142,22.95546],[121.2931,22.95513],[121.29335,22.95363],[121.29518,22.95451],[121.29598,22.95674],[121.29966,22.95973],[121.30846,22.97093],[121.31081,22.9729],[121.3114,22.97488],[121.31369,22.97679],[121.32068,22.98968],[121.32347,22.99327],[121.32377,22.99389],[121.32162,22.99715],[121.32204,23.00207],[121.32324,23.00485],[121.32533,23.00468],[121.32732,23.0071],[121.32834,23.00924],[121.32743,23.00965],[121.32945,23.0162],[121.33719,23.0201],[121.33516,23.02181],[121.3351,23.02315],[121.33661,23.02521],[121.33916,23.02591],[121.33951,23.02871],[121.33824,23.02925],[121.33853,23.03329],[121.34164,23.04243],[121.3433,23.04364],[121.34412,23.04637],[121.34372,23.04832],[121.34588,23.0511],[121.34651,23.05892],[121.34814,23.06462],[121.35268,23.07023],[121.35284,23.07133],[121.35415,23.07142],[121.35665,23.07363],[121.35509,23.07965],[121.35802,23.08254],[121.35785,23.0854],[121.35953,23.08891],[121.36337,23.09388],[121.36731,23.09653],[121.36975,23.09582],[121.37507,23.09651],[121.38294,23.09548],[121.38503,23.0976],[121.3843,23.09851],[121.38531,23.10086],[121.38762,23.1023],[121.38741,23.1056],[121.38862,23.10571],[121.39161,23.10828],[121.39516,23.11342],[121.39753,23.11456],[121.40182,23.1135],[121.40702,23.11588],[121.41248,23.12235],[121.41168,23.12328],[121.41311,23.12366],[121.41409,23.12274],[121.41545,23.12337],[121.41849,23.12268],[121.42459,23.12565],[121.42473,23.12644],[121.42315,23.12775],[121.4209,23.12684],[121.41636,23.12676],[121.41368,23.12408],[121.41116,23.12397],[121.40649,23.12564],[121.40296,23.12873],[121.3998,23.13511],[121.4011,23.14604],[121.39997,23.14698],[121.39945,23.14897],[121.40038,23.15068],[121.40308,23.15129],[121.405,23.1541],[121.40759,23.16228],[121.40776,23.16683],[121.40682,23.17027],[121.40294,23.17181],[121.4027,23.17421],[121.40395,23.17649],[121.40389,23.17808],[121.39996,23.18217],[121.39837,23.1857],[121.39611,23.1992],[121.39702,23.20511],[121.39814,23.20796],[121.40018,23.20871],[121.40282,23.21224],[121.40493,23.2131],[121.4087,23.21303],[121.40932,23.21402],[121.41004,23.21353],[121.40968,23.21439],[121.41117,23.21511],[121.42039,23.22631],[121.42033,23.2277],[121.41872,23.22831],[121.41573,23.22787],[121.4149,23.23492],[121.41692,23.23861],[121.41705,23.24157],[121.41901,23.2453],[121.41903,23.24798],[121.42081,23.25004],[121.42082,23.25761],[121.42194,23.25862],[121.42406,23.26424],[121.42607,23.26477],[121.42772,23.26668],[121.42708,23.26912],[121.42745,23.27265],[121.42974,23.28143],[121.43287,23.28812],[121.43432,23.28822],[121.43619,23.29245],[121.43825,23.29413],[121.43919,23.29685],[121.4406,23.29774],[121.44168,23.29716],[121.44149,23.29986],[121.44242,23.30249],[121.44347,23.30392],[121.4471,23.30531],[121.44774,23.30668],[121.44746,23.30931],[121.45405,23.3135],[121.45852,23.31355],[121.4605,23.31183],[121.46069,23.3129],[121.46239,23.3128],[121.46292,23.31779],[121.46573,23.322],[121.46621,23.32871],[121.46775,23.33193],[121.46764,23.34561],[121.46859,23.34849],[121.47221,23.35242],[121.47186,23.35575],[121.47081,23.35667],[121.47358,23.36329],[121.47221,23.37153],[121.47389,23.37807],[121.47486,23.38662],[121.47666,23.38909],[121.47799,23.39528],[121.48204,23.39727],[121.48181,23.40211],[121.48402,23.40412],[121.48339,23.40552],[121.48409,23.41073],[121.4851,23.41248],[121.48624,23.41289],[121.48924,23.42332],[121.49249,23.42683],[121.4961,23.43482],[121.49415,23.43533],[121.49195,23.43444],[121.4905,23.43525],[121.48704,23.4336],[121.48459,23.43087],[121.48247,23.43016],[121.4798,23.43118],[121.47331,23.44062],[121.47058,23.44077],[121.46392,23.43954],[121.46344,23.43886],[121.46204,23.43955],[121.46159,23.44153],[121.4571,23.44221],[121.45443,23.44114],[121.45235,23.44175],[121.45101,23.44316],[121.44834,23.44291],[121.44769,23.44358]]]]}},{"type":"Feature","properties":{"county_code":"10015","county_name":"花蓮縣","county_id":"U","county_eng":"Hualien County"},"geometry":{"type":"MultiPolygon","coordinates":[[[[121.63127,24.37049],[121.62588,24.36912],[121.62187,24.36676],[121.62037,24.36321],[121.62075,24.36255],[121.62356,24.36234],[121.62151,24.35991],[121.62119,24.35812],[121.62228,24.35668],[121.62676,24.35433],[121.62684,24.34953],[121.62944,24.34945],[121.63046,24.34822],[121.63323,24.34917],[121.63551,24.34762],[121.63592,24.34611],[121.63529,24.34482],[121.63136,24.34399],[121.63297,24.3399],[121.6328,24.33475],[121.62863,24.3337],[121.62668,24.33563],[121.62808,24.33871],[121.62747,24.34112],[121.62278,24.33948],[121.62062,24.34488],[121.61921,24.34549],[121.61784,24.34423],[121.61613,24.33814],[121.61631,24.33704],[121.61865,24.33575],[121.61753,24.33365],[121.61522,24.33331],[121.6122,24.33589],[121.60791,24.33542],[121.60654,24.33273],[121.60645,24.33006],[121.60446,24.32901],[121.60071,24.33087],[121.59922,24.33353],[121.59697,24.33347],[121.59574,24.33163],[121.59656,24.32814],[121.60132,24.32329],[121.60109,24.32058],[121.60522,24.31729],[121.60514,24.31541],[121.60701,24.31264],[121.60574,24.30943],[121.60191,24.31415],[121.59718,24.3163],[121.59375,24.31642],[121.58948,24.31381],[121.58751,24.31607],[121.58235,24.31781],[121.57883,24.31804],[121.57585,24.31967],[121.56989,24.31794],[121.56637,24.31919],[121.56332,24.32224],[121.55948,24.32316],[121.55607,24.33116],[121.54842,24.33635],[121.54498,24.33777],[121.54053,24.33591],[121.53571,24.33737],[121.53326,24.33706],[121.53054,24.33876],[121.52775,24.33915],[121.52514,24.34248],[121.52215,24.34302],[121.51799,24.34101],[121.51543,24.34182],[121.51356,24.34082],[121.50967,24.3412],[121.50792,24.3432],[121.50438,24.34294],[121.49978,24.33953],[121.49811,24.33924],[121.49223,24.34209],[121.48536,24.34846],[121.48111,24.34908],[121.47887,24.35188],[121.47526,24.35127],[121.46539,24.35531],[121.45201,24.36468],[121.44976,24.36349],[121.4481,24.3621],[121.44726,24.35955],[121.44157,24.35859],[121.43562,24.34758],[121.43777,24.34222],[121.4343,24.33827],[121.43247,24.32987],[121.43448,24.32558],[121.4346,24.32178],[121.43164,24.32048],[121.42849,24.31736],[121.42323,24.30822],[121.42201,24.30754],[121.41927,24.30786],[121.41688,24.30917],[121.41143,24.30727],[121.4051,24.30825],[121.40345,24.29688],[121.39722,24.29053],[121.39658,24.28874],[121.39351,24.28823],[121.39083,24.28974],[121.38724,24.28471],[121.38054,24.27976],[121.38216,24.27618],[121.38326,24.26798],[121.38565,24.26416],[121.3852,24.26184],[121.3858,24.25805],[121.38505,24.25499],[121.37842,24.25282],[121.37282,24.25414],[121.36989,24.25254],[121.36702,24.25217],[121.36442,24.24727],[121.36066,24.24394],[121.35854,24.2436],[121.35598,24.24463],[121.35252,24.24376],[121.35322,24.23893],[121.35233,24.23463],[121.34917,24.23181],[121.34301,24.22355],[121.34937,24.21044],[121.34833,24.20719],[121.34943,24.19978],[121.34508,24.19995],[121.34085,24.19846],[121.33581,24.19911],[121.32561,24.19613],[121.3227,24.19171],[121.31991,24.19124],[121.31578,24.18517],[121.31102,24.18325],[121.30708,24.18033],[121.29878,24.18009],[121.29644,24.17832],[121.29299,24.1772],[121.2862,24.17736],[121.28783,24.17246],[121.28839,24.15809],[121.28672,24.15707],[121.28198,24.15819],[121.28033,24.15786],[121.28103,24.15449],[121.28322,24.15384],[121.28468,24.15229],[121.28422,24.14585],[121.28137,24.13587],[121.29586,24.13244],[121.29982,24.12921],[121.30354,24.12458],[121.31162,24.12019],[121.31566,24.11649],[121.32499,24.11608],[121.32849,24.11441],[121.32816,24.11164],[121.32628,24.1083],[121.32565,24.10246],[121.31895,24.09501],[121.31919,24.09277],[121.32115,24.08887],[121.3233,24.08654],[121.32313,24.08494],[121.31793,24.0797],[121.30819,24.07331],[121.30606,24.0695],[121.30233,24.06635],[121.29989,24.06217],[121.29863,24.06169],[121.29554,24.06378],[121.28942,24.05889],[121.28647,24.05796],[121.28482,24.05533],[121.28321,24.05427],[121.28261,24.05128],[121.28498,24.04857],[121.28566,24.03953],[121.27865,24.02682],[121.27661,24.02461],[121.27631,24.02015],[121.27031,24.01001],[121.26956,24.00801],[121.27005,24.00671],[121.26557,24.00125],[121.26004,23.99208],[121.26143,23.9818],[121.26423,23.97598],[121.26512,23.97532],[121.27357,23.97525],[121.27562,23.96836],[121.27795,23.96558],[121.27626,23.96341],[121.27517,23.9601],[121.27582,23.95586],[121.2747,23.95144],[121.27175,23.9485],[121.27433,23.94564],[121.27353,23.94414],[121.27396,23.94158],[121.27206,23.93834],[121.27386,23.93622],[121.27375,23.93375],[121.27485,23.93154],[121.27341,23.92849],[121.27651,23.92316],[121.27507,23.91858],[121.27629,23.91622],[121.27543,23.91469],[121.27608,23.90986],[121.27445,23.90732],[121.27043,23.90649],[121.26627,23.90726],[121.26106,23.9026],[121.2627,23.90014],[121.26244,23.89908],[121.26653,23.89841],[121.26518,23.89672],[121.26604,23.8942],[121.26551,23.89124],[121.26741,23.889],[121.26845,23.88375],[121.26532,23.88303],[121.26337,23.88122],[121.26293,23.8795],[121.26525,23.8729],[121.25815,23.87251],[121.25694,23.86945],[121.25318,23.86808],[121.25292,23.86295],[121.25214,23.8613],[121.2505,23.86097],[121.24997,23.85982],[121.25021,23.85678],[121.24868,23.85366],[121.24892,23.85213],[121.24452,23.84891],[121.24348,23.84498],[121.23942,23.84042],[121.23913,23.83635],[121.23773,23.83249],[121.23811,23.82962],[121.23668,23.82521],[121.23715,23.82351],[121.23913,23.82186],[121.23477,23.81794],[121.23446,23.812],[121.23213,23.81036],[121.23033,23.81016],[121.22926,23.80883],[121.22754,23.80854],[121.22791,23.80533],[121.22658,23.80458],[121.22605,23.80228],[121.22551,23.79823],[121.22658,23.79609],[121.22662,23.79244],[121.22727,23.79109],[121.23033,23.79028],[121.2304,23.78797],[121.22629,23.78367],[121.22365,23.7824],[121.21954,23.78179],[121.21842,23.77983],[121.21297,23.77691],[121.21219,23.77568],[121.20868,23.77593],[121.20697,23.7751],[121.20601,23.77265],[121.20465,23.7724],[121.20675,23.76724],[121.20867,23.76584],[121.20648,23.76264],[121.21097,23.76111],[121.2134,23.75747],[121.21864,23.75638],[121.2214,23.75275],[121.22508,23.75178],[121.22931,23.75227],[121.23066,23.75099],[121.23252,23.7506],[121.23332,23.7482],[121.23008,23.74718],[121.22881,23.74428],[121.22843,23.73614],[121.22976,23.73289],[121.22964,23.73019],[121.23227,23.72953],[121.23311,23.73013],[121.23357,23.72783],[121.23577,23.72464],[121.23946,23.72415],[121.23779,23.72007],[121.23952,23.71628],[121.23885,23.71351],[121.23927,23.71096],[121.24121,23.70873],[121.24098,23.7051],[121.23935,23.69978],[121.24121,23.69846],[121.23937,23.69468],[121.23943,23.68697],[121.23428,23.68096],[121.2324,23.67704],[121.23596,23.67077],[121.23584,23.66252],[121.23193,23.65788],[121.23025,23.64799],[121.22785,23.64538],[121.22412,23.63885],[121.22401,23.63293],[121.22499,23.62877],[121.2238,23.62358],[121.21996,23.61693],[121.21732,23.6147],[121.21594,23.60727],[121.21451,23.60491],[121.21341,23.60037],[121.20813,23.59824],[121.20658,23.59587],[121.20173,23.59679],[121.20013,23.5964],[121.19417,23.6006],[121.1903,23.59719],[121.18941,23.59481],[121.18347,23.59316],[121.18204,23.59094],[121.17973,23.59003],[121.18001,23.58746],[121.17883,23.58312],[121.17804,23.58264],[121.1714,23.58414],[121.16987,23.58632],[121.16675,23.58714],[121.16051,23.58703],[121.15819,23.58573],[121.15557,23.58705],[121.15339,23.58678],[121.15202,23.58166],[121.15215,23.57316],[121.15511,23.57086],[121.16035,23.56976],[121.16034,23.56783],[121.15802,23.56405],[121.15714,23.55956],[121.15188,23.56047],[121.14995,23.55735],[121.14803,23.55658],[121.14612,23.55437],[121.14805,23.5524],[121.15106,23.54517],[121.14845,23.53953],[121.14808,23.53567],[121.14688,23.53411],[121.14951,23.531],[121.1511,23.52705],[121.15076,23.52653],[121.14717,23.52725],[121.1444,23.5256],[121.13834,23.52059],[121.13526,23.51496],[121.13226,23.51511],[121.13113,23.51748],[121.12879,23.5185],[121.12635,23.51705],[121.12045,23.521],[121.1177,23.52164],[121.11549,23.52023],[121.1108,23.51906],[121.10367,23.51893],[121.10102,23.52124],[121.09736,23.52165],[121.09327,23.51778],[121.09185,23.51452],[121.08811,23.51405],[121.08307,23.51463],[121.07538,23.51733],[121.06846,23.51845],[121.06876,23.51477],[121.0661,23.50797],[121.06614,23.50631],[121.06298,23.50384],[121.06217,23.49954],[121.05725,23.49619],[121.0541,23.4956],[121.0528,23.49368],[121.05412,23.49011],[121.05361,23.48783],[121.05012,23.48653],[121.04855,23.48242],[121.04497,23.48054],[121.0389,23.47408],[121.04441,23.47012],[121.04965,23.46783],[121.05131,23.46431],[121.05893,23.46194],[121.05835,23.46027],[121.05591,23.45928],[121.05453,23.45738],[121.05182,23.4508],[121.04646,23.45087],[121.04396,23.44896],[121.03365,23.44551],[121.03314,23.44332],[121.02866,23.44161],[121.02652,23.43915],[121.02203,23.439],[121.01958,23.43643],[121.01501,23.43532],[121.01293,23.43324],[121.01416,23.43093],[121.01659,23.43097],[121.02094,23.42951],[121.02235,23.42736],[121.02253,23.4249],[121.02934,23.42263],[121.02938,23.42024],[121.02774,23.41625],[121.02491,23.4146],[121.02708,23.41278],[121.02741,23.40941],[121.02665,23.40604],[121.02835,23.40376],[121.02175,23.39997],[121.01924,23.40152],[121.01464,23.39658],[121.01046,23.3951],[121.00803,23.3966],[121.00643,23.39656],[121.00321,23.39479],[121.00113,23.39175],[121.00407,23.38864],[121.00739,23.38703],[121.00772,23.38467],[120.99987,23.38221],[120.99389,23.37594],[120.99155,23.37174],[120.98778,23.37006],[120.98656,23.36343],[120.9871,23.35873],[120.99466,23.35637],[121.00006,23.35652],[121.00248,23.35525],[121.00757,23.35203],[121.00765,23.34895],[121.0104,23.34581],[121.01519,23.34634],[121.01773,23.3483],[121.01811,23.35013],[121.02005,23.35038],[121.02236,23.34813],[121.02432,23.34073],[121.027,23.33762],[121.03091,23.33703],[121.03252,23.33407],[121.03704,23.33302],[121.03942,23.32913],[121.04167,23.32803],[121.04498,23.32778],[121.04878,23.32531],[121.04878,23.32291],[121.04716,23.32001],[121.04804,23.31378],[121.04668,23.31146],[121.04628,23.30868],[121.04197,23.30719],[121.03643,23.3038],[121.03207,23.30379],[121.03136,23.30043],[121.02832,23.29712],[121.03447,23.29973],[121.0389,23.30065],[121.04307,23.29631],[121.04816,23.29474],[121.05216,23.2917],[121.05631,23.2903],[121.05727,23.28761],[121.05945,23.28615],[121.0599,23.28331],[121.06207,23.27941],[121.06067,23.27674],[121.06072,23.27303],[121.06181,23.27186],[121.06194,23.26948],[121.06289,23.26888],[121.06185,23.26802],[121.06242,23.26584],[121.06419,23.26308],[121.06586,23.25755],[121.06923,23.25517],[121.0701,23.25231],[121.06986,23.24932],[121.07102,23.24685],[121.07401,23.24441],[121.07845,23.23758],[121.0784,23.23341],[121.07935,23.23265],[121.08099,23.23379],[121.08364,23.23296],[121.08654,23.23385],[121.09311,23.23373],[121.09638,23.22965],[121.09886,23.22806],[121.10363,23.22696],[121.10609,23.22395],[121.10888,23.22352],[121.11469,23.22496],[121.1234,23.22508],[121.1294,23.2233],[121.13452,23.21126],[121.13809,23.20809],[121.13936,23.20191],[121.14735,23.19901],[121.1547,23.19915],[121.16091,23.20596],[121.16866,23.20765],[121.1699,23.20707],[121.17563,23.21019],[121.17936,23.20864],[121.18439,23.20491],[121.1895,23.20372],[121.19103,23.2021],[121.19443,23.19251],[121.19825,23.18844],[121.19796,23.18555],[121.19977,23.17829],[121.19917,23.17509],[121.20568,23.16687],[121.20559,23.16458],[121.20649,23.1628],[121.2103,23.15989],[121.21249,23.15493],[121.21064,23.14806],[121.21195,23.14423],[121.21927,23.14234],[121.22489,23.13987],[121.23093,23.13925],[121.23846,23.12873],[121.24231,23.12802],[121.24521,23.1284],[121.2483,23.12958],[121.24921,23.13152],[121.2576,23.12611],[121.25957,23.12101],[121.26426,23.11765],[121.26447,23.11515],[121.26727,23.11409],[121.26737,23.10933],[121.26432,23.10392],[121.27074,23.10118],[121.27255,23.09779],[121.27831,23.10082],[121.28087,23.10403],[121.28303,23.10386],[121.28441,23.10656],[121.28733,23.1067],[121.29142,23.10936],[121.29398,23.10988],[121.29705,23.1093],[121.29792,23.10995],[121.29998,23.10926],[121.30307,23.11108],[121.30523,23.11128],[121.31241,23.11095],[121.31581,23.10974],[121.32197,23.11716],[121.32294,23.12376],[121.32154,23.12928],[121.32214,23.13209],[121.32037,23.13792],[121.32205,23.13961],[121.32381,23.14329],[121.32334,23.14473],[121.32448,23.14658],[121.3244,23.14897],[121.3272,23.15219],[121.3246,23.15468],[121.32203,23.15534],[121.32137,23.15913],[121.31741,23.16457],[121.31852,23.16807],[121.32186,23.16939],[121.32222,23.17323],[121.32393,23.17478],[121.32396,23.17812],[121.3233,23.17873],[121.32837,23.17928],[121.32974,23.18036],[121.33124,23.17887],[121.33493,23.17793],[121.33532,23.18129],[121.3368,23.18247],[121.33637,23.18381],[121.33787,23.18532],[121.33758,23.18838],[121.33826,23.19068],[121.3397,23.19374],[121.34215,23.1958],[121.34429,23.20575],[121.34533,23.20825],[121.34692,23.20927],[121.34569,23.21356],[121.34646,23.21709],[121.34997,23.21788],[121.35158,23.22017],[121.35328,23.22001],[121.35716,23.22371],[121.35585,23.22395],[121.35438,23.22552],[121.35422,23.22858],[121.35318,23.22913],[121.3526,23.2313],[121.35346,23.23337],[121.35766,23.23793],[121.35783,23.24055],[121.3609,23.24435],[121.36154,23.2469],[121.35895,23.24965],[121.3594,23.25268],[121.36149,23.25365],[121.36362,23.25764],[121.36586,23.25803],[121.36693,23.26024],[121.37056,23.26221],[121.37234,23.26782],[121.37409,23.26906],[121.37792,23.26961],[121.37861,23.27451],[121.37686,23.28182],[121.37732,23.28747],[121.3765,23.28907],[121.37716,23.29134],[121.37628,23.29565],[121.37803,23.29858],[121.37786,23.30093],[121.3838,23.30812],[121.38785,23.31063],[121.38898,23.31468],[121.39011,23.31589],[121.39025,23.32062],[121.39214,23.3217],[121.39774,23.32168],[121.39994,23.32318],[121.39961,23.32658],[121.40208,23.33389],[121.40385,23.3372],[121.40643,23.33955],[121.40971,23.34589],[121.41668,23.34931],[121.41835,23.35218],[121.42253,23.35569],[121.42288,23.35999],[121.41791,23.36058],[121.41725,23.36166],[121.4101,23.36489],[121.40757,23.36463],[121.40437,23.36735],[121.40485,23.36914],[121.40363,23.37581],[121.39992,23.3856],[121.40116,23.38846],[121.40362,23.38941],[121.41249,23.40235],[121.41321,23.40522],[121.41568,23.40819],[121.41758,23.41196],[121.41722,23.41257],[121.41849,23.41386],[121.41836,23.41569],[121.41997,23.41689],[121.41957,23.41941],[121.42022,23.42058],[121.42573,23.42485],[121.42547,23.42601],[121.42877,23.42929],[121.43314,23.43173],[121.4334,23.43286],[121.43826,23.43326],[121.43924,23.4326],[121.44064,23.43367],[121.44209,23.43684],[121.44416,23.43863],[121.44431,23.44079],[121.44561,23.44294],[121.4471,23.44379],[121.44834,23.44291],[121.45101,23.44316],[121.45235,23.44175],[121.45443,23.44114],[121.4571,23.44221],[121.46159,23.44153],[121.46204,23.43955],[121.46344,23.43886],[121.46392,23.43954],[121.47058,23.44077],[121.47331,23.44062],[121.4798,23.43118],[121.48247,23.43016],[121.48459,23.43087],[121.48704,23.4336],[121.4905,23.43525],[121.49195,23.43444],[121.49415,23.43533],[121.4961,23.43482],[121.49983,23.45615],[121.50172,23.45997],[121.50375,23.46761],[121.50546,23.47016],[121.5081,23.47171],[121.50972,23.47943],[121.51224,23.48165],[121.51285,23.48623],[121.51395,23.48715],[121.51245,23.49179],[121.51017,23.49236],[121.50772,23.49123],[121.50621,23.50523],[121.50497,23.50547],[121.50441,23.50736],[121.50572,23.5113],[121.50357,23.51744],[121.50347,23.52018],[121.50449,23.52248],[121.50537,23.5294],[121.50803,23.5315],[121.50697,23.53465],[121.51134,23.55148],[121.51859,23.56345],[121.52201,23.56706],[121.52309,23.57158],[121.52629,23.57638],[121.52612,23.58241],[121.53007,23.59716],[121.52947,23.59778],[121.53049,23.60181],[121.52981,23.60907],[121.53123,23.62647],[121.53659,23.64719],[121.53989,23.65157],[121.5434,23.65333],[121.54376,23.656],[121.541,23.66052],[121.54536,23.66457],[121.54532,23.66854],[121.54669,23.67309],[121.54588,23.67503],[121.54904,23.68404],[121.55069,23.69244],[121.55336,23.69834],[121.55294,23.69938],[121.55066,23.70045],[121.54986,23.70295],[121.54929,23.71177],[121.54989,23.71655],[121.55224,23.72274],[121.55367,23.7244],[121.55655,23.7248],[121.55892,23.72879],[121.5602,23.72953],[121.56009,23.73079],[121.56317,23.73577],[121.56385,23.73902],[121.56701,23.74261],[121.56789,23.74478],[121.56747,23.7466],[121.56981,23.74945],[121.57159,23.75583],[121.57245,23.75661],[121.57314,23.76235],[121.57208,23.76258],[121.57126,23.76613],[121.57081,23.78238],[121.57285,23.80042],[121.57653,23.8109],[121.58126,23.816],[121.5834,23.81983],[121.58543,23.8285],[121.59392,23.84459],[121.59824,23.85702],[121.60497,23.89366],[121.60568,23.8994],[121.60493,23.90817],[121.60602,23.91591],[121.60914,23.92361],[121.60996,23.93037],[121.61152,23.9318],[121.61187,23.93333],[121.60906,23.9463],[121.60981,23.94809],[121.60781,23.94932],[121.60691,23.95277],[121.60782,23.9599],[121.61584,23.9732],[121.61911,23.97624],[121.62219,23.97787],[121.6266,23.97377],[121.62828,23.96947],[121.635,23.97981],[121.63483,23.98463],[121.63955,23.9954],[121.6414,23.99896],[121.64251,23.99957],[121.64136,23.99733],[121.64314,23.99959],[121.64791,24.00894],[121.64366,24.01939],[121.6361,24.0242],[121.62988,24.03113],[121.62422,24.04099],[121.61919,24.05223],[121.61651,24.06131],[121.61566,24.07026],[121.61592,24.07725],[121.61931,24.08802],[121.61912,24.08959],[121.621,24.09328],[121.62218,24.09376],[121.62641,24.1003],[121.63172,24.106],[121.64514,24.11376],[121.65373,24.12],[121.66375,24.13452],[121.66513,24.14052],[121.66421,24.15544],[121.65997,24.16367],[121.65847,24.17188],[121.65908,24.18104],[121.66331,24.19414],[121.66605,24.19783],[121.66917,24.2002],[121.67217,24.20579],[121.67394,24.20756],[121.68488,24.21224],[121.69627,24.22073],[121.70613,24.22561],[121.71124,24.23599],[121.71558,24.24168],[121.71938,24.24381],[121.72284,24.24372],[121.72829,24.24571],[121.73817,24.25588],[121.74306,24.25964],[121.7443,24.26201],[121.7473,24.27755],[121.75057,24.28442],[121.76122,24.29576],[121.76953,24.3027],[121.773,24.30877],[121.77406,24.31528],[121.77272,24.31364],[121.77084,24.31315],[121.75939,24.31411],[121.74473,24.32286],[121.74005,24.32356],[121.73517,24.32308],[121.72778,24.32599],[121.72345,24.32548],[121.71353,24.32689],[121.70529,24.32957],[121.69765,24.33412],[121.69497,24.33486],[121.68846,24.33362],[121.68735,24.33465],[121.68697,24.33875],[121.68557,24.34074],[121.68384,24.34074],[121.67701,24.33758],[121.67483,24.33778],[121.67348,24.33998],[121.67397,24.3434],[121.6691,24.3431],[121.66673,24.34725],[121.66389,24.34918],[121.66312,24.35289],[121.66137,24.35302],[121.66123,24.3518],[121.66,24.35116],[121.65866,24.35129],[121.65664,24.35326],[121.65351,24.35219],[121.65364,24.35611],[121.65067,24.35986],[121.64945,24.35966],[121.64784,24.35773],[121.64809,24.35653],[121.65002,24.35488],[121.65071,24.35093],[121.65029,24.34951],[121.64875,24.34951],[121.64047,24.35717],[121.64036,24.3594],[121.63866,24.36092],[121.63833,24.36232],[121.63502,24.36372],[121.63499,24.36634],[121.63061,24.36642],[121.63186,24.36977],[121.63127,24.37049]]]]}},{"type":"Feature","properties":{"county_code":"10016","county_name":"澎湖縣","county_id":"X","county_eng":"Penghu County"},"geometry":{"type":"MultiPolygon","coordinates":[[[[119.44025,23.22137],[119.43014,23.22009],[119.42774,23.21909],[119.42244,23.21899],[119.41972,23.21743],[119.41473,23.21731],[119.41523,23.21658],[119.41449,23.21525],[119.41265,23.21634],[119.41365,23.21584],[119.4132,23.21525],[119.41423,23.21536],[119.41274,23.21418],[119.41182,23.21446],[119.41229,23.21574],[119.41169,23.21453],[119.41155,23.21611],[119.41041,23.21683],[119.41019,23.21595],[119.4095,23.21629],[119.41047,23.21409],[119.40981,23.21394],[119.41139,23.21155],[119.41226,23.21178],[119.41212,23.21098],[119.41374,23.21038],[119.41475,23.20887],[119.41594,23.20904],[119.4164,23.20611],[119.41843,23.20566],[119.42062,23.20332],[119.42049,23.19815],[119.41573,23.19377],[119.41715,23.19309],[119.41627,23.19395],[119.41784,23.19536],[119.41929,23.19457],[119.41873,23.19545],[119.42174,23.19607],[119.42111,23.19549],[119.4217,23.19448],[119.42092,23.19433],[119.4207,23.19564],[119.42079,23.19401],[119.42159,23.19404],[119.42162,23.19336],[119.4202,23.19331],[119.42016,23.19442],[119.42002,23.19334],[119.41792,23.1934],[119.42168,23.19271],[119.42148,23.1913],[119.42218,23.19065],[119.42317,23.19177],[119.42705,23.18994],[119.42954,23.18788],[119.42933,23.18685],[119.43046,23.18659],[119.43176,23.18993],[119.43025,23.19216],[119.43121,23.19255],[119.42911,23.19351],[119.42933,23.1942],[119.43034,23.19382],[119.42934,23.19439],[119.42988,23.19678],[119.43292,23.19779],[119.43248,23.19954],[119.43387,23.19943],[119.43616,23.20192],[119.4429,23.20042],[119.44282,23.20478],[119.44343,23.20464],[119.44192,23.20611],[119.44262,23.20602],[119.44219,23.20703],[119.4432,23.20842],[119.44415,23.20763],[119.44296,23.20893],[119.44366,23.21403],[119.44658,23.21709],[119.44798,23.22009],[119.44692,23.2204],[119.4472,23.2195],[119.44642,23.22066],[119.44025,23.22137]]],[[[119.49769,23.23271],[119.49709,23.23248],[119.49784,23.2316],[119.49893,23.23184],[119.49769,23.23271]]],[[[119.52018,23.2349],[119.51971,23.23518],[119.51973,23.23424],[119.52065,23.23374],[119.52098,23.2345],[119.52018,23.2349]]],[[[119.54884,23.23593],[119.54772,23.23631],[119.54626,23.23529],[119.54815,23.23504],[119.54884,23.23593]]],[[[119.55123,23.24215],[119.55072,23.24221],[119.55087,23.24191],[119.55123,23.24215]]],[[[119.55063,23.24333],[119.54923,23.24254],[119.55043,23.24237],[119.55063,23.24333]]],[[[119.5513,23.24381],[119.55121,23.24417],[119.55108,23.24393],[119.5513,23.24381]]],[[[119.51993,23.25004],[119.51996,23.25059],[119.51957,23.25015],[119.51993,23.25004]]],[[[119.51901,23.25038],[119.51906,23.251],[119.51871,23.25062],[119.51901,23.25038]]],[[[119.51641,23.252],[119.51414,23.25161],[119.51516,23.25119],[119.51641,23.252]]],[[[119.51405,23.2525],[119.51418,23.2529],[119.51384,23.25268],[119.51405,23.2525]]],[[[119.61614,23.25372],[119.61493,23.25304],[119.61347,23.25364],[119.61208,23.2522],[119.60873,23.25142],[119.60868,23.24892],[119.61006,23.24813],[119.60976,23.24732],[119.61091,23.24617],[119.61387,23.2454],[119.6153,23.2441],[119.61738,23.24385],[119.61951,23.24543],[119.62179,23.24476],[119.62238,23.24524],[119.62148,23.24556],[119.6221,23.24572],[119.6219,23.24654],[119.61963,23.24871],[119.62109,23.25016],[119.62065,23.25146],[119.62138,23.25142],[119.62139,23.25294],[119.61614,23.25372]]],[[[119.51966,23.25379],[119.51781,23.25343],[119.51872,23.25232],[119.51974,23.25298],[119.51966,23.25379]]],[[[119.61825,23.2555],[119.61735,23.2552],[119.61857,23.25505],[119.61825,23.2555]]],[[[119.50251,23.25883],[119.50168,23.25845],[119.502,23.25781],[119.503,23.25801],[119.50251,23.25883]]],[[[119.67736,23.26407],[119.67407,23.26259],[119.6707,23.26335],[119.67054,23.26273],[119.66744,23.26193],[119.66618,23.26085],[119.66541,23.25861],[119.66593,23.25698],[119.66695,23.25637],[119.66676,23.2553],[119.66704,23.2558],[119.66784,23.25528],[119.66704,23.25492],[119.66754,23.25451],[119.66685,23.25295],[119.66652,23.25493],[119.66676,23.25237],[119.66457,23.25054],[119.66641,23.25034],[119.66596,23.24836],[119.66711,23.2494],[119.66934,23.24773],[119.66996,23.24578],[119.67088,23.24573],[119.67109,23.24389],[119.67228,23.24417],[119.67258,23.24621],[119.67424,23.24672],[119.67308,23.24792],[119.6741,23.24807],[119.67293,23.24887],[119.67269,23.25128],[119.67444,23.25189],[119.674,23.25304],[119.67791,23.25604],[119.67854,23.26033],[119.68008,23.26019],[119.67907,23.26164],[119.67913,23.26359],[119.67736,23.26407]]],[[[119.66093,23.26437],[119.65747,23.26328],[119.65765,23.26201],[119.65672,23.26098],[119.66003,23.25997],[119.66163,23.26293],[119.66093,23.26437]]],[[[119.51976,23.26463],[119.51857,23.26528],[119.51407,23.26232],[119.5143,23.26023],[119.51281,23.25748],[119.51003,23.25716],[119.51056,23.25647],[119.51204,23.25683],[119.51108,23.25654],[119.51136,23.25575],[119.50919,23.25672],[119.51167,23.25522],[119.51395,23.25589],[119.51645,23.25481],[119.51653,23.25708],[119.51906,23.25922],[119.51956,23.26077],[119.52207,23.26208],[119.5218,23.26447],[119.51976,23.26463]]],[[[119.5126,23.27214],[119.51088,23.27243],[119.51126,23.27209],[119.5126,23.27214]]],[[[119.50864,23.27294],[119.50786,23.27314],[119.508,23.27283],[119.50864,23.27294]]],[[[119.50674,23.27256],[119.50642,23.27331],[119.50591,23.27256],[119.50275,23.27271],[119.50465,23.2685],[119.51001,23.26726],[119.50962,23.26646],[119.5103,23.26719],[119.51116,23.26675],[119.51101,23.27074],[119.50986,23.27323],[119.50674,23.27256]]],[[[119.50285,23.27663],[119.5014,23.27554],[119.50424,23.27595],[119.50285,23.27663]]],[[[119.50147,23.27672],[119.50121,23.27638],[119.50173,23.2765],[119.50147,23.27672]]],[[[119.50064,23.28668],[119.50038,23.28704],[119.5002,23.28681],[119.50064,23.28668]]],[[[119.50143,23.29077],[119.50154,23.29016],[119.50056,23.29012],[119.50092,23.28903],[119.50243,23.28906],[119.50179,23.28969],[119.50289,23.2899],[119.50259,23.29049],[119.50143,23.29077]]],[[[119.50073,23.2911],[119.50043,23.29089],[119.50096,23.29074],[119.50073,23.2911]]],[[[119.34263,23.30512],[119.34246,23.30574],[119.34237,23.3055],[119.34263,23.30512]]],[[[119.34222,23.30717],[119.34192,23.30839],[119.34162,23.3082],[119.34222,23.30717]]],[[[119.33667,23.32236],[119.33592,23.32273],[119.33512,23.32186],[119.33495,23.31901],[119.33521,23.31767],[119.33711,23.31712],[119.33842,23.31803],[119.33712,23.31957],[119.33753,23.32145],[119.33667,23.32236]]],[[[119.32617,23.32424],[119.32612,23.32432],[119.32607,23.32421],[119.32617,23.32424]]],[[[119.32414,23.32454],[119.32328,23.32405],[119.32556,23.32389],[119.32414,23.32454]]],[[[119.32272,23.32452],[119.32255,23.32438],[119.32292,23.32427],[119.32272,23.32452]]],[[[119.33251,23.32443],[119.33247,23.32467],[119.33236,23.32452],[119.33251,23.32443]]],[[[119.32815,23.32493],[119.3282,23.32504],[119.32808,23.32497],[119.32815,23.32493]]],[[[119.32026,23.32604],[119.31985,23.32763],[119.31839,23.3246],[119.31956,23.32378],[119.32089,23.32469],[119.32109,23.32333],[119.32295,23.32385],[119.32026,23.32604]]],[[[119.55574,23.34801],[119.55542,23.34878],[119.55483,23.34831],[119.55574,23.34801]]],[[[119.465,23.34716],[119.46592,23.34864],[119.46469,23.34736],[119.465,23.34716]]],[[[119.54335,23.34879],[119.54354,23.34894],[119.54333,23.34902],[119.54335,23.34879]]],[[[119.53929,23.3505],[119.53754,23.34942],[119.53882,23.34918],[119.53998,23.35036],[119.53929,23.3505]]],[[[119.54132,23.35064],[119.54157,23.35116],[119.5413,23.35093],[119.54132,23.35064]]],[[[119.51984,23.3513],[119.51991,23.35154],[119.51974,23.35137],[119.51984,23.3513]]],[[[119.51972,23.35165],[119.51996,23.35196],[119.5196,23.35179],[119.51972,23.35165]]],[[[119.46858,23.35306],[119.4679,23.35338],[119.46712,23.35192],[119.46771,23.35195],[119.46765,23.3508],[119.46971,23.35295],[119.46858,23.35306]]],[[[119.46717,23.35372],[119.46697,23.35405],[119.46688,23.3538],[119.46717,23.35372]]],[[[119.46826,23.35489],[119.46818,23.35498],[119.46815,23.35487],[119.46826,23.35489]]],[[[119.52758,23.3552],[119.52739,23.35551],[119.52731,23.35535],[119.52758,23.3552]]],[[[119.46354,23.35499],[119.46351,23.35446],[119.46358,23.35557],[119.46354,23.35499]]],[[[119.46838,23.35533],[119.46822,23.3557],[119.46812,23.35547],[119.46838,23.35533]]],[[[119.4621,23.35598],[119.4602,23.35466],[119.46105,23.35465],[119.46064,23.3539],[119.46297,23.35498],[119.4621,23.35598]]],[[[119.51783,23.35632],[119.51798,23.35669],[119.51744,23.35652],[119.51783,23.35632]]],[[[119.4791,23.35922],[119.48033,23.35674],[119.4816,23.35618],[119.4791,23.35922]]],[[[119.53754,23.36195],[119.53766,23.36267],[119.53645,23.36334],[119.53557,23.36128],[119.53765,23.35993],[119.53781,23.36189],[119.53846,23.36183],[119.53754,23.36195]]],[[[119.55328,23.36378],[119.55237,23.36525],[119.5522,23.36382],[119.55328,23.36378]]],[[[119.55304,23.36683],[119.55229,23.36591],[119.55273,23.36614],[119.55304,23.36683]]],[[[119.53172,23.3744],[119.53124,23.37435],[119.5314,23.37399],[119.53172,23.3744]]],[[[119.52363,23.37486],[119.52301,23.37545],[119.52304,23.37443],[119.52454,23.37336],[119.52704,23.37335],[119.52566,23.37503],[119.52433,23.37436],[119.52363,23.37486]]],[[[119.53711,23.37527],[119.53614,23.37549],[119.536,23.37366],[119.53342,23.3732],[119.533,23.3724],[119.53126,23.37384],[119.53054,23.37173],[119.52927,23.37164],[119.52815,23.37287],[119.5271,23.37238],[119.52538,23.36998],[119.5268,23.371],[119.52765,23.36871],[119.52728,23.36826],[119.52654,23.36945],[119.52719,23.36821],[119.52648,23.36789],[119.52543,23.36972],[119.52635,23.36764],[119.52528,23.36661],[119.52336,23.36588],[119.52096,23.36709],[119.51958,23.36683],[119.51857,23.36409],[119.51977,23.36265],[119.5199,23.36349],[119.52133,23.36225],[119.52051,23.36125],[119.51958,23.36239],[119.52047,23.35994],[119.5213,23.36121],[119.52388,23.36061],[119.52471,23.35941],[119.52391,23.35756],[119.52525,23.35727],[119.52664,23.35968],[119.5257,23.36146],[119.52592,23.36281],[119.5271,23.36271],[119.52802,23.36456],[119.53154,23.36582],[119.53247,23.36691],[119.5375,23.36524],[119.54024,23.36625],[119.54147,23.3651],[119.54384,23.36498],[119.5435,23.36634],[119.54272,23.36649],[119.54327,23.36698],[119.54147,23.36756],[119.54199,23.36995],[119.54082,23.37272],[119.53765,23.37413],[119.53711,23.37527]]],[[[119.48804,23.37872],[119.48741,23.37888],[119.48737,23.37811],[119.48804,23.37872]]],[[[119.52736,23.37886],[119.52637,23.37941],[119.52882,23.37623],[119.52962,23.3765],[119.52927,23.37802],[119.52826,23.37777],[119.52782,23.37851],[119.52799,23.37937],[119.52736,23.37886]]],[[[119.51447,23.38407],[119.51349,23.38511],[119.51286,23.38477],[119.51297,23.38378],[119.51395,23.38389],[119.5121,23.38215],[119.51273,23.38102],[119.51433,23.38066],[119.51522,23.38162],[119.51406,23.3837],[119.51447,23.38407]]],[[[119.51314,23.39592],[119.51233,23.39552],[119.51407,23.3959],[119.51314,23.39592]]],[[[119.49372,23.39724],[119.49097,23.397],[119.48942,23.39469],[119.49296,23.39201],[119.49342,23.38883],[119.49595,23.38746],[119.49521,23.38469],[119.49362,23.38404],[119.49201,23.38197],[119.49281,23.38165],[119.49166,23.37951],[119.49383,23.37799],[119.49201,23.37541],[119.49354,23.37501],[119.49341,23.3722],[119.4934,23.37342],[119.49421,23.37387],[119.49474,23.37283],[119.49379,23.37276],[119.49486,23.3727],[119.49329,23.37049],[119.49464,23.36555],[119.48999,23.36139],[119.48997,23.36056],[119.4888,23.36019],[119.4901,23.35959],[119.48629,23.356],[119.49072,23.35304],[119.49692,23.35465],[119.49931,23.35423],[119.50298,23.35573],[119.50556,23.355],[119.50611,23.35304],[119.50826,23.35403],[119.51169,23.35346],[119.5131,23.35248],[119.5138,23.35357],[119.50966,23.35629],[119.50832,23.35848],[119.50828,23.36029],[119.50942,23.36089],[119.50834,23.36061],[119.50801,23.36303],[119.5089,23.36312],[119.50883,23.36181],[119.50951,23.36149],[119.50913,23.36328],[119.50802,23.36356],[119.50765,23.36466],[119.50973,23.36629],[119.51168,23.36556],[119.5127,23.36664],[119.5163,23.36785],[119.51583,23.3704],[119.51472,23.37058],[119.51656,23.37244],[119.51662,23.3735],[119.5146,23.37495],[119.51434,23.37276],[119.51344,23.37214],[119.51397,23.37104],[119.51109,23.37127],[119.51009,23.37037],[119.50862,23.37118],[119.50884,23.37294],[119.51046,23.37463],[119.51189,23.37474],[119.5134,23.37689],[119.51246,23.37703],[119.51159,23.37572],[119.50836,23.37679],[119.50904,23.37885],[119.50862,23.38176],[119.50823,23.38263],[119.50722,23.38226],[119.50678,23.38339],[119.50772,23.38523],[119.50751,23.39225],[119.50698,23.39177],[119.50664,23.39282],[119.50561,23.39276],[119.50624,23.39407],[119.50478,23.39488],[119.50407,23.39445],[119.50466,23.39424],[119.50397,23.39386],[119.50421,23.39174],[119.5022,23.39163],[119.50263,23.39036],[119.50154,23.38999],[119.50198,23.38937],[119.50096,23.38923],[119.50041,23.38978],[119.50126,23.3895],[119.50095,23.39006],[119.49907,23.38982],[119.49753,23.39059],[119.49811,23.39205],[119.49727,23.39411],[119.49666,23.39485],[119.49523,23.39464],[119.495,23.39698],[119.49372,23.39724]]],[[[119.31972,23.41168],[119.31865,23.41107],[119.31871,23.40773],[119.31805,23.40624],[119.31709,23.40602],[119.31748,23.40457],[119.31606,23.40442],[119.31533,23.40293],[119.31444,23.40275],[119.31458,23.40094],[119.3152,23.40074],[119.31471,23.39972],[119.31637,23.39685],[119.31612,23.39869],[119.31674,23.39901],[119.31695,23.39842],[119.31815,23.39862],[119.3169,23.3979],[119.31801,23.39759],[119.31829,23.39861],[119.3196,23.39795],[119.32204,23.39948],[119.32395,23.39885],[119.32722,23.40035],[119.32756,23.40296],[119.32941,23.40336],[119.32905,23.4042],[119.33069,23.40486],[119.32886,23.40711],[119.32489,23.40694],[119.32502,23.40835],[119.31972,23.41168]]],[[[119.54114,23.49604],[119.53759,23.49808],[119.53484,23.4959],[119.5293,23.49584],[119.5256,23.49274],[119.52071,23.49222],[119.52061,23.48999],[119.51813,23.48778],[119.51594,23.48827],[119.51768,23.48727],[119.51713,23.48652],[119.51599,23.48694],[119.51664,23.48797],[119.51544,23.48649],[119.51413,23.48701],[119.51367,23.48801],[119.51446,23.4876],[119.51446,23.48826],[119.5136,23.48835],[119.51274,23.49092],[119.51037,23.49147],[119.5095,23.49053],[119.50902,23.48506],[119.51172,23.483],[119.5143,23.48356],[119.51503,23.48467],[119.51726,23.48545],[119.52856,23.4866],[119.53686,23.49195],[119.54372,23.49381],[119.54349,23.49497],[119.54114,23.49604]]],[[[119.52051,23.51505],[119.52053,23.51424],[119.51922,23.51367],[119.52085,23.51398],[119.51968,23.51222],[119.51758,23.51266],[119.5191,23.51319],[119.51763,23.51368],[119.51709,23.51473],[119.51604,23.51465],[119.51594,23.51257],[119.51446,23.5094],[119.5196,23.50875],[119.52181,23.50969],[119.5218,23.51434],[119.52051,23.51505]]],[[[119.72558,23.53611],[119.72398,23.53491],[119.72698,23.53435],[119.72558,23.53611]]],[[[119.6615,23.54006],[119.65983,23.54005],[119.66102,23.53946],[119.6615,23.54006]]],[[[119.69817,23.54059],[119.6969,23.54064],[119.6973,23.53837],[119.69948,23.53892],[119.69817,23.54059]]],[[[119.53333,23.54168],[119.53009,23.54124],[119.53153,23.54086],[119.53152,23.53968],[119.53263,23.53872],[119.53341,23.53934],[119.53333,23.54168]]],[[[119.6597,23.54157],[119.65967,23.54253],[119.65901,23.54176],[119.6597,23.54157]]],[[[119.66095,23.54471],[119.65939,23.54434],[119.65948,23.54293],[119.66095,23.54471]]],[[[119.69006,23.54684],[119.68969,23.54753],[119.68943,23.54675],[119.69006,23.54684]]],[[[119.68625,23.54889],[119.68556,23.54927],[119.68519,23.54727],[119.68633,23.54802],[119.68625,23.54889]]],[[[119.70693,23.55412],[119.70685,23.55402],[119.70702,23.55409],[119.70693,23.55412]]],[[[119.54163,23.55424],[119.5413,23.55425],[119.54129,23.55411],[119.54163,23.55424]]],[[[119.7066,23.55476],[119.70643,23.55472],[119.70635,23.55458],[119.7066,23.55476]]],[[[119.54282,23.5549],[119.54138,23.55497],[119.54137,23.55296],[119.5432,23.55341],[119.54282,23.5549]]],[[[119.69699,23.55539],[119.69545,23.55546],[119.69689,23.55404],[119.69699,23.55539]]],[[[119.66059,23.55497],[119.66011,23.55569],[119.65975,23.5554],[119.66059,23.55497]]],[[[119.70641,23.55678],[119.70614,23.55646],[119.70674,23.55663],[119.70641,23.55678]]],[[[119.66275,23.55668],[119.66273,23.55746],[119.6624,23.55722],[119.66275,23.55668]]],[[[119.69553,23.55781],[119.69406,23.55731],[119.69604,23.55699],[119.69553,23.55781]]],[[[119.72534,23.55872],[119.72329,23.55868],[119.72274,23.55767],[119.72504,23.55718],[119.72534,23.55872]]],[[[119.66362,23.55869],[119.6629,23.55957],[119.66274,23.55854],[119.66409,23.55718],[119.66362,23.55869]]],[[[119.66151,23.55948],[119.6609,23.55878],[119.66181,23.55719],[119.66222,23.55799],[119.66151,23.55948]]],[[[119.66488,23.55991],[119.66411,23.55967],[119.6651,23.5569],[119.66488,23.55991]]],[[[119.68997,23.5628],[119.68888,23.56253],[119.68924,23.56253],[119.68997,23.5628]]],[[[119.69213,23.56389],[119.69071,23.56333],[119.69091,23.56126],[119.69243,23.56148],[119.69213,23.56389]]],[[[119.69344,23.56482],[119.69286,23.56446],[119.69369,23.56391],[119.69459,23.56425],[119.69344,23.56482]]],[[[119.54054,23.58051],[119.54023,23.5805],[119.54019,23.5802],[119.54054,23.58051]]],[[[119.59815,23.58705],[119.59616,23.58643],[119.59709,23.58606],[119.59815,23.58705]]],[[[119.48193,23.59416],[119.48119,23.59448],[119.48065,23.59375],[119.48193,23.59416]]],[[[119.55145,23.59421],[119.55167,23.59488],[119.55141,23.59441],[119.55145,23.59421]]],[[[119.58901,23.5964],[119.58753,23.59491],[119.58826,23.59479],[119.58901,23.5964]]],[[[119.69017,23.59825],[119.68943,23.59861],[119.69043,23.59652],[119.69104,23.59789],[119.69017,23.59825]]],[[[119.67883,23.59848],[119.67791,23.59828],[119.67933,23.59828],[119.67883,23.59848]]],[[[119.6757,23.60005],[119.67486,23.59942],[119.6752,23.59838],[119.67626,23.59944],[119.6757,23.60005]]],[[[119.6743,23.60278],[119.67419,23.60261],[119.67493,23.60245],[119.6743,23.60278]]],[[[119.67441,23.60532],[119.67372,23.60516],[119.67539,23.60448],[119.67195,23.60483],[119.67355,23.60322],[119.6729,23.602],[119.67422,23.6033],[119.67644,23.60262],[119.67551,23.60374],[119.67729,23.60406],[119.67711,23.60472],[119.67441,23.60532]]],[[[119.5643,23.60379],[119.5658,23.60558],[119.56517,23.60686],[119.56428,23.60636],[119.5643,23.60379]]],[[[119.61463,23.60704],[119.61435,23.60772],[119.61387,23.60695],[119.61463,23.60704]]],[[[119.59911,23.60814],[119.59833,23.6081],[119.59872,23.60773],[119.59911,23.60814]]],[[[119.58372,23.61094],[119.58438,23.61199],[119.58365,23.61181],[119.58372,23.61094]]],[[[119.57734,23.61071],[119.57822,23.61163],[119.57774,23.61248],[119.57734,23.61071]]],[[[119.70065,23.61555],[119.69999,23.61541],[119.70034,23.61508],[119.70065,23.61555]]],[[[119.70112,23.61595],[119.70129,23.61627],[119.70087,23.61623],[119.70112,23.61595]]],[[[119.69872,23.61729],[119.69763,23.61608],[119.69975,23.61568],[119.69872,23.61729]]],[[[119.70253,23.61755],[119.70166,23.61668],[119.70286,23.61665],[119.70253,23.61755]]],[[[119.69799,23.61919],[119.69758,23.61841],[119.69821,23.61793],[119.69799,23.61919]]],[[[119.6941,23.61972],[119.69419,23.61996],[119.694,23.61981],[119.6941,23.61972]]],[[[119.6964,23.62035],[119.6953,23.61891],[119.69624,23.61926],[119.6964,23.62035]]],[[[119.69983,23.62034],[119.6986,23.61847],[119.69922,23.61847],[119.69876,23.61726],[119.6998,23.61702],[119.70078,23.61758],[119.70125,23.61965],[119.69983,23.62034]]],[[[119.57082,23.61774],[119.56979,23.62147],[119.56859,23.62266],[119.56751,23.62205],[119.56776,23.62036],[119.56518,23.61922],[119.56782,23.61746],[119.56772,23.61656],[119.56839,23.61699],[119.56801,23.61759],[119.56982,23.61735],[119.56978,23.61667],[119.56813,23.61659],[119.56992,23.61652],[119.57082,23.61774]]],[[[119.69286,23.6229],[119.69292,23.62302],[119.6928,23.62295],[119.69286,23.6229]]],[[[119.52992,23.62432],[119.5293,23.62384],[119.52963,23.62298],[119.53122,23.6232],[119.52992,23.62432]]],[[[119.70985,23.62718],[119.70935,23.62704],[119.70945,23.6266],[119.70985,23.62718]]],[[[119.68607,23.62776],[119.68425,23.62733],[119.68423,23.62611],[119.68334,23.62693],[119.68385,23.62532],[119.68535,23.62479],[119.68561,23.62627],[119.68708,23.62612],[119.68607,23.62776]]],[[[119.55771,23.62835],[119.55732,23.62851],[119.5573,23.62826],[119.55771,23.62835]]],[[[119.55886,23.62997],[119.55879,23.6298],[119.55935,23.62976],[119.55886,23.62997]]],[[[119.6175,23.63004],[119.6175,23.63034],[119.61731,23.63019],[119.6175,23.63004]]],[[[119.55426,23.63115],[119.55365,23.63127],[119.55382,23.6311],[119.55426,23.63115]]],[[[119.6599,23.63165],[119.65902,23.63177],[119.65857,23.63023],[119.66028,23.63005],[119.66076,23.62897],[119.66211,23.62904],[119.66216,23.62987],[119.6599,23.63165]]],[[[119.60838,23.63731],[119.60803,23.63772],[119.60807,23.63753],[119.60838,23.63731]]],[[[119.6051,23.63891],[119.60491,23.6388],[119.60519,23.63884],[119.6051,23.63891]]],[[[119.54699,23.63875],[119.54693,23.63987],[119.5466,23.63953],[119.54699,23.63875]]],[[[119.58832,23.64069],[119.58734,23.64078],[119.58725,23.63957],[119.58795,23.6395],[119.58832,23.64069]]],[[[119.53898,23.64041],[119.53928,23.64077],[119.53883,23.6408],[119.53898,23.64041]]],[[[119.63134,23.64091],[119.63125,23.6408],[119.63167,23.64086],[119.63134,23.64091]]],[[[119.62998,23.64124],[119.62991,23.64066],[119.63073,23.64084],[119.62998,23.64124]]],[[[119.6961,23.6409],[119.69655,23.64173],[119.69626,23.64167],[119.6961,23.6409]]],[[[119.52932,23.64143],[119.52937,23.64213],[119.52908,23.64183],[119.52932,23.64143]]],[[[119.63047,23.64242],[119.63033,23.64235],[119.63044,23.6422],[119.63047,23.64242]]],[[[119.53935,23.64193],[119.53863,23.64243],[119.53822,23.64184],[119.53935,23.64193]]],[[[119.53899,23.6438],[119.53791,23.64369],[119.53871,23.64319],[119.53899,23.6438]]],[[[119.53177,23.64448],[119.53198,23.645],[119.53125,23.64494],[119.53086,23.64383],[119.53193,23.64365],[119.53237,23.64436],[119.53177,23.64448]]],[[[119.54362,23.64552],[119.54367,23.64702],[119.54325,23.64644],[119.54362,23.64552]]],[[[119.52468,23.64692],[119.52449,23.64775],[119.52398,23.6467],[119.52473,23.64638],[119.52468,23.64692]]],[[[119.54408,23.64759],[119.5442,23.64802],[119.54353,23.64806],[119.54408,23.64759]]],[[[119.58184,23.64897],[119.5811,23.64885],[119.58186,23.64836],[119.58184,23.64897]]],[[[119.54519,23.64874],[119.54531,23.64916],[119.54501,23.64886],[119.54519,23.64874]]],[[[119.5232,23.64876],[119.52374,23.64927],[119.52291,23.64915],[119.5232,23.64876]]],[[[119.54448,23.64857],[119.54467,23.65011],[119.54382,23.64951],[119.54448,23.64857]]],[[[119.52407,23.65013],[119.52375,23.64959],[119.52443,23.64959],[119.52407,23.65013]]],[[[119.54552,23.64981],[119.54532,23.6505],[119.54496,23.64986],[119.54552,23.64981]]],[[[119.52843,23.6512],[119.5284,23.65139],[119.5283,23.65124],[119.52843,23.6512]]],[[[119.63444,23.65148],[119.63328,23.65196],[119.6323,23.65141],[119.63162,23.64776],[119.62954,23.64678],[119.63179,23.64766],[119.63162,23.64584],[119.62966,23.6463],[119.63154,23.64575],[119.63065,23.64465],[119.6331,23.64652],[119.63311,23.64364],[119.63397,23.64292],[119.63415,23.64666],[119.63608,23.64766],[119.63686,23.65046],[119.63444,23.65148]]],[[[119.527,23.6518],[119.52685,23.65209],[119.5268,23.65197],[119.527,23.6518]]],[[[119.54752,23.65215],[119.54743,23.65229],[119.54738,23.65216],[119.54752,23.65215]]],[[[119.52603,23.65207],[119.52635,23.65244],[119.52581,23.65242],[119.52603,23.65207]]],[[[119.5497,23.65302],[119.54945,23.65327],[119.5494,23.65312],[119.5497,23.65302]]],[[[119.52789,23.65323],[119.52786,23.65335],[119.52774,23.65329],[119.52789,23.65323]]],[[[119.52632,23.65326],[119.52628,23.65344],[119.52624,23.65331],[119.52632,23.65326]]],[[[119.5265,23.6535],[119.52652,23.65358],[119.52645,23.65353],[119.5265,23.6535]]],[[[119.54909,23.6535],[119.54893,23.65338],[119.54922,23.65333],[119.54909,23.6535]]],[[[119.52613,23.65361],[119.52575,23.65353],[119.52596,23.65336],[119.52613,23.65361]]],[[[119.52729,23.65331],[119.52753,23.65371],[119.52716,23.65355],[119.52729,23.65331]]],[[[119.52723,23.65375],[119.52722,23.65382],[119.52717,23.65377],[119.52723,23.65375]]],[[[119.52706,23.6538],[119.52706,23.65393],[119.52701,23.65387],[119.52706,23.6538]]],[[[119.52738,23.65392],[119.52736,23.65406],[119.52731,23.65401],[119.52738,23.65392]]],[[[119.52683,23.65396],[119.52684,23.65407],[119.52677,23.65398],[119.52683,23.65396]]],[[[119.54918,23.65391],[119.5493,23.6541],[119.54895,23.65395],[119.54918,23.65391]]],[[[119.54807,23.65445],[119.54774,23.65332],[119.54886,23.65379],[119.54807,23.65445]]],[[[119.52545,23.65378],[119.52553,23.65443],[119.52523,23.65406],[119.52545,23.65378]]],[[[119.52508,23.65722],[119.52488,23.65608],[119.52628,23.65606],[119.52585,23.65502],[119.52687,23.65483],[119.52726,23.657],[119.52508,23.65722]]],[[[119.64144,23.66037],[119.63971,23.66025],[119.63824,23.65809],[119.63932,23.65929],[119.64542,23.66],[119.64144,23.66037]]],[[[119.54868,23.66384],[119.54859,23.66355],[119.54907,23.66297],[119.54868,23.66384]]],[[[119.55491,23.66872],[119.55495,23.66909],[119.55462,23.66888],[119.55491,23.66872]]],[[[119.55446,23.66909],[119.55443,23.66937],[119.5543,23.66943],[119.55446,23.66909]]],[[[119.66431,23.66957],[119.66438,23.67029],[119.66328,23.66806],[119.66374,23.66653],[119.66313,23.6666],[119.66183,23.66351],[119.65755,23.66257],[119.65474,23.66051],[119.65565,23.65926],[119.6564,23.6594],[119.65503,23.66049],[119.6557,23.66093],[119.65671,23.65972],[119.65845,23.66094],[119.65923,23.66016],[119.65819,23.65994],[119.65922,23.65906],[119.65713,23.65972],[119.65407,23.65681],[119.65745,23.65951],[119.66418,23.65871],[119.6647,23.65978],[119.66768,23.66051],[119.66568,23.66047],[119.66643,23.66207],[119.66528,23.66346],[119.66616,23.66416],[119.66531,23.66534],[119.666,23.6655],[119.66571,23.66689],[119.66696,23.66719],[119.6662,23.66792],[119.66736,23.66863],[119.66528,23.66895],[119.66535,23.66988],[119.66431,23.66957]]],[[[119.61231,23.67061],[119.61223,23.67111],[119.61216,23.67093],[119.61231,23.67061]]],[[[119.64346,23.67393],[119.64254,23.67365],[119.64307,23.67358],[119.64346,23.67393]]],[[[119.6451,23.67526],[119.64409,23.67565],[119.64386,23.67515],[119.6451,23.67526]]],[[[119.61892,23.67537],[119.6178,23.67584],[119.61623,23.67404],[119.6159,23.66854],[119.61649,23.67324],[119.61847,23.6733],[119.61421,23.66525],[119.61839,23.673],[119.61948,23.67351],[119.61956,23.67529],[119.61892,23.67537]]],[[[119.67099,23.67614],[119.66858,23.67346],[119.67072,23.67379],[119.67132,23.67468],[119.67271,23.67446],[119.67265,23.67561],[119.67099,23.67614]]],[[[119.55623,23.67661],[119.55439,23.67656],[119.55407,23.67551],[119.55476,23.67399],[119.55633,23.67341],[119.55686,23.67543],[119.55623,23.67661]]],[[[119.58429,23.67657],[119.58229,23.67752],[119.57871,23.67625],[119.57765,23.67438],[119.57192,23.67261],[119.57123,23.67156],[119.57041,23.67241],[119.56823,23.67248],[119.57037,23.67232],[119.57107,23.67153],[119.56969,23.67108],[119.57045,23.67092],[119.57024,23.67027],[119.56966,23.67181],[119.56948,23.67111],[119.5686,23.67208],[119.56498,23.67083],[119.5608,23.67073],[119.55519,23.66856],[119.55282,23.66582],[119.55256,23.66381],[119.55085,23.66278],[119.55206,23.66027],[119.55044,23.65905],[119.55014,23.65761],[119.55215,23.65949],[119.55399,23.65751],[119.55353,23.65697],[119.55131,23.65804],[119.55339,23.65678],[119.5403,23.64045],[119.53625,23.63948],[119.53555,23.63867],[119.532,23.63894],[119.53135,23.6405],[119.53189,23.63893],[119.52946,23.63995],[119.53128,23.64005],[119.52775,23.6405],[119.52532,23.64218],[119.52573,23.64394],[119.52262,23.64233],[119.51934,23.64447],[119.51952,23.64762],[119.5243,23.6513],[119.5241,23.65586],[119.52007,23.65557],[119.51791,23.65457],[119.51426,23.65556],[119.51352,23.65375],[119.51421,23.65203],[119.51491,23.65158],[119.51727,23.65233],[119.51825,23.65006],[119.51791,23.6492],[119.5194,23.64966],[119.51966,23.64816],[119.51813,23.64771],[119.51793,23.64901],[119.51561,23.64984],[119.51415,23.64763],[119.51367,23.64854],[119.51202,23.64836],[119.50904,23.63998],[119.50739,23.63819],[119.5075,23.63632],[119.50656,23.63559],[119.50493,23.63615],[119.50395,23.63559],[119.50215,23.63093],[119.50251,23.6278],[119.50434,23.62552],[119.50409,23.62379],[119.50166,23.6227],[119.49928,23.6201],[119.50021,23.61969],[119.49965,23.61952],[119.50082,23.61766],[119.50385,23.61611],[119.50431,23.61509],[119.50455,23.61625],[119.50382,23.6165],[119.5057,23.61739],[119.50508,23.61679],[119.5057,23.61643],[119.50481,23.61634],[119.50528,23.61536],[119.50732,23.6152],[119.50713,23.61449],[119.50894,23.61266],[119.50819,23.61074],[119.50447,23.60973],[119.50517,23.60915],[119.50447,23.60838],[119.50504,23.60775],[119.50264,23.60568],[119.5035,23.60537],[119.50316,23.60405],[119.50216,23.60386],[119.50221,23.60094],[119.50294,23.60087],[119.50242,23.59961],[119.50301,23.60049],[119.50382,23.59983],[119.50307,23.59961],[119.50352,23.59915],[119.50405,23.59966],[119.50444,23.59874],[119.50356,23.59869],[119.50449,23.59864],[119.50442,23.5973],[119.50195,23.596],[119.50075,23.59674],[119.49991,23.59535],[119.49837,23.59568],[119.49752,23.59687],[119.49817,23.60071],[119.49447,23.60046],[119.49379,23.60208],[119.49145,23.5986],[119.49403,23.59728],[119.49409,23.59607],[119.4903,23.59569],[119.48951,23.59427],[119.49222,23.59444],[119.49852,23.59297],[119.50214,23.59045],[119.50446,23.58736],[119.50458,23.58598],[119.50315,23.58607],[119.50425,23.58514],[119.50285,23.5806],[119.50337,23.57914],[119.50086,23.57624],[119.49916,23.57705],[119.49999,23.57621],[119.49967,23.57499],[119.50081,23.57593],[119.50027,23.57461],[119.49889,23.57423],[119.49916,23.57614],[119.49882,23.57472],[119.49707,23.57361],[119.49717,23.57224],[119.49184,23.56983],[119.48828,23.57026],[119.4883,23.57114],[119.485,23.5733],[119.48515,23.57402],[119.48339,23.57541],[119.48151,23.5749],[119.48129,23.57543],[119.47785,23.56895],[119.46953,23.56537],[119.46721,23.56129],[119.47219,23.55927],[119.47419,23.56009],[119.47651,23.55981],[119.47963,23.56263],[119.48087,23.56187],[119.48017,23.56294],[119.47899,23.56295],[119.48064,23.56441],[119.48307,23.56435],[119.48287,23.56356],[119.48078,23.56261],[119.48444,23.56389],[119.48972,23.56267],[119.49131,23.56338],[119.49207,23.56607],[119.49617,23.56814],[119.49944,23.56774],[119.50017,23.56653],[119.50056,23.56717],[119.50172,23.56674],[119.50113,23.56585],[119.49865,23.5661],[119.49994,23.56608],[119.50037,23.56533],[119.50194,23.56623],[119.50125,23.56736],[119.50934,23.56506],[119.5113,23.56372],[119.51622,23.5648],[119.51804,23.56731],[119.51501,23.56831],[119.51593,23.56928],[119.51465,23.56847],[119.51405,23.56923],[119.51584,23.56968],[119.51402,23.56943],[119.51313,23.57058],[119.51373,23.57288],[119.5152,23.57459],[119.51253,23.57565],[119.51327,23.57949],[119.51203,23.57952],[119.51203,23.58072],[119.5129,23.58082],[119.51202,23.58089],[119.51204,23.5819],[119.51304,23.58237],[119.51331,23.58149],[119.51331,23.5824],[119.51475,23.58244],[119.51327,23.58011],[119.51383,23.57994],[119.51613,23.58352],[119.51631,23.5854],[119.51227,23.59216],[119.51488,23.5947],[119.51707,23.59435],[119.51658,23.59328],[119.51743,23.59419],[119.51962,23.59453],[119.52312,23.60177],[119.52247,23.60363],[119.52296,23.60485],[119.51981,23.61088],[119.52095,23.61084],[119.52118,23.61186],[119.52009,23.61223],[119.52124,23.61258],[119.52176,23.61483],[119.51952,23.61868],[119.51955,23.61975],[119.52114,23.62079],[119.51951,23.62418],[119.5181,23.62536],[119.51817,23.62865],[119.51909,23.62844],[119.51873,23.62932],[119.52167,23.63127],[119.52229,23.63135],[119.52276,23.62908],[119.52299,23.63067],[119.52392,23.63016],[119.52335,23.63124],[119.52481,23.63066],[119.52298,23.62952],[119.52296,23.62878],[119.5246,23.63006],[119.53025,23.63019],[119.53191,23.63233],[119.53649,23.63366],[119.5364,23.63278],[119.53919,23.63223],[119.53737,23.63272],[119.53795,23.63332],[119.53741,23.63407],[119.53881,23.63327],[119.53828,23.63275],[119.53938,23.63265],[119.5389,23.63292],[119.5404,23.63443],[119.54073,23.63693],[119.54306,23.63794],[119.54293,23.63993],[119.54374,23.6408],[119.54158,23.64008],[119.54074,23.64062],[119.54213,23.6415],[119.54237,23.64309],[119.55398,23.65698],[119.55603,23.65549],[119.55406,23.65707],[119.55447,23.65751],[119.55557,23.65626],[119.55808,23.65572],[119.55629,23.65579],[119.55688,23.65548],[119.55596,23.65434],[119.55704,23.65544],[119.55863,23.65563],[119.56326,23.65139],[119.56495,23.65487],[119.56706,23.65604],[119.56656,23.65684],[119.5674,23.65988],[119.57104,23.66223],[119.57368,23.6627],[119.57777,23.66253],[119.57963,23.66138],[119.58098,23.66184],[119.58161,23.66084],[119.58086,23.65907],[119.5827,23.65804],[119.57982,23.65774],[119.57977,23.65709],[119.58071,23.65761],[119.58008,23.65725],[119.58074,23.65669],[119.57941,23.65636],[119.58179,23.65676],[119.58323,23.65548],[119.582,23.65407],[119.58242,23.65264],[119.58622,23.64978],[119.58701,23.64775],[119.58851,23.64715],[119.58875,23.64542],[119.58789,23.64407],[119.58908,23.64427],[119.59411,23.64119],[119.59579,23.63547],[119.59498,23.63249],[119.5907,23.62956],[119.59128,23.62803],[119.58916,23.62522],[119.58941,23.62364],[119.5885,23.62267],[119.58969,23.62226],[119.59168,23.62416],[119.59555,23.62465],[119.59639,23.62429],[119.59556,23.62371],[119.5962,23.6235],[119.59655,23.62428],[119.59851,23.62334],[119.6,23.62037],[119.60189,23.62396],[119.60452,23.625],[119.60546,23.62008],[119.60225,23.61721],[119.59734,23.61742],[119.59731,23.6159],[119.60128,23.61307],[119.60053,23.61167],[119.60103,23.61141],[119.60127,23.6126],[119.60249,23.61211],[119.6016,23.6117],[119.60198,23.61093],[119.60084,23.61121],[119.60207,23.61074],[119.60244,23.61156],[119.603,23.61098],[119.60253,23.61172],[119.60313,23.6119],[119.60298,23.61076],[119.6039,23.61101],[119.60334,23.61017],[119.60435,23.60907],[119.60564,23.60975],[119.60531,23.6107],[119.60702,23.60999],[119.60964,23.61037],[119.61236,23.60544],[119.61083,23.60478],[119.61067,23.60573],[119.60579,23.60557],[119.6057,23.60254],[119.60308,23.60097],[119.60382,23.5996],[119.60322,23.59849],[119.60433,23.59771],[119.60453,23.59612],[119.60662,23.59601],[119.60573,23.59426],[119.60627,23.59482],[119.6077,23.59371],[119.60736,23.59318],[119.60612,23.59396],[119.60758,23.59299],[119.60714,23.58836],[119.60612,23.58695],[119.60726,23.58598],[119.60655,23.58521],[119.60066,23.58472],[119.59842,23.58281],[119.59971,23.58058],[119.59882,23.58046],[119.59906,23.57902],[119.59805,23.57874],[119.59936,23.57835],[119.59834,23.57822],[119.59933,23.57785],[119.59938,23.57695],[119.59871,23.57753],[119.59748,23.57695],[119.60212,23.57707],[119.60015,23.57659],[119.60047,23.57562],[119.59963,23.57658],[119.60025,23.57565],[119.59883,23.57583],[119.59784,23.57488],[119.59688,23.57034],[119.59727,23.56899],[119.59392,23.57044],[119.59411,23.57482],[119.5911,23.57451],[119.58986,23.57228],[119.58742,23.57194],[119.58702,23.57119],[119.58712,23.57227],[119.58555,23.57356],[119.5856,23.57604],[119.58877,23.57862],[119.58905,23.57985],[119.58847,23.58079],[119.58793,23.57881],[119.58663,23.57828],[119.58273,23.57982],[119.58297,23.58045],[119.58553,23.58009],[119.58299,23.58056],[119.58321,23.58118],[119.58571,23.58024],[119.58327,23.58141],[119.5824,23.58302],[119.58342,23.58317],[119.58347,23.58442],[119.5854,23.58571],[119.58375,23.58487],[119.58592,23.58626],[119.58618,23.58781],[119.58549,23.58908],[119.5845,23.58862],[119.58333,23.58936],[119.5844,23.58943],[119.58285,23.59088],[119.58386,23.59158],[119.58434,23.59374],[119.58336,23.59425],[119.58184,23.59367],[119.58172,23.59211],[119.58262,23.59176],[119.58179,23.59009],[119.5801,23.58963],[119.57867,23.58782],[119.57627,23.58749],[119.57709,23.58628],[119.57468,23.58495],[119.57249,23.58568],[119.5719,23.58464],[119.57214,23.58573],[119.5711,23.58593],[119.57197,23.58571],[119.57178,23.58485],[119.56995,23.58522],[119.57071,23.58579],[119.56674,23.5847],[119.56675,23.58526],[119.5658,23.58475],[119.56588,23.58558],[119.56418,23.58584],[119.56166,23.58506],[119.56195,23.58375],[119.56654,23.5779],[119.56741,23.57495],[119.56637,23.57346],[119.55993,23.57036],[119.56046,23.56565],[119.55975,23.56415],[119.55573,23.56325],[119.55817,23.5607],[119.55957,23.56095],[119.55963,23.56186],[119.55975,23.56101],[119.56097,23.56118],[119.55983,23.56111],[119.55972,23.56206],[119.5607,23.56163],[119.56099,23.56223],[119.56124,23.56154],[119.56154,23.56261],[119.56233,23.56188],[119.56477,23.56267],[119.56456,23.5615],[119.56496,23.56262],[119.56702,23.56274],[119.569,23.56466],[119.56976,23.56399],[119.56759,23.56247],[119.56823,23.56209],[119.57129,23.56509],[119.57014,23.56431],[119.56887,23.56532],[119.56947,23.56591],[119.57033,23.56521],[119.56963,23.56604],[119.57026,23.56663],[119.57187,23.56516],[119.57429,23.56797],[119.57519,23.56724],[119.57493,23.56658],[119.57543,23.56705],[119.57609,23.56643],[119.57482,23.5652],[119.57555,23.56459],[119.57683,23.56581],[119.57776,23.56499],[119.57727,23.56436],[119.57812,23.56468],[119.57954,23.5634],[119.57916,23.56291],[119.57843,23.56353],[119.57899,23.56276],[119.57844,23.5622],[119.5766,23.56375],[119.57819,23.5619],[119.57683,23.56055],[119.57342,23.5636],[119.57235,23.56315],[119.57514,23.56114],[119.5742,23.55991],[119.57464,23.56036],[119.57744,23.55866],[119.57628,23.55702],[119.5735,23.55869],[119.57373,23.55926],[119.57276,23.55932],[119.57342,23.55882],[119.57298,23.55805],[119.5721,23.55843],[119.57571,23.55487],[119.57354,23.55451],[119.57118,23.55287],[119.56831,23.5528],[119.56753,23.55481],[119.56395,23.5563],[119.5629,23.55773],[119.56188,23.55694],[119.56267,23.55696],[119.5625,23.55548],[119.56104,23.55483],[119.56238,23.55333],[119.56199,23.55252],[119.56555,23.55266],[119.56527,23.55162],[119.56395,23.55202],[119.56294,23.55143],[119.56225,23.54861],[119.56301,23.54986],[119.56506,23.54919],[119.56478,23.5478],[119.56606,23.55001],[119.56815,23.54986],[119.56804,23.55113],[119.56905,23.5513],[119.56967,23.551],[119.56864,23.54842],[119.57232,23.54913],[119.57326,23.54531],[119.57315,23.5463],[119.57443,23.54732],[119.57631,23.54739],[119.58133,23.54975],[119.582,23.54874],[119.58373,23.54837],[119.585,23.54971],[119.58662,23.54966],[119.58717,23.55076],[119.58804,23.55045],[119.587,23.55091],[119.58749,23.55195],[119.58877,23.5514],[119.58849,23.55001],[119.58898,23.55143],[119.59104,23.55227],[119.59117,23.55104],[119.59041,23.55078],[119.59107,23.54979],[119.59101,23.55249],[119.59213,23.55276],[119.59281,23.55121],[119.59144,23.55129],[119.59301,23.55104],[119.59349,23.5499],[119.59541,23.55025],[119.59439,23.54843],[119.59563,23.54906],[119.59585,23.54812],[119.59594,23.54967],[119.59839,23.55002],[119.59838,23.54927],[119.59956,23.55028],[119.60225,23.54787],[119.6041,23.54835],[119.60405,23.54777],[119.60244,23.54779],[119.6021,23.54635],[119.60011,23.54535],[119.60044,23.54342],[119.60312,23.54035],[119.60045,23.54015],[119.5994,23.53841],[119.59628,23.53946],[119.59513,23.53821],[119.5949,23.53686],[119.59723,23.53281],[119.59566,23.53253],[119.59768,23.53277],[119.59889,23.53185],[119.59937,23.53234],[119.59916,23.53103],[119.59977,23.53109],[119.5967,23.52865],[119.59589,23.52653],[119.59254,23.52791],[119.59303,23.52873],[119.59088,23.53056],[119.59074,23.53219],[119.59051,23.53079],[119.58854,23.53063],[119.58766,23.53145],[119.58831,23.53117],[119.58758,23.53081],[119.58814,23.53003],[119.5864,23.52915],[119.58511,23.53199],[119.58272,23.5327],[119.58047,23.53144],[119.57977,23.52737],[119.58099,23.52825],[119.58132,23.52625],[119.57991,23.52578],[119.58033,23.52369],[119.57835,23.52362],[119.57918,23.52395],[119.57973,23.5231],[119.57856,23.52196],[119.57554,23.5212],[119.57589,23.51994],[119.57456,23.51965],[119.57348,23.52266],[119.57145,23.52525],[119.57446,23.52783],[119.57347,23.5278],[119.57288,23.52869],[119.57331,23.52774],[119.57213,23.5275],[119.57251,23.5284],[119.57182,23.52805],[119.57121,23.529],[119.57221,23.5295],[119.57272,23.52888],[119.57204,23.53002],[119.57349,23.52912],[119.57186,23.53084],[119.57187,23.53199],[119.56777,23.53121],[119.56647,23.53209],[119.56552,23.53471],[119.56442,23.53357],[119.56607,23.53161],[119.56462,23.52984],[119.56289,23.52931],[119.56277,23.5302],[119.56085,23.53083],[119.55978,23.52838],[119.56133,23.52739],[119.56112,23.52677],[119.55743,23.52673],[119.55502,23.52892],[119.55457,23.53142],[119.55727,23.53393],[119.55632,23.53534],[119.55694,23.53755],[119.55104,23.54065],[119.55137,23.54273],[119.55063,23.54013],[119.54977,23.54067],[119.55056,23.54101],[119.54998,23.54122],[119.55073,23.54212],[119.55015,23.54284],[119.5512,23.54304],[119.55088,23.54771],[119.55185,23.54842],[119.54794,23.55104],[119.54878,23.554],[119.54755,23.55341],[119.54631,23.5498],[119.54683,23.5489],[119.54536,23.54784],[119.54503,23.54621],[119.5436,23.54615],[119.54414,23.54679],[119.54346,23.54686],[119.54334,23.54629],[119.54233,23.54825],[119.54249,23.5455],[119.5404,23.54197],[119.54127,23.54237],[119.54145,23.54133],[119.54023,23.54149],[119.54145,23.54113],[119.54126,23.53877],[119.5439,23.5372],[119.5477,23.53952],[119.54946,23.53901],[119.5502,23.53691],[119.54955,23.53566],[119.54827,23.53539],[119.54829,23.53405],[119.54877,23.53324],[119.55174,23.53322],[119.5534,23.532],[119.55436,23.53006],[119.55353,23.52828],[119.55698,23.52347],[119.56094,23.524],[119.56283,23.5261],[119.56453,23.52628],[119.56743,23.52583],[119.57216,23.52247],[119.57402,23.51753],[119.57143,23.51439],[119.5707,23.51224],[119.57132,23.50938],[119.57284,23.50807],[119.57569,23.50737],[119.57887,23.50947],[119.58429,23.50921],[119.58715,23.51106],[119.58794,23.51069],[119.58895,23.51146],[119.58863,23.51222],[119.59022,23.51283],[119.59551,23.51251],[119.5956,23.51142],[119.59705,23.51064],[119.59599,23.51234],[119.59665,23.51379],[119.59782,23.51421],[119.59814,23.51343],[119.59705,23.51328],[119.59678,23.51224],[119.59719,23.51172],[119.59754,23.51231],[119.59778,23.51142],[119.59831,23.51179],[119.59755,23.51027],[119.59872,23.51179],[119.60061,23.511],[119.60165,23.50945],[119.60476,23.5092],[119.60626,23.50782],[119.60742,23.50801],[119.60799,23.50902],[119.60793,23.51257],[119.60555,23.51652],[119.61161,23.51884],[119.61082,23.51978],[119.61176,23.52185],[119.61072,23.52287],[119.60642,23.52215],[119.60514,23.52401],[119.60595,23.52477],[119.60445,23.52514],[119.60464,23.5258],[119.60567,23.52549],[119.60472,23.52604],[119.60547,23.52712],[119.60706,23.52528],[119.60505,23.52775],[119.60557,23.52863],[119.6071,23.52975],[119.60916,23.53],[119.60961,23.53211],[119.61069,23.53311],[119.61169,23.53272],[119.61233,23.53601],[119.61428,23.53801],[119.61682,23.53891],[119.6184,23.53881],[119.61965,23.53769],[119.62146,23.53808],[119.62086,23.54207],[119.62362,23.54384],[119.62491,23.54305],[119.62359,23.54415],[119.62406,23.54464],[119.62524,23.5443],[119.62479,23.54247],[119.62543,23.54277],[119.62489,23.54481],[119.62756,23.54577],[119.62913,23.54763],[119.63139,23.54773],[119.63197,23.54604],[119.63504,23.54673],[119.63467,23.55119],[119.63777,23.55289],[119.64094,23.55172],[119.63869,23.55282],[119.63875,23.55431],[119.6406,23.55719],[119.64403,23.55956],[119.64663,23.56054],[119.65393,23.5608],[119.66252,23.56011],[119.66658,23.56139],[119.66693,23.55871],[119.66954,23.55643],[119.67092,23.557],[119.6696,23.55675],[119.66814,23.55807],[119.66818,23.55983],[119.66892,23.55989],[119.66811,23.56092],[119.66966,23.56079],[119.66751,23.56119],[119.66753,23.56199],[119.66856,23.56152],[119.66924,23.56207],[119.66935,23.56101],[119.67195,23.56143],[119.67191,23.55941],[119.6729,23.55939],[119.67292,23.5603],[119.67437,23.56027],[119.67458,23.55884],[119.67478,23.56029],[119.67606,23.55973],[119.67649,23.55852],[119.67546,23.55833],[119.6757,23.55731],[119.67665,23.55805],[119.67619,23.55711],[119.67698,23.5569],[119.67578,23.55697],[119.67586,23.55644],[119.67523,23.55644],[119.67502,23.55809],[119.67191,23.55807],[119.67441,23.55786],[119.67516,23.55567],[119.67429,23.55448],[119.67542,23.55237],[119.67791,23.55137],[119.68054,23.55191],[119.68231,23.55346],[119.68511,23.55273],[119.68828,23.55469],[119.68986,23.5541],[119.69357,23.55516],[119.69598,23.55383],[119.69457,23.5546],[119.69372,23.55635],[119.69418,23.55665],[119.69272,23.55853],[119.69328,23.55963],[119.69341,23.55893],[119.69441,23.55938],[119.69434,23.56035],[119.68701,23.56204],[119.68311,23.56564],[119.68306,23.57006],[119.67998,23.57466],[119.68201,23.57659],[119.68073,23.57671],[119.68063,23.57762],[119.68161,23.57753],[119.68064,23.57776],[119.68082,23.57828],[119.68171,23.5782],[119.68259,23.57641],[119.68115,23.57993],[119.68119,23.5821],[119.68264,23.58392],[119.6804,23.58543],[119.6759,23.59379],[119.67206,23.59791],[119.67156,23.59905],[119.67215,23.60107],[119.66928,23.60172],[119.66814,23.60068],[119.66922,23.59921],[119.66773,23.59687],[119.66837,23.59805],[119.66952,23.5972],[119.66849,23.59679],[119.66987,23.59658],[119.66917,23.5958],[119.66767,23.59651],[119.66683,23.59582],[119.66843,23.59567],[119.66673,23.59514],[119.66915,23.5949],[119.66939,23.59351],[119.668,23.59123],[119.66378,23.59055],[119.6602,23.59162],[119.65965,23.59376],[119.66211,23.5944],[119.66079,23.59439],[119.66013,23.59534],[119.66109,23.5948],[119.66115,23.59565],[119.662,23.59576],[119.66243,23.59439],[119.66612,23.59548],[119.66276,23.59478],[119.66237,23.59637],[119.66082,23.59606],[119.65646,23.59833],[119.65533,23.60005],[119.65532,23.59854],[119.65441,23.60048],[119.65509,23.60047],[119.65514,23.60156],[119.65657,23.60225],[119.65742,23.60386],[119.65717,23.60647],[119.65483,23.60888],[119.65107,23.60985],[119.65012,23.60951],[119.6498,23.60837],[119.64655,23.60677],[119.6476,23.60609],[119.65023,23.60802],[119.65082,23.60759],[119.65008,23.6038],[119.64645,23.60265],[119.64813,23.60263],[119.64687,23.60193],[119.6474,23.60167],[119.6465,23.59993],[119.64687,23.59678],[119.64411,23.59612],[119.64359,23.5951],[119.64843,23.59391],[119.64349,23.59483],[119.64278,23.59332],[119.64185,23.59035],[119.64461,23.58917],[119.6433,23.58831],[119.64366,23.58769],[119.641,23.58785],[119.64053,23.5866],[119.63961,23.5874],[119.63962,23.58819],[119.64135,23.58884],[119.63771,23.59156],[119.64015,23.59389],[119.64138,23.59648],[119.63999,23.59826],[119.64138,23.59865],[119.63737,23.59899],[119.63697,23.59735],[119.63419,23.59642],[119.63298,23.59544],[119.63309,23.59456],[119.63168,23.59394],[119.63314,23.59398],[119.63262,23.59354],[119.63331,23.59299],[119.63197,23.5934],[119.63361,23.59283],[119.63435,23.59083],[119.63396,23.5892],[119.63273,23.58838],[119.6318,23.58311],[119.62964,23.58199],[119.62882,23.58027],[119.62426,23.58038],[119.62567,23.58256],[119.62687,23.58294],[119.62649,23.58387],[119.62734,23.58384],[119.62393,23.58709],[119.62496,23.58912],[119.62462,23.59273],[119.62788,23.59569],[119.62723,23.59827],[119.62511,23.60043],[119.62582,23.60145],[119.62735,23.60112],[119.62685,23.60229],[119.62794,23.60397],[119.63033,23.60278],[119.63153,23.60401],[119.6303,23.60294],[119.62885,23.60366],[119.62997,23.60456],[119.62943,23.60347],[119.63025,23.60435],[119.63086,23.60392],[119.63082,23.60491],[119.63208,23.60435],[119.63028,23.6055],[119.63093,23.60741],[119.62886,23.60673],[119.62635,23.60814],[119.62731,23.6076],[119.62696,23.60672],[119.62614,23.60691],[119.62425,23.60776],[119.62574,23.60792],[119.62523,23.6088],[119.62657,23.60829],[119.62528,23.60899],[119.62291,23.60724],[119.6195,23.60688],[119.61947,23.60607],[119.62034,23.60663],[119.62047,23.60573],[119.61964,23.60554],[119.62095,23.60494],[119.62174,23.60313],[119.62087,23.60215],[119.61682,23.60103],[119.61598,23.60135],[119.61564,23.60358],[119.61709,23.6037],[119.61363,23.60421],[119.61476,23.60309],[119.61377,23.60382],[119.61465,23.60295],[119.61321,23.60199],[119.6125,23.6068],[119.60987,23.61057],[119.61373,23.61404],[119.61348,23.62007],[119.60957,23.62083],[119.60716,23.62236],[119.60602,23.62081],[119.60471,23.62512],[119.60233,23.62852],[119.6039,23.62969],[119.60363,23.6308],[119.60461,23.6311],[119.60417,23.63165],[119.60953,23.63265],[119.61034,23.63569],[119.60899,23.63521],[119.60686,23.63662],[119.60466,23.63409],[119.60251,23.63365],[119.60075,23.6348],[119.60302,23.6374],[119.60172,23.638],[119.60274,23.63742],[119.60085,23.63518],[119.59923,23.63631],[119.59739,23.63961],[119.59761,23.64122],[119.60174,23.64253],[119.60243,23.64174],[119.60019,23.6452],[119.60088,23.64768],[119.60241,23.64724],[119.60075,23.64806],[119.602,23.64796],[119.60232,23.64891],[119.60374,23.64949],[119.60847,23.64891],[119.60964,23.6478],[119.60865,23.64854],[119.60898,23.64937],[119.61108,23.6474],[119.61021,23.6481],[119.61197,23.65007],[119.6117,23.65177],[119.6136,23.65292],[119.61227,23.65278],[119.60943,23.65466],[119.60638,23.65948],[119.60983,23.66359],[119.60701,23.6629],[119.60406,23.66404],[119.60457,23.66637],[119.60414,23.66477],[119.60291,23.66448],[119.60288,23.6665],[119.60381,23.66585],[119.60419,23.66694],[119.60299,23.66683],[119.60326,23.66769],[119.6048,23.66665],[119.60509,23.6672],[119.60331,23.66796],[119.60358,23.6689],[119.60522,23.66819],[119.60504,23.66762],[119.60548,23.66826],[119.60001,23.67118],[119.59987,23.67377],[119.59678,23.67441],[119.59455,23.67179],[119.59089,23.67177],[119.58746,23.67292],[119.5868,23.67456],[119.58429,23.67657]]],[[[119.65708,23.67865],[119.65738,23.67754],[119.6579,23.67644],[119.65708,23.67865]]],[[[119.66417,23.68238],[119.6635,23.682],[119.66438,23.68155],[119.6647,23.68262],[119.66417,23.68238]]],[[[119.66684,23.68286],[119.66614,23.68316],[119.66689,23.6825],[119.66635,23.68173],[119.66681,23.68047],[119.66552,23.68159],[119.66495,23.68122],[119.666,23.67853],[119.66472,23.67754],[119.66677,23.67633],[119.66786,23.67717],[119.66803,23.67604],[119.66944,23.67755],[119.66809,23.67875],[119.66842,23.68095],[119.66739,23.6813],[119.66804,23.68266],[119.66711,23.68193],[119.66684,23.68286]]],[[[119.66809,23.68301],[119.6678,23.68376],[119.66781,23.68315],[119.66809,23.68301]]],[[[119.65437,23.6844],[119.65436,23.68467],[119.65424,23.68448],[119.65437,23.6844]]],[[[119.65411,23.68452],[119.65421,23.68472],[119.65404,23.6846],[119.65411,23.68452]]],[[[119.6548,23.68462],[119.65495,23.68482],[119.65477,23.68476],[119.6548,23.68462]]],[[[119.65525,23.68475],[119.65521,23.68487],[119.65509,23.68474],[119.65525,23.68475]]],[[[119.65596,23.68484],[119.65603,23.68508],[119.65585,23.68497],[119.65596,23.68484]]],[[[119.65416,23.68501],[119.65422,23.68529],[119.65404,23.68511],[119.65416,23.68501]]],[[[119.6547,23.68524],[119.65454,23.68521],[119.65433,23.68492],[119.6547,23.68524]]],[[[119.62374,23.68529],[119.6227,23.68494],[119.62419,23.68494],[119.62374,23.68529]]],[[[119.65528,23.68515],[119.65488,23.68514],[119.65529,23.68496],[119.65528,23.68515]]],[[[119.62134,23.68637],[119.6208,23.68612],[119.6214,23.68541],[119.6219,23.68601],[119.62134,23.68637]]],[[[119.67001,23.68789],[119.67007,23.68835],[119.66983,23.6882],[119.67001,23.68789]]],[[[119.6546,23.68883],[119.65464,23.68858],[119.65503,23.68869],[119.6546,23.68883]]],[[[119.65187,23.68987],[119.65066,23.68987],[119.65164,23.68845],[119.65245,23.68901],[119.65187,23.68987]]],[[[119.67257,23.68971],[119.67244,23.69019],[119.67232,23.69004],[119.67257,23.68971]]],[[[119.67236,23.69036],[119.6723,23.69044],[119.67231,23.69039],[119.67236,23.69036]]],[[[119.67221,23.69045],[119.67212,23.69052],[119.67215,23.69048],[119.67221,23.69045]]],[[[119.55811,23.68982],[119.55786,23.69055],[119.55659,23.68946],[119.55812,23.68809],[119.55811,23.68982]]],[[[119.67074,23.69064],[119.67145,23.68854],[119.67061,23.68845],[119.67087,23.68741],[119.66955,23.68744],[119.67093,23.6847],[119.67018,23.68462],[119.67023,23.68378],[119.67157,23.68192],[119.67206,23.68362],[119.67106,23.68431],[119.67255,23.6861],[119.67165,23.68745],[119.6726,23.68887],[119.67166,23.69062],[119.67074,23.69064]]],[[[119.59567,23.69043],[119.59483,23.69107],[119.59538,23.69018],[119.59692,23.69033],[119.59567,23.69043]]],[[[119.67057,23.69153],[119.67046,23.69114],[119.67085,23.69081],[119.67057,23.69153]]],[[[119.55798,23.69154],[119.5577,23.69244],[119.55663,23.69114],[119.55782,23.6909],[119.55798,23.69154]]],[[[119.55962,23.69309],[119.55951,23.69322],[119.55945,23.69311],[119.55962,23.69309]]],[[[119.65183,23.69379],[119.64955,23.69316],[119.65041,23.69167],[119.6515,23.69233],[119.65171,23.69098],[119.65263,23.69072],[119.65327,23.69216],[119.65183,23.69379]]],[[[119.67102,23.69378],[119.66961,23.69295],[119.67055,23.69291],[119.67102,23.69378]]],[[[119.55967,23.69348],[119.55968,23.69427],[119.55926,23.69411],[119.55967,23.69348]]],[[[119.59422,23.69442],[119.59347,23.69433],[119.59493,23.69116],[119.59534,23.69359],[119.59422,23.69442]]],[[[119.56379,23.69539],[119.56328,23.69521],[119.56484,23.69363],[119.5656,23.69381],[119.56502,23.69527],[119.56379,23.69539]]],[[[119.5933,23.69599],[119.59279,23.69626],[119.59357,23.69491],[119.5933,23.69599]]],[[[119.60362,23.70641],[119.60334,23.70635],[119.60372,23.70621],[119.60362,23.70641]]],[[[119.61908,23.7086],[119.61863,23.7092],[119.61794,23.70875],[119.61908,23.7086]]],[[[119.6095,23.71043],[119.60871,23.71042],[119.60844,23.7102],[119.6095,23.71043]]],[[[119.55204,23.71025],[119.55167,23.71063],[119.55131,23.71048],[119.55204,23.71025]]],[[[119.58859,23.71056],[119.58807,23.70976],[119.58899,23.71004],[119.58859,23.71056]]],[[[119.61177,23.71106],[119.61169,23.7117],[119.61149,23.71089],[119.60985,23.71024],[119.60953,23.70893],[119.61044,23.7104],[119.61216,23.71096],[119.61269,23.7101],[119.61257,23.71125],[119.61177,23.71106]]],[[[119.5659,23.7123],[119.5655,23.71268],[119.56581,23.71116],[119.56683,23.71049],[119.5676,23.71243],[119.5659,23.7123]]],[[[119.61035,23.71301],[119.60986,23.71294],[119.61015,23.71256],[119.61035,23.71301]]],[[[119.61021,23.71353],[119.60957,23.71326],[119.61006,23.71315],[119.61021,23.71353]]],[[[119.6095,23.71343],[119.60933,23.71368],[119.60929,23.7135],[119.6095,23.71343]]],[[[119.60966,23.71066],[119.61018,23.71117],[119.60877,23.71369],[119.60696,23.71142],[119.60751,23.71067],[119.60966,23.71066]]],[[[119.61336,23.71541],[119.61245,23.71482],[119.61306,23.71469],[119.61336,23.71541]]],[[[119.61265,23.71567],[119.61179,23.71563],[119.61219,23.71512],[119.61265,23.71567]]],[[[119.61118,23.71627],[119.61056,23.71624],[119.61145,23.71545],[119.6119,23.7159],[119.61118,23.71627]]],[[[119.56619,23.7167],[119.56573,23.7174],[119.56573,23.71694],[119.56619,23.7167]]],[[[119.56545,23.7174],[119.56534,23.7178],[119.56516,23.71782],[119.56545,23.7174]]],[[[119.55212,23.72084],[119.55276,23.72196],[119.55093,23.72019],[119.55102,23.71901],[119.55329,23.71943],[119.55623,23.71712],[119.55504,23.71619],[119.55421,23.71651],[119.55608,23.71389],[119.55319,23.71157],[119.55526,23.70973],[119.55531,23.70864],[119.55861,23.71095],[119.55673,23.71517],[119.55812,23.71677],[119.55764,23.71829],[119.55884,23.71845],[119.55895,23.71995],[119.55817,23.71863],[119.55739,23.719],[119.55703,23.72067],[119.55495,23.72113],[119.55169,23.71971],[119.55212,23.72084]]],[[[119.55163,23.72268],[119.55124,23.72312],[119.55104,23.72288],[119.55163,23.72268]]],[[[119.60909,23.73156],[119.60901,23.73275],[119.60843,23.73208],[119.60909,23.73156]]],[[[119.61006,23.7313],[119.60951,23.7339],[119.60985,23.73136],[119.60894,23.73119],[119.61006,23.7313]]],[[[119.61341,23.73292],[119.61243,23.73403],[119.61246,23.73255],[119.61341,23.73292]]],[[[119.61217,23.73384],[119.61032,23.73345],[119.61139,23.73338],[119.61217,23.73384]]],[[[119.61195,23.73642],[119.61126,23.73514],[119.61183,23.73603],[119.61195,23.73642]]],[[[119.60918,23.73691],[119.60889,23.73808],[119.6092,23.7367],[119.6107,23.73772],[119.60918,23.73691]]],[[[119.62484,23.7483],[119.62467,23.74849],[119.62443,23.74835],[119.62484,23.7483]]],[[[119.62514,23.74863],[119.62484,23.7486],[119.62499,23.74831],[119.62514,23.74863]]],[[[119.62484,23.74875],[119.6247,23.749],[119.62469,23.74889],[119.62484,23.74875]]],[[[119.62477,23.74903],[119.62476,23.74924],[119.62464,23.7492],[119.62477,23.74903]]],[[[119.62451,23.74862],[119.62447,23.74928],[119.62423,23.74901],[119.62451,23.74862]]],[[[119.62552,23.74942],[119.62514,23.7493],[119.62539,23.74906],[119.62552,23.74942]]],[[[119.62481,23.75019],[119.62445,23.75023],[119.62421,23.74993],[119.62481,23.75019]]],[[[119.62465,23.75076],[119.62481,23.75104],[119.62457,23.75091],[119.62465,23.75076]]],[[[119.62422,23.751],[119.62412,23.75141],[119.62408,23.75108],[119.62422,23.751]]],[[[119.62458,23.75137],[119.62431,23.75162],[119.62427,23.75134],[119.62458,23.75137]]],[[[119.6247,23.75147],[119.625,23.75173],[119.6247,23.7517],[119.6247,23.75147]]],[[[119.6242,23.75162],[119.62427,23.7519],[119.62405,23.75165],[119.6242,23.75162]]],[[[119.62491,23.75202],[119.62473,23.752],[119.62506,23.75191],[119.62491,23.75202]]],[[[119.62404,23.75229],[119.6237,23.75229],[119.62378,23.75215],[119.62404,23.75229]]],[[[119.62517,23.75232],[119.62494,23.75223],[119.62509,23.75213],[119.62517,23.75232]]],[[[119.62324,23.75247],[119.62334,23.75272],[119.62313,23.7525],[119.62324,23.75247]]],[[[119.59735,23.75527],[119.5976,23.75443],[119.59901,23.754],[119.59735,23.75527]]],[[[119.6209,23.7548],[119.62073,23.75543],[119.62075,23.75518],[119.6209,23.7548]]],[[[119.62003,23.75579],[119.61983,23.75609],[119.61993,23.75555],[119.62003,23.75579]]],[[[119.60746,23.7572],[119.60698,23.75664],[119.60821,23.7572],[119.60746,23.7572]]],[[[119.60809,23.75865],[119.60751,23.75797],[119.60826,23.75796],[119.60809,23.75865]]],[[[119.61235,23.756],[119.61128,23.75878],[119.60974,23.75595],[119.60778,23.75527],[119.60828,23.75421],[119.60575,23.75334],[119.60564,23.75228],[119.60791,23.75237],[119.60692,23.75282],[119.60752,23.75375],[119.60869,23.75343],[119.60861,23.75247],[119.60581,23.75201],[119.60664,23.75182],[119.60386,23.74536],[119.60212,23.74375],[119.5974,23.74188],[119.59705,23.73984],[119.59596,23.73904],[119.59662,23.73889],[119.59584,23.73771],[119.59654,23.73656],[119.59861,23.73622],[119.60022,23.73476],[119.602,23.73017],[119.6014,23.72607],[119.60264,23.72537],[119.60398,23.72674],[119.60316,23.73144],[119.60475,23.73264],[119.60706,23.73755],[119.60991,23.73905],[119.61497,23.73744],[119.61434,23.73863],[119.61051,23.73956],[119.61082,23.74041],[119.61243,23.73991],[119.61088,23.74054],[119.61107,23.74105],[119.61242,23.74055],[119.61136,23.74148],[119.61308,23.74112],[119.61259,23.7405],[119.61383,23.74027],[119.61274,23.73982],[119.6137,23.73952],[119.61402,23.7402],[119.61487,23.73986],[119.61416,23.74065],[119.615,23.74066],[119.61545,23.73908],[119.61398,23.73941],[119.6155,23.73894],[119.61575,23.7376],[119.61546,23.74101],[119.61603,23.74171],[119.6186,23.74167],[119.61793,23.74081],[119.61963,23.74032],[119.61876,23.74112],[119.62016,23.74286],[119.62313,23.74277],[119.6238,23.74369],[119.6232,23.7438],[119.6231,23.7472],[119.62186,23.74814],[119.62191,23.74933],[119.62143,23.74835],[119.62078,23.7495],[119.61772,23.75114],[119.61249,23.75285],[119.61161,23.75395],[119.61235,23.756]]],[[[119.60691,23.75947],[119.60633,23.75951],[119.60657,23.75933],[119.60691,23.75947]]],[[[119.60734,23.76553],[119.60563,23.76532],[119.60759,23.76466],[119.60734,23.76553]]],[[[119.60512,23.76672],[119.60447,23.76621],[119.6053,23.76561],[119.60645,23.76628],[119.60512,23.76672]]],[[[119.60381,23.76673],[119.60409,23.76726],[119.60329,23.76685],[119.60381,23.76673]]],[[[119.60288,23.76701],[119.60274,23.76742],[119.60245,23.76697],[119.60288,23.76701]]],[[[119.58503,23.76778],[119.58477,23.76622],[119.58591,23.767],[119.58503,23.76778]]],[[[119.58764,23.76866],[119.58701,23.76854],[119.58738,23.76796],[119.58764,23.76866]]],[[[119.59358,23.77047],[119.59354,23.77067],[119.59318,23.77054],[119.59358,23.77047]]],[[[119.60799,23.7744],[119.608,23.77483],[119.60781,23.77475],[119.60799,23.7744]]],[[[119.60763,23.77516],[119.60731,23.77503],[119.60751,23.77481],[119.60763,23.77516]]],[[[119.60625,23.77567],[119.60536,23.77539],[119.60635,23.77547],[119.60601,23.77444],[119.60446,23.77329],[119.60525,23.77291],[119.60165,23.77051],[119.60185,23.76903],[119.59979,23.76972],[119.5988,23.76886],[119.59977,23.76785],[119.59849,23.76704],[119.59889,23.76578],[119.59649,23.76205],[119.59756,23.75783],[119.59926,23.75836],[119.60249,23.76733],[119.6074,23.77069],[119.60808,23.77326],[119.60645,23.77321],[119.60735,23.77374],[119.60625,23.77567]]],[[[119.61216,23.77594],[119.61151,23.77569],[119.61184,23.7757],[119.61216,23.77594]]],[[[119.6121,23.77674],[119.61164,23.77649],[119.61182,23.77616],[119.6121,23.77674]]],[[[119.61164,23.77734],[119.61112,23.77684],[119.61162,23.77683],[119.61164,23.77734]]],[[[119.61072,23.77762],[119.61034,23.77755],[119.61071,23.77722],[119.61072,23.77762]]],[[[119.61242,23.77759],[119.61233,23.77806],[119.612,23.77764],[119.61242,23.77759]]],[[[119.60749,23.77844],[119.60731,23.77841],[119.60762,23.77829],[119.60749,23.77844]]],[[[119.61398,23.77839],[119.61264,23.77809],[119.61243,23.77663],[119.61398,23.77839]]],[[[119.6123,23.77871],[119.61162,23.77852],[119.61153,23.77775],[119.6123,23.77871]]],[[[119.60778,23.77893],[119.60701,23.77864],[119.60797,23.77855],[119.60778,23.77893]]],[[[119.60786,23.7799],[119.60788,23.77951],[119.60813,23.77977],[119.60786,23.7799]]],[[[119.61151,23.78008],[119.61051,23.77893],[119.61095,23.77776],[119.61185,23.7789],[119.61186,23.77947],[119.61075,23.77883],[119.61151,23.78008]]],[[[119.611,23.78089],[119.60929,23.77892],[119.61176,23.78055],[119.61045,23.78032],[119.611,23.78089]]],[[[119.57723,23.78073],[119.57691,23.78116],[119.57674,23.77988],[119.5755,23.77962],[119.57547,23.7786],[119.57778,23.77907],[119.57723,23.78073]]],[[[119.60725,23.78182],[119.60749,23.78047],[119.60698,23.78095],[119.6066,23.78031],[119.60708,23.77933],[119.60819,23.7803],[119.60725,23.78182]]],[[[119.60519,23.78191],[119.60441,23.78176],[119.60431,23.78154],[119.60519,23.78191]]],[[[119.60655,23.78218],[119.60576,23.78168],[119.60631,23.78029],[119.60655,23.78218]]],[[[119.60694,23.7821],[119.60674,23.78207],[119.60689,23.78184],[119.60694,23.7821]]],[[[119.60604,23.7823],[119.6054,23.78227],[119.60573,23.78205],[119.60604,23.7823]]],[[[119.60463,23.78219],[119.60459,23.78275],[119.60415,23.78243],[119.60463,23.78219]]],[[[119.60577,23.78354],[119.60522,23.78336],[119.60538,23.78299],[119.60577,23.78354]]],[[[119.60721,23.78367],[119.60751,23.78283],[119.60647,23.78368],[119.60611,23.78251],[119.60677,23.78299],[119.60787,23.78177],[119.60834,23.78273],[119.60774,23.7832],[119.60827,23.78304],[119.60721,23.78367]]],[[[119.60307,23.78533],[119.60243,23.78514],[119.60286,23.78519],[119.60307,23.78533]]],[[[119.6027,23.78654],[119.60218,23.7861],[119.603,23.78584],[119.6027,23.78654]]],[[[119.60292,23.78702],[119.60252,23.78672],[119.60368,23.78667],[119.60292,23.78702]]],[[[119.60079,23.78759],[119.59988,23.78759],[119.60028,23.78711],[119.59843,23.78544],[119.60007,23.78497],[119.59964,23.78356],[119.60179,23.78644],[119.60079,23.78759]]],[[[119.60217,23.78869],[119.60161,23.78912],[119.60097,23.7884],[119.60163,23.78702],[119.60232,23.78729],[119.60192,23.7879],[119.60263,23.78778],[119.60217,23.78869]]],[[[119.59843,23.79238],[119.59811,23.79293],[119.59826,23.79237],[119.59843,23.79238]]],[[[119.59898,23.79398],[119.59712,23.79305],[119.59898,23.793],[119.59948,23.79335],[119.59837,23.7934],[119.59898,23.79398]]],[[[119.59714,23.79603],[119.5971,23.79565],[119.59764,23.79574],[119.59714,23.79603]]],[[[119.5968,23.79807],[119.59575,23.79789],[119.59583,23.79576],[119.59685,23.79625],[119.59667,23.79722],[119.59816,23.79533],[119.59931,23.7951],[119.5987,23.79454],[119.59917,23.79351],[119.60063,23.79428],[119.60021,23.79605],[119.59857,23.79614],[119.59854,23.797],[119.5968,23.79807]]],[[[119.5965,23.81014],[119.59365,23.81045],[119.59294,23.80944],[119.59529,23.80899],[119.5965,23.81014]]]]}},{"type":"Feature","properties":{"county_code":"10018","county_name":"新竹市","county_id":"O","county_eng":"Hsinchu City"},"geometry":{"type":"MultiPolygon","coordinates":[[[[120.92532,24.85478],[120.91837,24.85301],[120.91841,24.85377],[120.91817,24.85299],[120.91638,24.8528],[120.91296,24.85408],[120.91323,24.85192],[120.91675,24.84875],[120.91552,24.84581],[120.91575,24.84113],[120.91312,24.83656],[120.91076,24.83576],[120.90931,24.83423],[120.90832,24.83159],[120.90178,24.82206],[120.89694,24.80922],[120.89614,24.80082],[120.89226,24.79302],[120.8932,24.78078],[120.89136,24.77478],[120.89175,24.77326],[120.89267,24.77319],[120.89274,24.76932],[120.8948,24.76772],[120.89514,24.76558],[120.89675,24.76807],[120.89777,24.76468],[120.89319,24.76136],[120.88262,24.74647],[120.87776,24.74259],[120.87453,24.73832],[120.88103,24.73329],[120.88356,24.73453],[120.88479,24.73279],[120.88746,24.73387],[120.89103,24.73178],[120.89235,24.73316],[120.89361,24.73232],[120.89743,24.73347],[120.90586,24.74068],[120.9078,24.74107],[120.90866,24.74011],[120.90851,24.73651],[120.91206,24.73231],[120.91417,24.72706],[120.91379,24.72421],[120.91627,24.72153],[120.91366,24.71734],[120.91768,24.71622],[120.92058,24.71674],[120.92364,24.71455],[120.92511,24.71545],[120.92883,24.71529],[120.93023,24.71664],[120.93158,24.71427],[120.93542,24.7126],[120.93603,24.71469],[120.93862,24.71661],[120.93827,24.72147],[120.93927,24.72542],[120.93782,24.72725],[120.93895,24.72782],[120.938,24.72942],[120.93895,24.72976],[120.94061,24.72844],[120.94181,24.72856],[120.94232,24.73044],[120.93985,24.73275],[120.94168,24.73501],[120.94173,24.73717],[120.94316,24.73892],[120.94397,24.74405],[120.94587,24.74531],[120.9481,24.74523],[120.94892,24.74445],[120.95112,24.74452],[120.95398,24.74341],[120.95761,24.74535],[120.95747,24.74964],[120.95856,24.74922],[120.96145,24.75122],[120.9635,24.75552],[120.96434,24.75519],[120.96532,24.7562],[120.96632,24.75577],[120.9674,24.75647],[120.96754,24.7606],[120.96983,24.76516],[120.97099,24.76574],[120.97302,24.76422],[120.97442,24.765],[120.97494,24.76403],[120.97656,24.76441],[120.97712,24.76311],[120.97941,24.76329],[120.98196,24.76743],[120.98637,24.76839],[120.98837,24.76807],[120.98475,24.7759],[120.98583,24.77691],[120.98817,24.77742],[120.99028,24.77689],[120.99315,24.7806],[120.99915,24.77852],[121.00633,24.77442],[121.0097,24.77379],[121.01359,24.7709],[121.01701,24.76581],[121.01694,24.76487],[121.01824,24.76395],[121.02058,24.75661],[121.02777,24.75806],[121.03052,24.76115],[121.03262,24.7619],[121.03354,24.76389],[121.03306,24.76489],[121.02989,24.76647],[121.02926,24.7709],[121.03037,24.77204],[121.02815,24.77317],[121.02969,24.77701],[121.02765,24.77705],[121.02794,24.77881],[121.02614,24.77888],[121.02495,24.77999],[121.02674,24.78091],[121.02752,24.78271],[121.02305,24.7851],[121.02508,24.78624],[121.02432,24.78756],[121.02458,24.78907],[121.02334,24.79064],[121.0218,24.79045],[121.02061,24.7941],[121.02314,24.79605],[121.0206,24.79881],[121.02574,24.79908],[121.02131,24.80161],[121.0182,24.8073],[121.01513,24.80856],[121.00827,24.81622],[121.00038,24.82206],[120.99238,24.82353],[120.9879,24.82542],[120.98542,24.82939],[120.98308,24.83093],[120.98137,24.83122],[120.97797,24.82971],[120.97464,24.82996],[120.96786,24.83254],[120.96264,24.83255],[120.95528,24.83436],[120.94481,24.84107],[120.94315,24.84651],[120.94044,24.84996],[120.93566,24.85223],[120.93127,24.85262],[120.92532,24.85478]]]]}},{"type":"Feature","properties":{"county_code":"10004","county_name":"新竹縣","county_id":"J","county_eng":"Hsinchu County"},"geometry":{"type":"MultiPolygon","coordinates":[[[[121.03813,24.94638],[121.03076,24.9439],[121.02884,24.94515],[121.02579,24.94048],[121.02153,24.94141],[121.01936,24.94042],[121.0178,24.94177],[121.01578,24.94163],[121.01268,24.94315],[121.01193,24.9448],[121.00974,24.9442],[121.00706,24.94622],[121.00425,24.94313],[121.00292,24.94002],[120.99906,24.94092],[120.99419,24.93914],[120.9928,24.93728],[120.9924,24.93503],[120.99031,24.93566],[120.98738,24.93905],[120.98203,24.93998],[120.98107,24.93935],[120.96903,24.92737],[120.95888,24.90287],[120.95261,24.89538],[120.95173,24.89066],[120.94735,24.88383],[120.94654,24.87866],[120.94259,24.87153],[120.93351,24.86166],[120.92781,24.85954],[120.92694,24.85541],[120.92522,24.85481],[120.93127,24.85262],[120.93566,24.85223],[120.94044,24.84996],[120.94315,24.84651],[120.94481,24.84107],[120.95528,24.83436],[120.96264,24.83255],[120.96786,24.83254],[120.97464,24.82996],[120.97797,24.82971],[120.98137,24.83122],[120.98308,24.83093],[120.98542,24.82939],[120.9879,24.82542],[120.99238,24.82353],[121.00038,24.82206],[121.00827,24.81622],[121.01513,24.80856],[121.0182,24.8073],[121.02131,24.80161],[121.02574,24.79908],[121.0206,24.79881],[121.02314,24.79605],[121.02061,24.7941],[121.0218,24.79045],[121.02334,24.79064],[121.02458,24.78907],[121.02432,24.78756],[121.02508,24.78624],[121.02305,24.7851],[121.02752,24.78271],[121.02674,24.78091],[121.02495,24.77999],[121.02614,24.77888],[121.02794,24.77881],[121.02765,24.77705],[121.02969,24.77701],[121.02815,24.77317],[121.03037,24.77204],[121.02926,24.7709],[121.02989,24.76647],[121.03306,24.76489],[121.03344,24.76343],[121.03254,24.76182],[121.03052,24.76115],[121.02777,24.75806],[121.02058,24.75661],[121.01824,24.76395],[121.01694,24.76487],[121.01701,24.76581],[121.01359,24.7709],[121.0097,24.77379],[121.00633,24.77442],[120.99915,24.77852],[120.99315,24.7806],[120.99028,24.77689],[120.98817,24.77742],[120.98583,24.77691],[120.98475,24.7759],[120.98837,24.76807],[120.98637,24.76839],[120.98196,24.76743],[120.97941,24.76329],[120.97712,24.76311],[120.97656,24.76441],[120.97494,24.76403],[120.97442,24.765],[120.97302,24.76422],[120.97099,24.76574],[120.96983,24.76516],[120.96754,24.7606],[120.9674,24.75647],[120.96632,24.75577],[120.96532,24.7562],[120.96434,24.75519],[120.9635,24.75552],[120.96145,24.75122],[120.95856,24.74922],[120.95747,24.74964],[120.95761,24.74535],[120.95398,24.74341],[120.95112,24.74452],[120.94892,24.74445],[120.9481,24.74523],[120.94587,24.74531],[120.94397,24.74405],[120.94316,24.73892],[120.94173,24.73717],[120.94168,24.73501],[120.93985,24.73275],[120.94232,24.73044],[120.94181,24.72856],[120.94061,24.72844],[120.93895,24.72976],[120.938,24.72942],[120.93895,24.72782],[120.93782,24.72725],[120.93927,24.72542],[120.93827,24.72147],[120.93862,24.71661],[120.93603,24.71469],[120.93542,24.71252],[120.93853,24.70908],[120.94221,24.70731],[120.94511,24.7079],[120.94554,24.70987],[120.94816,24.71122],[120.94979,24.7112],[120.95091,24.70774],[120.95329,24.70607],[120.95282,24.7045],[120.9534,24.70404],[120.9551,24.70458],[120.95678,24.70657],[120.95934,24.70666],[120.96063,24.70906],[120.96223,24.70959],[120.96229,24.71088],[120.96337,24.71148],[120.96612,24.70964],[120.96858,24.71121],[120.97038,24.71089],[120.97164,24.71246],[120.97503,24.71101],[120.97582,24.7095],[120.97455,24.70857],[120.97665,24.70626],[120.97582,24.70494],[120.97246,24.70421],[120.97218,24.70336],[120.97362,24.70116],[120.97399,24.69694],[120.97187,24.69678],[120.97018,24.6941],[120.96637,24.69117],[120.96642,24.68917],[120.96516,24.68811],[120.96674,24.68611],[120.9644,24.68362],[120.96735,24.68444],[120.97057,24.68421],[120.97269,24.68586],[120.97556,24.68457],[120.97751,24.6783],[120.97648,24.67618],[120.97699,24.67368],[120.97931,24.67372],[120.98175,24.67178],[120.98319,24.66981],[120.98318,24.6672],[120.98532,24.66674],[120.98677,24.66377],[120.98908,24.66303],[120.99064,24.66479],[120.99063,24.66039],[120.99168,24.65954],[120.99508,24.6593],[120.99613,24.65802],[120.99551,24.65725],[120.99609,24.65549],[120.99723,24.65462],[121.00028,24.65477],[121.00401,24.65638],[121.00599,24.65526],[121.01027,24.65621],[121.01067,24.65233],[121.00875,24.65157],[121.00809,24.65044],[121.00895,24.64757],[121.0082,24.64432],[121.01059,24.64375],[121.01438,24.64085],[121.01847,24.64076],[121.0235,24.64182],[121.02543,24.64121],[121.02598,24.64],[121.02515,24.63782],[121.0259,24.63591],[121.03018,24.63246],[121.03321,24.63215],[121.03728,24.62964],[121.03905,24.62963],[121.04053,24.62697],[121.04338,24.62715],[121.04825,24.61984],[121.05168,24.61736],[121.05153,24.61516],[121.05331,24.61545],[121.05535,24.61789],[121.06233,24.62183],[121.06808,24.61487],[121.07331,24.61342],[121.07514,24.61199],[121.07608,24.60907],[121.07543,24.60424],[121.07635,24.60307],[121.08127,24.60057],[121.0828,24.59483],[121.08303,24.58976],[121.0795,24.5881],[121.07874,24.58375],[121.07525,24.58067],[121.07472,24.57673],[121.07267,24.57258],[121.07059,24.56336],[121.06797,24.56213],[121.06273,24.55746],[121.0614,24.56],[121.05842,24.56064],[121.0582,24.55791],[121.06219,24.55615],[121.06302,24.55489],[121.06999,24.55058],[121.07346,24.54942],[121.07623,24.5438],[121.08054,24.54096],[121.08004,24.53769],[121.0778,24.53424],[121.07867,24.53251],[121.0783,24.5289],[121.07217,24.52635],[121.06692,24.52255],[121.06668,24.52078],[121.06848,24.51659],[121.06931,24.50933],[121.0681,24.507],[121.07032,24.50608],[121.07211,24.50337],[121.07188,24.49838],[121.07543,24.49945],[121.07892,24.49907],[121.08555,24.50131],[121.09042,24.49786],[121.09807,24.49642],[121.10033,24.49823],[121.10246,24.49825],[121.10532,24.50061],[121.10893,24.50097],[121.11333,24.50647],[121.11696,24.50839],[121.12096,24.50842],[121.12332,24.51023],[121.12537,24.5085],[121.12766,24.50817],[121.12965,24.5067],[121.13699,24.50665],[121.14502,24.51192],[121.14608,24.50969],[121.15058,24.50609],[121.15502,24.5068],[121.16141,24.50358],[121.16913,24.50259],[121.17058,24.50412],[121.17468,24.50484],[121.17739,24.50744],[121.17941,24.50798],[121.18318,24.50793],[121.18671,24.50536],[121.19162,24.50747],[121.19542,24.50708],[121.20052,24.51146],[121.20649,24.51296],[121.20817,24.51163],[121.20973,24.51153],[121.21581,24.51552],[121.21761,24.5139],[121.21747,24.50965],[121.22364,24.50631],[121.22192,24.50482],[121.22096,24.50145],[121.21974,24.50077],[121.21867,24.49826],[121.2235,24.49439],[121.22878,24.49241],[121.22992,24.48891],[121.23343,24.48746],[121.23443,24.48802],[121.23471,24.48366],[121.24329,24.47729],[121.24442,24.46994],[121.24931,24.46587],[121.25796,24.46335],[121.25803,24.45746],[121.26263,24.45525],[121.26061,24.45141],[121.2611,24.44879],[121.26219,24.44803],[121.26088,24.44565],[121.26165,24.44422],[121.25893,24.44072],[121.25893,24.43804],[121.25997,24.43619],[121.25914,24.43089],[121.26003,24.42916],[121.2699,24.42738],[121.27106,24.42796],[121.27152,24.42975],[121.27848,24.42933],[121.28432,24.43058],[121.29275,24.43092],[121.29449,24.43247],[121.29675,24.43303],[121.3057,24.43265],[121.31003,24.43622],[121.31344,24.43707],[121.31746,24.44121],[121.32433,24.45762],[121.32645,24.46043],[121.32949,24.46255],[121.33087,24.46521],[121.33599,24.46737],[121.33563,24.47204],[121.34007,24.47485],[121.34283,24.48226],[121.34631,24.48466],[121.35073,24.48434],[121.35774,24.48661],[121.36189,24.49079],[121.36384,24.49496],[121.37125,24.49836],[121.37251,24.50212],[121.37335,24.5099],[121.37928,24.50953],[121.38356,24.51022],[121.38539,24.5138],[121.38511,24.51682],[121.38853,24.5178],[121.39061,24.52303],[121.39286,24.52446],[121.39771,24.52481],[121.40141,24.52886],[121.4015,24.53022],[121.39885,24.53255],[121.39845,24.53626],[121.39674,24.53982],[121.39876,24.5482],[121.39555,24.5528],[121.39467,24.55558],[121.39836,24.56046],[121.40125,24.56201],[121.4013,24.56469],[121.40358,24.56871],[121.40746,24.56993],[121.41225,24.57323],[121.41021,24.57939],[121.40455,24.58776],[121.40304,24.59171],[121.39573,24.58893],[121.39371,24.5871],[121.3872,24.58656],[121.38118,24.59037],[121.37278,24.59375],[121.37182,24.59701],[121.36692,24.59907],[121.36332,24.60313],[121.36417,24.60677],[121.36129,24.60988],[121.36131,24.61214],[121.35951,24.61377],[121.35881,24.61718],[121.36177,24.62066],[121.36305,24.62067],[121.36549,24.63067],[121.36641,24.63179],[121.36116,24.63375],[121.35781,24.63371],[121.35738,24.6376],[121.35592,24.64105],[121.35239,24.64354],[121.35301,24.64878],[121.35232,24.65405],[121.35352,24.65544],[121.35287,24.65643],[121.35381,24.65905],[121.35306,24.66039],[121.35351,24.6678],[121.35167,24.6661],[121.34898,24.66791],[121.34547,24.66644],[121.34366,24.6694],[121.3404,24.66644],[121.3392,24.66656],[121.3398,24.67187],[121.33857,24.67996],[121.32976,24.69097],[121.32416,24.69497],[121.32027,24.69579],[121.31873,24.69764],[121.31718,24.69814],[121.31284,24.69753],[121.3039,24.69292],[121.29983,24.69496],[121.29955,24.69659],[121.30226,24.70191],[121.30327,24.70839],[121.3064,24.71308],[121.30761,24.71991],[121.30539,24.726],[121.29866,24.73071],[121.29822,24.73224],[121.29825,24.73409],[121.30019,24.73772],[121.30112,24.74199],[121.30528,24.74628],[121.3051,24.7502],[121.30771,24.75498],[121.30413,24.75745],[121.30154,24.76301],[121.29418,24.76387],[121.29245,24.76773],[121.28754,24.76868],[121.28555,24.77008],[121.27716,24.77101],[121.27354,24.77459],[121.27129,24.77482],[121.27135,24.77727],[121.27059,24.77835],[121.26797,24.77993],[121.26602,24.77979],[121.26485,24.78138],[121.26,24.78196],[121.25848,24.78587],[121.26043,24.78792],[121.26117,24.78996],[121.26031,24.79322],[121.25955,24.79372],[121.2576,24.79283],[121.25317,24.79366],[121.24772,24.79672],[121.24662,24.80007],[121.24766,24.80139],[121.24743,24.80349],[121.24542,24.80696],[121.24343,24.80869],[121.24149,24.80629],[121.23824,24.80466],[121.22848,24.80291],[121.2216,24.79938],[121.22085,24.803],[121.21962,24.80408],[121.21993,24.80744],[121.21872,24.80865],[121.21958,24.81179],[121.21703,24.81242],[121.21489,24.81197],[121.20953,24.80948],[121.20804,24.80716],[121.20466,24.80725],[121.2029,24.81031],[121.20586,24.81265],[121.20314,24.81457],[121.20296,24.81614],[121.20224,24.81643],[121.20331,24.81732],[121.20079,24.81782],[121.19933,24.81613],[121.19974,24.8152],[121.19877,24.81496],[121.19651,24.81781],[121.1859,24.82382],[121.17683,24.82729],[121.17366,24.82771],[121.17618,24.83213],[121.16991,24.83481],[121.16879,24.83399],[121.16644,24.83621],[121.1601,24.83737],[121.15941,24.83868],[121.15641,24.84069],[121.15589,24.84212],[121.15474,24.8423],[121.15441,24.84406],[121.15003,24.84429],[121.15283,24.84617],[121.1536,24.84873],[121.15553,24.84992],[121.15594,24.85194],[121.15705,24.85244],[121.1563,24.85362],[121.1565,24.85591],[121.15808,24.85651],[121.15768,24.85696],[121.15907,24.85792],[121.16022,24.8578],[121.15924,24.85902],[121.16007,24.85846],[121.16138,24.85947],[121.15987,24.86244],[121.16078,24.86314],[121.15944,24.86873],[121.1562,24.87444],[121.15806,24.87461],[121.15788,24.87727],[121.15566,24.88071],[121.1522,24.88022],[121.14854,24.88125],[121.14465,24.88021],[121.14246,24.88174],[121.14114,24.88143],[121.13909,24.88244],[121.13675,24.88093],[121.13558,24.87799],[121.1333,24.87961],[121.12963,24.87969],[121.12814,24.88095],[121.12389,24.87994],[121.11633,24.88168],[121.11349,24.88256],[121.10777,24.88607],[121.10928,24.88747],[121.11102,24.89122],[121.11011,24.89608],[121.10907,24.89774],[121.10131,24.89515],[121.09127,24.89336],[121.08942,24.89538],[121.08344,24.89885],[121.08064,24.89835],[121.07383,24.89991],[121.0711,24.89948],[121.07054,24.90186],[121.06909,24.90278],[121.06245,24.9046],[121.0607,24.90366],[121.05829,24.90522],[121.05758,24.90597],[121.05917,24.90805],[121.05813,24.91035],[121.05823,24.9139],[121.06038,24.9184],[121.06086,24.9203],[121.06009,24.92068],[121.06095,24.92356],[121.05836,24.93008],[121.05756,24.93045],[121.05833,24.93238],[121.05765,24.93303],[121.05855,24.93516],[121.05833,24.93684],[121.05544,24.93624],[121.05162,24.9387],[121.05009,24.93871],[121.04815,24.93984],[121.048,24.9412],[121.0461,24.94265],[121.04628,24.94355],[121.04239,24.94416],[121.04054,24.94327],[121.03813,24.94638]]]]}},{"type":"Feature","properties":{"county_code":"10013","county_name":"屏東縣","county_id":"T","county_eng":"Pingtung County"},"geometry":{"type":"MultiPolygon","coordinates":[[[[120.82649,21.75615],[120.82674,21.75671],[120.82641,21.75661],[120.82649,21.75615]]],[[[120.82619,21.75698],[120.82641,21.75713],[120.82631,21.75723],[120.82619,21.75698]]],[[[120.82636,21.75748],[120.82649,21.75776],[120.82613,21.75783],[120.82636,21.75748]]],[[[120.8264,21.75808],[120.82645,21.75834],[120.82609,21.7582],[120.8264,21.75808]]],[[[120.82677,21.75869],[120.82688,21.75891],[120.82663,21.75876],[120.82677,21.75869]]],[[[120.82649,21.75868],[120.82644,21.7591],[120.82618,21.75888],[120.82649,21.75868]]],[[[120.82644,21.75945],[120.82659,21.75995],[120.82618,21.75974],[120.82644,21.75945]]],[[[120.82656,21.76049],[120.82626,21.76029],[120.8266,21.76018],[120.82656,21.76049]]],[[[120.37965,22.35599],[120.37697,22.35573],[120.37207,22.3532],[120.36743,22.35212],[120.36112,22.34652],[120.36111,22.34536],[120.36293,22.34409],[120.36324,22.34003],[120.36128,22.33801],[120.36035,22.33471],[120.35362,22.32942],[120.35319,22.325],[120.35466,22.32326],[120.35894,22.32221],[120.36313,22.32359],[120.36737,22.32631],[120.3715,22.33113],[120.37552,22.33359],[120.37676,22.33574],[120.38802,22.34274],[120.38889,22.34741],[120.38849,22.35068],[120.38425,22.35238],[120.37965,22.35599]]],[[[120.64911,22.87697],[120.64794,22.87788],[120.64664,22.88353],[120.64503,22.88518],[120.63438,22.88075],[120.6273,22.87888],[120.62118,22.87569],[120.61563,22.87683],[120.60583,22.87321],[120.59482,22.8633],[120.57425,22.84772],[120.56959,22.84316],[120.5667,22.83836],[120.56357,22.83527],[120.55803,22.8324],[120.55326,22.82841],[120.54803,22.82844],[120.54407,22.8298],[120.53644,22.82927],[120.53401,22.83057],[120.53101,22.83083],[120.52978,22.8317],[120.53058,22.83299],[120.52466,22.83195],[120.52294,22.83294],[120.52011,22.83236],[120.51995,22.83144],[120.51539,22.83152],[120.50999,22.82851],[120.50507,22.83152],[120.4977,22.83172],[120.49631,22.83266],[120.49408,22.83667],[120.49274,22.83729],[120.49147,22.83696],[120.49277,22.8357],[120.49081,22.83527],[120.48422,22.83555],[120.48213,22.83605],[120.48146,22.8376],[120.47881,22.83677],[120.47624,22.83819],[120.47397,22.83672],[120.46876,22.83068],[120.46919,22.82502],[120.46753,22.82235],[120.46736,22.81548],[120.4655,22.81275],[120.46404,22.80029],[120.45744,22.78539],[120.45597,22.78005],[120.45565,22.77442],[120.45381,22.76958],[120.45442,22.76418],[120.45372,22.75596],[120.45601,22.73058],[120.4554,22.71666],[120.4528,22.70417],[120.44883,22.69119],[120.44717,22.68789],[120.44263,22.68456],[120.43966,22.67854],[120.44001,22.67304],[120.43663,22.66502],[120.43606,22.66134],[120.4362,22.64815],[120.43532,22.63973],[120.43591,22.63137],[120.43359,22.62396],[120.43369,22.6176],[120.43462,22.61342],[120.43755,22.60728],[120.44274,22.60335],[120.44547,22.59959],[120.44663,22.59449],[120.44707,22.58697],[120.44206,22.56024],[120.43835,22.55353],[120.43658,22.54756],[120.43088,22.54401],[120.42514,22.52848],[120.42286,22.51846],[120.42366,22.50653],[120.42573,22.49818],[120.42394,22.47996],[120.42444,22.46872],[120.43311,22.46837],[120.43506,22.46449],[120.43601,22.45948],[120.43851,22.45937],[120.43974,22.45681],[120.44708,22.44935],[120.45855,22.43936],[120.47641,22.42894],[120.49558,22.41982],[120.50854,22.41215],[120.51583,22.41111],[120.51755,22.41149],[120.51812,22.41101],[120.51753,22.40899],[120.5496,22.39244],[120.56848,22.38098],[120.57418,22.376],[120.58558,22.36939],[120.59131,22.3643],[120.59016,22.36332],[120.59894,22.35575],[120.60565,22.34021],[120.62029,22.32852],[120.63051,22.31923],[120.63618,22.31278],[120.63755,22.30901],[120.64207,22.30305],[120.64275,22.30162],[120.64271,22.29107],[120.64389,22.29],[120.64413,22.28756],[120.64801,22.28007],[120.65067,22.27167],[120.65046,22.27049],[120.6521,22.26824],[120.65209,22.26567],[120.65056,22.26233],[120.64929,22.25575],[120.65017,22.25238],[120.65791,22.2471],[120.65792,22.24286],[120.66404,22.23928],[120.66601,22.23933],[120.66771,22.23648],[120.67038,22.23519],[120.67188,22.23342],[120.6738,22.2294],[120.67232,22.22754],[120.67277,22.22483],[120.674,22.2232],[120.67676,22.22274],[120.67833,22.21866],[120.6804,22.21683],[120.68037,22.21525],[120.68218,22.21439],[120.68478,22.21046],[120.68579,22.20322],[120.68425,22.20039],[120.68402,22.19698],[120.68554,22.19252],[120.68967,22.18659],[120.69158,22.17763],[120.69109,22.1751],[120.69382,22.17248],[120.69371,22.16793],[120.69547,22.16646],[120.69602,22.15968],[120.6946,22.1574],[120.69609,22.1542],[120.69817,22.15236],[120.69994,22.14833],[120.69801,22.14378],[120.69803,22.13817],[120.6985,22.13682],[120.70206,22.13328],[120.70233,22.12984],[120.70906,22.12276],[120.71058,22.11726],[120.70965,22.11603],[120.71179,22.11462],[120.71311,22.11147],[120.7125,22.10834],[120.71517,22.1065],[120.71587,22.10483],[120.71563,22.09688],[120.71685,22.09325],[120.71539,22.09163],[120.71432,22.09197],[120.71533,22.09156],[120.71452,22.09078],[120.71273,22.09084],[120.70768,22.08793],[120.70132,22.08615],[120.6993,22.08278],[120.70065,22.08012],[120.70334,22.07834],[120.70574,22.07074],[120.70483,22.06785],[120.70597,22.0609],[120.70528,22.05751],[120.70448,22.05605],[120.70223,22.05552],[120.69926,22.05607],[120.69758,22.05499],[120.69442,22.04827],[120.69544,22.04593],[120.69469,22.04334],[120.69644,22.04307],[120.69689,22.04094],[120.69616,22.04061],[120.6954,22.04188],[120.69385,22.04153],[120.69348,22.03983],[120.68715,22.03277],[120.68478,22.02562],[120.69319,22.00759],[120.69383,22.00259],[120.7007,21.996],[120.70469,21.9947],[120.70559,21.99355],[120.70694,21.9875],[120.71007,21.98565],[120.71415,21.97876],[120.71503,21.97114],[120.71153,21.96393],[120.71144,21.95166],[120.70994,21.94148],[120.71058,21.93412],[120.71266,21.93331],[120.71633,21.93487],[120.71907,21.93314],[120.71904,21.92726],[120.72336,21.92147],[120.72681,21.91877],[120.72872,21.91831],[120.73251,21.9191],[120.73401,21.91853],[120.73962,21.91943],[120.73996,21.92664],[120.74339,21.92893],[120.74405,21.93221],[120.74529,21.93243],[120.74572,21.93116],[120.74709,21.93182],[120.74613,21.93275],[120.74685,21.93427],[120.74544,21.93834],[120.74517,21.94273],[120.74603,21.94338],[120.74717,21.94189],[120.74848,21.94181],[120.74903,21.945],[120.74845,21.94947],[120.75114,21.95086],[120.75268,21.95076],[120.75491,21.95382],[120.7533,21.95367],[120.75316,21.95523],[120.7551,21.95643],[120.75583,21.95568],[120.75598,21.95669],[120.75756,21.95739],[120.75799,21.95636],[120.75985,21.9568],[120.76163,21.95894],[120.76645,21.95868],[120.76597,21.95821],[120.77107,21.95153],[120.77421,21.94989],[120.77761,21.94928],[120.78302,21.94354],[120.78473,21.94403],[120.79432,21.94316],[120.79663,21.94218],[120.79916,21.93741],[120.80179,21.93723],[120.80294,21.93984],[120.80423,21.93962],[120.80822,21.9356],[120.81263,21.93354],[120.81956,21.935],[120.82223,21.93436],[120.82373,21.93105],[120.83023,21.92532],[120.83184,21.9248],[120.83449,21.9187],[120.83626,21.91652],[120.84564,21.91442],[120.84662,21.90291],[120.84791,21.89994],[120.85022,21.89732],[120.85325,21.89562],[120.85861,21.8956],[120.86565,21.89874],[120.86689,21.90055],[120.86714,21.90273],[120.86334,21.90559],[120.86202,21.90895],[120.86292,21.91376],[120.86202,21.9189],[120.85956,21.92109],[120.85425,21.92945],[120.84892,21.93381],[120.84874,21.93603],[120.84276,21.94772],[120.84234,21.95132],[120.84295,21.95424],[120.84139,21.95738],[120.84485,21.97032],[120.84452,21.9738],[120.84549,21.97636],[120.84523,21.97803],[120.84422,21.9788],[120.84432,21.98086],[120.84669,21.98715],[120.85159,21.98905],[120.8558,21.98896],[120.86159,21.99081],[120.86729,21.99496],[120.87579,21.99885],[120.87929,22.00573],[120.87823,22.01071],[120.88374,22.01324],[120.88708,22.01645],[120.88715,22.02038],[120.88923,22.02576],[120.90015,22.0326],[120.90126,22.03414],[120.8997,22.03642],[120.90018,22.03679],[120.89859,22.03819],[120.89969,22.03921],[120.89825,22.03914],[120.89393,22.04835],[120.89419,22.05598],[120.89297,22.06798],[120.89408,22.08861],[120.89915,22.09443],[120.89848,22.09461],[120.89823,22.0981],[120.89881,22.10099],[120.90204,22.1053],[120.90084,22.10497],[120.90067,22.1059],[120.89247,22.10974],[120.89171,22.11321],[120.89125,22.11391],[120.89066,22.11351],[120.89071,22.11489],[120.8883,22.11981],[120.88845,22.12206],[120.8875,22.12268],[120.88663,22.12805],[120.88786,22.1333],[120.89106,22.13464],[120.89579,22.13978],[120.89708,22.14343],[120.89256,22.15032],[120.89398,22.15578],[120.89342,22.16041],[120.89209,22.16244],[120.89423,22.17255],[120.89357,22.17542],[120.89396,22.17771],[120.89228,22.18148],[120.89237,22.18542],[120.8907,22.19533],[120.89364,22.19795],[120.89641,22.20348],[120.89662,22.20561],[120.89597,22.20592],[120.8942,22.21645],[120.89417,22.2206],[120.89649,22.22848],[120.89914,22.23037],[120.89848,22.2317],[120.89927,22.23404],[120.8963,22.24643],[120.89206,22.24545],[120.89138,22.2443],[120.88419,22.24071],[120.88051,22.23464],[120.8791,22.23522],[120.87473,22.23425],[120.87153,22.233],[120.87085,22.23139],[120.86867,22.23128],[120.86668,22.22981],[120.86386,22.23114],[120.8622,22.23068],[120.8643,22.23428],[120.86254,22.23674],[120.85901,22.23863],[120.85884,22.24071],[120.85084,22.24366],[120.84465,22.24286],[120.84261,22.24336],[120.8414,22.24456],[120.83961,22.24363],[120.83606,22.24546],[120.83462,22.24537],[120.82591,22.25665],[120.82225,22.25806],[120.8154,22.26322],[120.81391,22.26187],[120.81276,22.26217],[120.80939,22.2607],[120.80802,22.25936],[120.80613,22.25978],[120.79907,22.25716],[120.7979,22.25794],[120.79884,22.25987],[120.79863,22.26384],[120.79958,22.2651],[120.79655,22.26714],[120.79629,22.26992],[120.79798,22.27385],[120.79807,22.27638],[120.80059,22.27735],[120.80678,22.27716],[120.80722,22.28019],[120.80587,22.28118],[120.8057,22.2838],[120.80069,22.28425],[120.7992,22.2854],[120.79322,22.28579],[120.79098,22.28841],[120.79113,22.29065],[120.78977,22.29342],[120.78691,22.29434],[120.78156,22.2946],[120.77775,22.29797],[120.77684,22.30258],[120.77816,22.3085],[120.7832,22.30946],[120.78714,22.30921],[120.79269,22.31215],[120.79659,22.31717],[120.79655,22.31941],[120.7951,22.32257],[120.79341,22.32365],[120.79251,22.3284],[120.79248,22.33562],[120.7897,22.33764],[120.78847,22.34158],[120.78639,22.34224],[120.78473,22.34578],[120.78106,22.34637],[120.77518,22.34935],[120.76952,22.34748],[120.76727,22.34761],[120.76339,22.35279],[120.76299,22.35915],[120.76101,22.36042],[120.75811,22.35942],[120.75555,22.3604],[120.75268,22.3604],[120.74346,22.36726],[120.7445,22.36982],[120.74752,22.37141],[120.74879,22.37325],[120.74863,22.38038],[120.7505,22.38409],[120.75649,22.38838],[120.75215,22.39267],[120.7538,22.39644],[120.75761,22.39818],[120.75536,22.40328],[120.75342,22.40506],[120.75812,22.4049],[120.76322,22.40716],[120.76531,22.40905],[120.76833,22.40863],[120.77058,22.4069],[120.7734,22.40694],[120.77556,22.40966],[120.77703,22.40889],[120.78036,22.40945],[120.78291,22.41121],[120.78344,22.4126],[120.78487,22.41307],[120.78693,22.41614],[120.78964,22.41765],[120.78823,22.41944],[120.78687,22.42518],[120.78477,22.42812],[120.78245,22.4339],[120.78002,22.43743],[120.77648,22.44044],[120.77514,22.4433],[120.77634,22.44996],[120.77193,22.45184],[120.7651,22.45306],[120.75818,22.45852],[120.75461,22.45725],[120.75105,22.45902],[120.75164,22.46422],[120.75457,22.47141],[120.75226,22.47761],[120.75081,22.47916],[120.75746,22.48183],[120.75856,22.48841],[120.76045,22.48853],[120.76368,22.49092],[120.76435,22.49539],[120.76271,22.5011],[120.75848,22.50735],[120.75363,22.51104],[120.75303,22.51839],[120.75132,22.52197],[120.75167,22.52532],[120.74992,22.52936],[120.75002,22.53402],[120.74795,22.53855],[120.74396,22.54311],[120.73949,22.55146],[120.73905,22.55366],[120.73997,22.55839],[120.7397,22.56298],[120.74153,22.56867],[120.74795,22.57108],[120.74879,22.5723],[120.74909,22.57864],[120.74667,22.58401],[120.74581,22.58955],[120.75465,22.60079],[120.75406,22.60855],[120.75288,22.61181],[120.75488,22.61699],[120.75805,22.62309],[120.76124,22.62621],[120.76132,22.63004],[120.76313,22.63114],[120.76425,22.63371],[120.76766,22.63619],[120.76893,22.63885],[120.77199,22.64218],[120.77384,22.64623],[120.78134,22.65455],[120.78622,22.66254],[120.78623,22.67204],[120.79158,22.67944],[120.78927,22.68383],[120.78949,22.68649],[120.7868,22.69291],[120.78913,22.69329],[120.79768,22.6891],[120.80803,22.68919],[120.80911,22.68826],[120.81145,22.69204],[120.81912,22.69103],[120.81887,22.69436],[120.81988,22.6956],[120.82546,22.69571],[120.8287,22.69766],[120.83499,22.69657],[120.83724,22.69735],[120.83829,22.69894],[120.83791,22.70143],[120.83968,22.70395],[120.84024,22.70667],[120.84337,22.70765],[120.84249,22.70984],[120.84453,22.71086],[120.84852,22.71695],[120.85488,22.71755],[120.8584,22.71362],[120.86168,22.7167],[120.86719,22.71689],[120.86942,22.71591],[120.87548,22.71718],[120.87943,22.71607],[120.88375,22.71728],[120.88728,22.72237],[120.88865,22.72729],[120.89144,22.72938],[120.89243,22.73557],[120.89503,22.7386],[120.89564,22.74182],[120.89414,22.74371],[120.89536,22.7482],[120.8941,22.75161],[120.89563,22.75616],[120.89445,22.75914],[120.89482,22.76258],[120.89197,22.7637],[120.89356,22.76678],[120.90021,22.76922],[120.90115,22.77207],[120.90296,22.7735],[120.90382,22.77558],[120.90324,22.78046],[120.90414,22.78358],[120.9017,22.78755],[120.90325,22.79303],[120.90345,22.79928],[120.9009,22.80428],[120.89933,22.80471],[120.89655,22.80797],[120.89399,22.80876],[120.8912,22.81162],[120.88114,22.81451],[120.87716,22.81307],[120.87474,22.81526],[120.87171,22.81479],[120.86863,22.81685],[120.8649,22.82507],[120.86163,22.82666],[120.86456,22.83217],[120.8654,22.83561],[120.864,22.83943],[120.86462,22.84302],[120.86232,22.84713],[120.85943,22.84924],[120.85993,22.85146],[120.85729,22.85268],[120.8562,22.85513],[120.85319,22.85762],[120.84836,22.85195],[120.84385,22.85344],[120.84122,22.85699],[120.84162,22.85891],[120.84028,22.86124],[120.8375,22.86407],[120.83304,22.86627],[120.82904,22.86574],[120.82498,22.86646],[120.82296,22.86572],[120.81909,22.86235],[120.81517,22.86166],[120.81385,22.85959],[120.81366,22.85747],[120.80708,22.85487],[120.80108,22.85103],[120.79335,22.85203],[120.7917,22.84837],[120.7927,22.84112],[120.79021,22.84015],[120.78584,22.8399],[120.78207,22.83646],[120.77871,22.8352],[120.77441,22.83765],[120.77289,22.8411],[120.77154,22.84187],[120.76992,22.84455],[120.76851,22.8452],[120.76609,22.8486],[120.76416,22.84899],[120.76216,22.85681],[120.75877,22.86093],[120.75656,22.86222],[120.75504,22.86468],[120.74926,22.86568],[120.74659,22.86778],[120.7462,22.86943],[120.74242,22.87374],[120.73178,22.87589],[120.72502,22.88083],[120.72051,22.882],[120.71651,22.88087],[120.70826,22.88165],[120.70454,22.88067],[120.70254,22.87924],[120.70137,22.87648],[120.69738,22.87255],[120.69198,22.86845],[120.69054,22.86487],[120.68622,22.86467],[120.68404,22.86352],[120.67897,22.86287],[120.67673,22.85726],[120.67212,22.85635],[120.66989,22.85687],[120.66858,22.85872],[120.6643,22.85881],[120.66091,22.85967],[120.66006,22.86066],[120.65865,22.86607],[120.65967,22.87012],[120.65842,22.87434],[120.65806,22.87971],[120.65677,22.88111],[120.65488,22.88148],[120.65251,22.87969],[120.65103,22.87722],[120.64911,22.87697]]]]}}]}